Date,Adj Close,Close,High,Low,Open,Volume
2014-08-06,64.98339080810547,97.6492691040039,98.9391860961914,97.60003662109375,98.9391860961914,1107
2014-08-07,64.54439544677734,96.98954772949219,97.7378921508789,96.98954772949219,97.69850158691406,6604
2014-08-08,64.87200927734375,97.48188018798828,98.36808013916016,96.9993896484375,97.6492691040039,289
2014-08-11,65.75663757324219,98.8111801147461,98.91948699951172,97.6394271850586,98.91948699951172,743
2014-08-12,65.75663757324219,98.8111801147461,98.8111801147461,98.61424255371094,98.7520980834961,398
2014-08-13,65.59281158447266,98.56501007080078,98.56501007080078,98.22037506103516,98.41731262207031,310
2014-08-14,65.82868194580078,98.91948699951172,98.91948699951172,98.6634750366211,98.7619400024414,457
2014-08-15,65.53380584716797,98.47638702392578,98.91948699951172,98.43700408935547,98.91948699951172,414
2014-08-18,64.54439544677734,96.98954772949219,98.46654510498047,96.98954772949219,98.45669555664062,764
2014-08-19,65.3765640258789,98.24007415771484,98.84071350097656,97.04862213134766,97.04862213134766,1359
2014-08-20,65.6668472290039,98.67627716064453,98.67627716064453,98.30130767822266,98.47892761230469,1202
2014-08-21,65.4698257446289,98.3802490234375,98.67627716064453,98.3802490234375,98.4295883178711,947
2014-08-22,65.4698257446289,98.3802490234375,98.66641235351562,97.68951416015625,98.3802490234375,635
2014-08-25,65.01018524169922,97.68951416015625,98.66641235351562,97.68951416015625,98.3703842163086,997
2014-08-26,64.3469467163086,96.69288635253906,97.68951416015625,95.83440399169922,97.19613647460938,3077
2014-08-27,64.68185424804688,97.19613647460938,98.57759857177734,96.70275115966797,96.70275115966797,3050
2014-08-28,65.33851623535156,98.18289947509766,98.3802490234375,97.32440948486328,97.32440948486328,474
2014-08-29,65.53548431396484,98.47892761230469,98.57759857177734,97.93620300292969,98.18289947509766,2136
2014-09-01,65.66028594970703,98.66641235351562,98.67627716064453,97.95594024658203,98.3703842163086,1479
2014-09-02,65.4698257446289,98.3802490234375,98.67627716064453,98.3802490234375,98.3802490234375,2186
2014-09-03,65.6668472290039,98.67627716064453,98.67627716064453,98.4295883178711,98.4295883178711,484
2014-09-04,65.6668472290039,98.67627716064453,98.92296600341797,98.58747100830078,98.66641235351562,1221
2014-09-05,63.40790557861328,95.28181457519531,97.29480743408203,95.22261047363281,97.29480743408203,16125
2014-09-08,64.02517700195312,96.2093734741211,97.19613647460938,95.71598815917969,97.19613647460938,783
2014-09-09,64.01859283447266,96.19950103759766,96.9494400024414,95.21273803710938,96.9494400024414,2640
2014-09-10,63.775638580322266,95.83440399169922,96.19950103759766,95.77519226074219,95.77519226074219,362
2014-09-11,63.69684982299805,95.71598815917969,96.2093734741211,95.71598815917969,95.85413360595703,1997
2014-09-12,63.76909637451172,95.82453155517578,96.75209045410156,95.71598815917969,95.71598815917969,555
2014-09-15,63.6771240234375,95.68638610839844,96.8902359008789,95.68638610839844,96.8902359008789,1212
2014-09-16,63.69684982299805,95.71598815917969,96.65341186523438,95.71598815917969,96.64354705810547,322
2014-09-17,63.644317626953125,95.63704681396484,95.95281219482422,95.63704681396484,95.72586059570312,648
2014-09-18,64.6424560546875,97.13692474365234,97.18626403808594,96.9494400024414,97.18626403808594,442
2014-09-19,64.35350036621094,96.70275115966797,96.70275115966797,96.70275115966797,96.70275115966797,91
2014-09-22,63.82815933227539,95.91334533691406,96.9494400024414,95.71598815917969,96.9494400024414,586
2014-09-23,64.01859283447266,96.19950103759766,96.19950103759766,95.65678405761719,96.01201629638672,72
2014-09-24,63.36851119995117,95.22261047363281,95.71598815917969,95.22261047363281,95.65678405761719,1206
2014-09-25,63.82815933227539,95.91334533691406,96.19950103759766,95.22261047363281,96.12055969238281,1018
2014-09-26,63.86100387573242,95.96267700195312,95.96267700195312,95.22261047363281,95.40022277832031,291
2014-09-29,64.35350036621094,96.70275115966797,97.68951416015625,95.71598815917969,97.68951416015625,576
2014-09-30,63.69684982299805,95.71598815917969,96.70275115966797,95.22261047363281,96.70275115966797,1958
2014-10-01,63.76250457763672,95.81466674804688,96.69288635253906,95.47916412353516,96.69288635253906,415
2014-10-02,63.69684982299805,95.71598815917969,96.100830078125,95.6173095703125,95.6173095703125,1450
2014-10-03,63.53270721435547,95.46929931640625,95.80479431152344,95.46929931640625,95.80479431152344,646
2014-10-06,62.908851623535156,94.53187561035156,95.71598815917969,94.53187561035156,95.41996002197266,1765
2014-10-07,63.63117599487305,95.6173095703125,95.6173095703125,94.33451843261719,95.58770751953125,393
2014-10-08,63.49983596801758,95.41996002197266,95.6074447631836,94.7292251586914,95.02525329589844,1450
2014-10-09,63.040184020996094,94.7292251586914,95.41009521484375,94.7292251586914,95.40022277832031,2306
2014-10-10,63.23719024658203,95.02525329589844,95.41009521484375,94.74896240234375,94.74896240234375,310
2014-10-13,63.040184020996094,94.7292251586914,94.7292251586914,94.23584747314453,94.7292251586914,1139
2014-10-14,63.49983596801758,95.41996002197266,95.41996002197266,94.84764099121094,95.22261047363281,537
2014-10-15,63.49983596801758,95.41996002197266,95.68638610839844,94.73909759521484,94.73909759521484,1394
2014-10-16,63.959510803222656,96.1106948852539,96.70275115966797,94.7292251586914,96.69288635253906,1187
2014-10-17,63.2306022644043,95.01538848876953,95.02525329589844,94.93644714355469,94.93644714355469,237
2014-10-20,63.040184020996094,94.7292251586914,95.02525329589844,94.7292251586914,95.02525329589844,558
2014-10-21,63.56550598144531,95.51863861083984,95.51863861083984,95.51863861083984,95.51863861083984,265
2014-10-22,62.44916915893555,93.84114074707031,94.75882720947266,93.84114074707031,94.7292251586914,1325
2014-10-23,63.23719024658203,95.02525329589844,95.02525329589844,93.85100555419922,93.85100555419922,1360
2014-10-24,62.45573425292969,93.85100555419922,95.01538848876953,93.85100555419922,94.7292251586914,60
2014-10-27,62.908851623535156,94.53187561035156,94.96604919433594,93.24908447265625,93.74246215820312,898
2014-10-28,62.98108673095703,94.64041900634766,94.97591400146484,93.8904800415039,94.97591400146484,494
2014-10-29,63.69684982299805,95.71598815917969,95.71598815917969,94.55160522460938,94.87724304199219,1098
2014-10-30,63.85445022583008,95.95281219482422,95.95281219482422,94.55160522460938,95.86400604248047,9336
2014-10-31,63.36851119995117,95.22261047363281,95.96267700195312,95.22261047363281,95.96267700195312,2657
2014-11-03,61.726829528808594,92.75569915771484,95.70612335205078,92.45967102050781,95.70612335205078,2216
2014-11-04,63.040184020996094,94.7292251586914,94.7292251586914,92.46954345703125,92.47940826416016,847
2014-11-05,62.967933654785156,94.62068176269531,95.21273803710938,93.74246215820312,95.21273803710938,198
2014-11-06,63.040184020996094,94.7292251586914,94.7292251586914,94.23584747314453,94.7292251586914,1202
2014-11-07,62.71183395385742,94.23584747314453,95.12393188476562,94.23584747314453,95.12393188476562,235
2014-11-10,63.69684982299805,95.71598815917969,95.71598815917969,94.33451843261719,95.21273803710938,5548
2014-11-11,63.690277099609375,95.70612335205078,95.70612335205078,94.24571228027344,94.24571228027344,204
2014-11-12,63.394775390625,95.26207733154297,96.70275115966797,94.7292251586914,96.70275115966797,558
2014-11-13,62.69870376586914,94.21611022949219,96.1698989868164,92.45967102050781,96.1698989868164,1079
2014-11-14,62.56739044189453,94.01876068115234,94.1075668334961,93.05172729492188,94.1075668334961,232
2014-11-17,61.726829528808594,92.75569915771484,94.01876068115234,92.558349609375,93.54511260986328,1327
2014-11-18,61.72029495239258,92.74583435058594,92.75569915771484,91.96629333496094,91.96629333496094,330
2014-11-19,61.0701789855957,91.76893615722656,93.74246215820312,91.76893615722656,92.12417602539062,2528
2014-11-21,61.46417999267578,92.36099243164062,95.70612335205078,91.76893615722656,91.76893615722656,1143
2014-11-24,61.0701789855957,91.76893615722656,92.75569915771484,91.76893615722656,92.558349609375,1010
2014-11-25,61.07672119140625,91.77880859375,92.26232147216797,91.77880859375,92.26232147216797,533
2014-11-26,61.562644958496094,92.5090103149414,92.75569915771484,91.77880859375,91.9564208984375,850
2014-11-27,61.10955047607422,91.82814025878906,92.74583435058594,91.77880859375,92.43006896972656,789
2014-11-28,61.07672119140625,91.77880859375,92.4498062133789,91.77880859375,91.7886734008789,482
2014-12-01,61.726829528808594,92.75569915771484,93.74246215820312,92.75569915771484,92.75569915771484,46556
2014-12-02,62.0551643371582,93.24908447265625,93.24908447265625,92.75569915771484,92.75569915771484,54786
2014-12-03,61.0701789855957,91.76893615722656,92.76557159423828,90.78217315673828,92.76557159423828,4795
2014-12-04,61.726829528808594,92.75569915771484,93.15040588378906,91.76893615722656,91.76893615722656,946
2014-12-05,61.79251480102539,92.85437774658203,92.85437774658203,92.75569915771484,92.75569915771484,640
2014-12-08,61.0701789855957,91.76893615722656,93.25894927978516,91.76893615722656,93.25894927978516,367
2014-12-09,60.643341064453125,91.1275405883789,92.90371704101562,90.80191040039062,92.90371704101562,722
2014-12-10,61.33283233642578,92.16364288330078,92.16364288330078,91.1275405883789,91.61105346679688,699
2014-12-11,61.595516204833984,92.558349609375,92.6274185180664,90.58482360839844,90.83151245117188,516
2014-12-12,61.595516204833984,92.558349609375,92.558349609375,90.78217315673828,90.78217315673828,80
2014-12-15,61.365657806396484,92.21298217773438,92.52874755859375,90.59468841552734,92.52874755859375,399
2014-12-16,61.39853286743164,92.26232147216797,93.24908447265625,91.58145141601562,93.24908447265625,50
2014-12-17,60.74184036254883,91.27555847167969,91.75907135009766,90.2887954711914,90.2887954711914,173
2014-12-18,59.789649963378906,89.8447494506836,90.78217315673828,89.8447494506836,90.78217315673828,100
2014-12-19,59.55986022949219,89.49938201904297,89.8447494506836,89.20335388183594,89.79541015625,672
2014-12-22,59.69116973876953,89.69673919677734,89.69673919677734,88.86785125732422,89.20335388183594,910
2014-12-23,59.43504333496094,89.31189727783203,91.14727783203125,89.31189727783203,90.09143829345703,297
2014-12-26,60.41350173950195,90.78217315673828,91.1768798828125,90.54534912109375,91.1768798828125,752
2014-12-29,60.347843170166016,90.68350219726562,90.68350219726562,89.31189727783203,89.51911926269531,631
2014-12-30,60.41350173950195,90.78217315673828,90.78217315673828,90.68350219726562,90.68350219726562,498
2015-01-02,60.47914505004883,90.88085174560547,90.88085174560547,90.78217315673828,90.78217315673828,180
2015-01-05,60.50543212890625,90.92031860351562,91.76893615722656,90.92031860351562,90.98939514160156,159
2015-01-06,60.6236457824707,91.09793853759766,91.75907135009766,91.08807373046875,91.6702651977539,124
2015-01-07,60.68928146362305,91.19661712646484,91.65052795410156,90.88085174560547,91.07820129394531,1068
2015-01-08,61.0045051574707,91.6702651977539,91.6702651977539,91.27555847167969,91.66039276123047,196
2015-01-09,60.676185607910156,91.1768798828125,91.6702651977539,91.1768798828125,91.27555847167969,365
2015-01-12,60.676185607910156,91.1768798828125,91.1768798828125,90.88085174560547,91.1768798828125,1031
2015-01-13,60.72869873046875,91.25582122802734,92.25244903564453,91.1768798828125,91.1768798828125,843
2015-01-14,61.0701789855957,91.76893615722656,92.26232147216797,91.25582122802734,91.25582122802734,254
2015-01-15,62.04859924316406,93.23921203613281,93.23921203613281,91.1768798828125,92.0057601928711,977
2015-01-16,61.45103073120117,92.34126281738281,94.2259750366211,92.34126281738281,94.21611022949219,214
2015-01-19,62.0551643371582,93.24908447265625,94.7292251586914,92.74583435058594,92.74583435058594,249
2015-01-20,61.726829528808594,92.75569915771484,93.54511260986328,92.3906021118164,92.3906021118164,667
2015-01-21,61.72029495239258,92.74583435058594,93.43656921386719,92.26232147216797,92.79517364501953,356
2015-01-22,61.713714599609375,92.73596954345703,92.75569915771484,92.7260971069336,92.7260971069336,520
2015-01-23,62.25218963623047,93.54511260986328,93.54511260986328,91.47290802001953,92.75569915771484,1121
2015-01-26,61.0701789855957,91.76893615722656,93.98915100097656,91.76893615722656,93.53524017333984,2388
2015-01-27,61.0701789855957,91.76893615722656,91.76893615722656,91.76893615722656,91.76893615722656,0
2015-01-28,61.726829528808594,92.75569915771484,92.75569915771484,92.26232147216797,92.26232147216797,983
2015-01-29,61.39853286743164,92.26232147216797,92.75569915771484,92.26232147216797,92.27218627929688,526
2015-01-30,61.72029495239258,92.74583435058594,92.74583435058594,92.65702056884766,92.74583435058594,273
2015-02-02,64.27469635009766,96.58434295654297,96.70275115966797,92.74583435058594,92.74583435058594,981
2015-02-03,61.726829528808594,92.75569915771484,96.59420776367188,92.75569915771484,96.59420776367188,1840
2015-02-04,61.982940673828125,93.14054107666016,93.24908447265625,92.26232147216797,93.24908447265625,2459
2015-02-05,61.72029495239258,92.74583435058594,93.15040588378906,92.27218627929688,93.14054107666016,2068
2015-02-06,61.0701789855957,91.76893615722656,92.75569915771484,91.76893615722656,92.75569915771484,1363
2015-02-09,62.0551643371582,93.24908447265625,93.24908447265625,91.86761474609375,92.25244903564453,228
2015-02-10,61.726829528808594,92.75569915771484,93.24908447265625,92.26232147216797,93.24908447265625,711
2015-02-11,61.726829528808594,92.75569915771484,92.85437774658203,91.76893615722656,92.85437774658203,1287
2015-02-12,61.726829528808594,92.75569915771484,92.75569915771484,92.5090103149414,92.73596954345703,596
2015-02-13,61.726829528808594,92.75569915771484,92.75569915771484,92.3906021118164,92.74583435058594,927
2015-02-18,61.726829528808594,92.75569915771484,92.85437774658203,91.86761474609375,92.85437774658203,1378
2015-02-19,61.713714599609375,92.73596954345703,92.74583435058594,92.7260971069336,92.74583435058594,215
2015-02-20,61.72029495239258,92.74583435058594,92.74583435058594,92.26232147216797,92.26232147216797,496
2015-02-23,61.72029495239258,92.74583435058594,92.74583435058594,92.28205871582031,92.73596954345703,838
2015-02-24,60.7484016418457,91.2854232788086,92.74583435058594,91.2854232788086,92.74583435058594,396
2015-02-25,60.74184036254883,91.27555847167969,92.75569915771484,90.78217315673828,92.75569915771484,995
2015-02-26,61.0701789855957,91.76893615722656,92.6076889038086,91.27555847167969,91.27555847167969,1121
2015-02-27,61.39853286743164,92.26232147216797,92.6076889038086,91.29529571533203,92.6076889038086,543
2015-03-02,60.90597152709961,91.52224731445312,92.25244903564453,91.52224731445312,91.77880859375,953
2015-03-03,61.39853286743164,92.26232147216797,92.63729095458984,91.57158660888672,92.0649642944336,730
2015-03-04,61.0701789855957,91.76893615722656,92.74583435058594,91.76893615722656,92.27218627929688,2310
2015-03-05,61.0701789855957,91.76893615722656,92.53861236572266,91.76893615722656,91.76893615722656,344
2015-03-06,61.0373420715332,91.71959686279297,92.53861236572266,91.71959686279297,92.53861236572266,733
2015-03-09,61.0373420715332,91.71959686279297,92.5484848022461,91.71959686279297,92.5484848022461,822
2015-03-10,61.05703353881836,91.74920654296875,92.5484848022461,91.74920654296875,92.26232147216797,569
2015-03-11,61.70716857910156,92.7260971069336,92.7260971069336,91.71959686279297,92.25244903564453,258
2015-03-12,61.46417999267578,92.36099243164062,92.7260971069336,92.36099243164062,92.4498062133789,802
2015-03-13,61.46417999267578,92.36099243164062,92.71623229980469,92.36099243164062,92.36099243164062,2095
2015-03-16,61.46417999267578,92.36099243164062,92.71623229980469,92.36099243164062,92.37086486816406,406
2015-03-17,61.713714599609375,92.73596954345703,92.75569915771484,91.71959686279297,92.41033172607422,847
2015-03-18,61.687435150146484,92.69649505615234,92.73596954345703,92.26232147216797,92.73596954345703,667
2015-03-19,61.726829528808594,92.75569915771484,93.2293472290039,92.73596954345703,92.73596954345703,3182
2015-03-20,61.726829528808594,92.75569915771484,93.23921203613281,92.37086486816406,93.23921203613281,272
2015-03-23,60.93881607055664,91.57158660888672,92.37086486816406,91.57158660888672,92.37086486816406,2141
2015-03-24,59.76997375488281,89.81514739990234,91.62092590332031,89.81514739990234,91.62092590332031,2366
2015-03-25,61.385372161865234,92.24258422851562,92.73596954345703,90.78217315673828,90.78217315673828,2663
2015-03-26,60.74184036254883,91.27555847167969,92.25244903564453,91.07820129394531,92.15377807617188,1076
2015-03-27,61.0701789855957,91.76893615722656,91.96629333496094,90.78217315673828,91.9564208984375,989
2015-03-30,61.66115951538086,92.65702056884766,92.65702056884766,90.88085174560547,91.76893615722656,821
2015-03-31,61.46417999267578,92.36099243164062,92.45967102050781,92.26232147216797,92.26232147216797,157
2015-04-01,60.676185607910156,91.1768798828125,92.65702056884766,91.1275405883789,92.65702056884766,344
2015-04-02,61.39853286743164,92.26232147216797,92.53861236572266,91.2854232788086,92.53861236572266,99
2015-04-06,61.26715850830078,92.0649642944336,92.0649642944336,91.37422943115234,91.76893615722656,625
2015-04-07,61.26715850830078,92.0649642944336,92.0649642944336,91.57158660888672,91.76893615722656,1035
2015-04-08,60.912567138671875,91.53211212158203,92.65702056884766,91.47290802001953,92.26232147216797,2098
2015-04-09,61.0701789855957,91.76893615722656,92.42020416259766,91.54198455810547,91.77880859375,1753
2015-04-10,61.726829528808594,92.75569915771484,92.75569915771484,90.91045379638672,91.77880859375,2898
2015-04-13,61.595516204833984,92.558349609375,92.74583435058594,91.45317077636719,92.74583435058594,910
2015-04-14,61.08329391479492,91.7886734008789,92.73596954345703,91.7886734008789,92.7260971069336,1649
2015-04-15,61.94353485107422,93.08132934570312,93.43656921386719,92.07483673095703,92.41033172607422,4056
2015-04-16,61.437904357910156,92.32152557373047,93.15040588378906,92.26232147216797,93.15040588378906,1403
2015-04-17,61.726829528808594,92.75569915771484,92.90371704101562,92.74583435058594,92.74583435058594,545
2015-04-20,62.0551643371582,93.24908447265625,93.24908447265625,92.74583435058594,92.74583435058594,1292
2015-04-22,62.38352584838867,93.74246215820312,93.74246215820312,92.86424255371094,93.23921203613281,1705
2015-04-23,63.040184020996094,94.7292251586914,94.91670989990234,93.74246215820312,93.74246215820312,617
2015-04-24,62.646183013916016,94.13716888427734,94.7193603515625,93.06159973144531,94.33451843261719,814
2015-04-27,62.86941909790039,94.47267150878906,94.47267150878906,93.74246215820312,93.74246215820312,667
2015-04-28,62.521400451660156,93.9496841430664,94.23584747314453,93.74246215820312,94.23584747314453,548
2015-04-29,62.908851623535156,94.53187561035156,94.53187561035156,93.74246215820312,93.9496841430664,1363
2015-04-30,62.646183013916016,94.13716888427734,94.13716888427734,93.75233459472656,93.75233459472656,4569
2015-05-04,63.69684982299805,95.71598815917969,95.71598815917969,94.08782958984375,94.13716888427734,2912
2015-05-05,63.36851119995117,95.22261047363281,95.70612335205078,95.22261047363281,95.70612335205078,344
2015-05-06,63.434165954589844,95.32128143310547,95.71598815917969,94.7292251586914,95.41996002197266,3556
2015-05-07,63.1715202331543,94.92658233642578,95.70612335205078,94.8377685546875,95.70612335205078,1821
2015-05-08,63.18463897705078,94.9463119506836,95.6074447631836,94.9463119506836,95.6074447631836,511
2015-05-11,63.54581069946289,95.4890365600586,95.5087661743164,95.01538848876953,95.5087661743164,1416
2015-05-12,63.10581588745117,94.8279037475586,95.6173095703125,94.13716888427734,95.4989013671875,6265
2015-05-13,63.63117599487305,95.6173095703125,95.6173095703125,94.93644714355469,95.41996002197266,1989
2015-05-14,63.434165954589844,95.32128143310547,95.6074447631836,94.93644714355469,95.6074447631836,4184
2015-05-15,63.434165954589844,95.32128143310547,95.32128143310547,94.9463119506836,95.30155181884766,2772
2015-05-18,63.36851119995117,95.22261047363281,95.6173095703125,93.75233459472656,95.28181457519531,1111
2015-05-19,63.05987548828125,94.75882720947266,95.6074447631836,94.75882720947266,95.6074447631836,754
2015-05-20,63.1715202331543,94.92658233642578,95.10419464111328,94.7193603515625,95.10419464111328,399
2015-05-21,63.040184020996094,94.7292251586914,94.91670989990234,94.33451843261719,94.91670989990234,1109
2015-05-22,62.67900466918945,94.18650817871094,94.7292251586914,93.9398193359375,94.7292251586914,1481
2015-05-25,63.040184020996094,94.7292251586914,94.7292251586914,94.53187561035156,94.7193603515625,361
2015-05-26,62.51482391357422,93.9398193359375,94.7193603515625,93.9398193359375,94.63054656982422,660
2015-05-27,63.040184020996094,94.7292251586914,94.7292251586914,94.23584747314453,94.7193603515625,789
2015-05-28,62.908851623535156,94.53187561035156,94.7292251586914,94.44306182861328,94.7193603515625,1318
2015-05-29,62.97450256347656,94.63054656982422,95.02525329589844,94.53187561035156,94.63054656982422,1119
2015-06-01,63.099273681640625,94.81803131103516,95.01538848876953,94.46279907226562,95.01538848876953,1442
2015-06-02,63.69684982299805,95.71598815917969,97.58097076416016,94.6700210571289,94.7292251586914,2715
2015-06-03,63.46699523925781,95.37062072753906,95.71598815917969,94.9463119506836,95.07459259033203,920
2015-06-05,63.434165954589844,95.32128143310547,95.70612335205078,95.02525329589844,95.03512573242188,719
2015-06-08,63.618045806884766,95.59757995605469,95.67652130126953,94.74896240234375,95.52850341796875,1416
2015-06-09,63.69684982299805,95.71598815917969,95.71598815917969,95.36075592041016,95.70612335205078,910
2015-06-10,63.69684982299805,95.71598815917969,95.71598815917969,95.32128143310547,95.71598815917969,4474
2015-06-11,63.12554931640625,94.85750579833984,95.70612335205078,94.7884292602539,95.70612335205078,3462
2015-06-12,62.84975051879883,94.44306182861328,95.41996002197266,94.44306182861328,94.86737060546875,4062
2015-06-15,63.69684982299805,95.71598815917969,95.71598815917969,94.44306182861328,94.44306182861328,6101
2015-06-16,63.302860260009766,95.12393188476562,95.71598815917969,94.23584747314453,95.71598815917969,1092
2015-06-17,63.4276237487793,95.31141662597656,95.91334533691406,94.73909759521484,94.73909759521484,787
2015-06-18,63.04673767089844,94.73909759521484,95.89360809326172,94.73909759521484,95.71598815917969,2723
2015-06-19,63.89384078979492,96.01201629638672,96.01201629638672,94.7292251586914,95.70612335205078,3888
2015-06-22,64.35350036621094,96.70275115966797,96.70275115966797,95.70612335205078,95.70612335205078,201
2015-06-23,63.775638580322266,95.83440399169922,96.50540161132812,95.71598815917969,95.81466674804688,981
2015-06-24,63.434165954589844,95.32128143310547,96.2093734741211,95.23247528076172,96.2093734741211,3369
2015-06-25,63.70340347290039,95.72586059570312,96.19950103759766,95.71598815917969,95.71598815917969,1211
2015-06-26,60.406944274902344,90.77230834960938,91.26568603515625,86.8449935913086,90.77230834960938,7965
2015-06-29,56.48006057739258,84.87146759033203,90.2887954711914,84.86160278320312,90.2887954711914,7291
2015-06-30,57.45848083496094,86.34174346923828,89.30203247070312,84.86160278320312,86.7364501953125,2070
2015-07-01,57.13015365600586,85.84835815429688,87.03247833251953,85.84835815429688,85.85823059082031,6272
2015-07-02,57.19583511352539,85.94703674316406,87.31864166259766,85.35498046875,86.8449935913086,2652
2015-07-03,56.598236083984375,85.04907989501953,85.84835815429688,84.90106964111328,85.84835815429688,1025
2015-07-06,55.829959869384766,83.89456939697266,85.15762329101562,83.89456939697266,85.15762329101562,5989
2015-07-07,55.81683349609375,83.87483978271484,83.93404388427734,83.0854263305664,83.93404388427734,5326
2015-07-08,56.63765335083008,85.10829162597656,85.10829162597656,82.89794158935547,83.15449523925781,1794
2015-07-10,56.01381301879883,84.17086791992188,85.2957763671875,84.17086791992188,84.85173034667969,1087
2015-07-13,55.9547119140625,84.0820541381836,84.20046997070312,83.66761779785156,84.18073272705078,1382
2015-07-14,55.81683349609375,83.87483978271484,84.23993682861328,83.38145446777344,83.40119171142578,5165
2015-07-15,56.07948684692383,84.26953887939453,84.26953887939453,83.9241714477539,84.0228500366211,880
2015-07-16,56.01381301879883,84.17086791992188,84.26953887939453,83.67748260498047,83.72682189941406,1394
2015-07-17,56.01381301879883,84.17086791992188,85.65100860595703,84.07218933105469,84.17086791992188,1280
2015-07-20,55.948143005371094,84.07218933105469,85.49312591552734,82.92754364013672,84.17086791992188,1155
2015-07-21,56.0203857421875,84.18073272705078,85.49312591552734,83.9735107421875,84.07218933105469,1595
2015-07-22,58.115150451660156,87.32850646972656,87.32850646972656,84.86160278320312,85.63127136230469,770
2015-07-23,58.1217041015625,87.33837127685547,88.4632797241211,87.33837127685547,87.39757537841797,572
2015-07-24,57.78681564331055,86.83512115478516,88.25606536865234,86.8055191040039,88.25606536865234,1932
2015-07-27,58.50914001464844,87.92056274414062,88.7889175415039,86.83512115478516,86.83512115478516,1114
2015-07-28,57.78681564331055,86.83512115478516,87.20022583007812,86.83512115478516,87.14102172851562,900
2015-07-29,58.115150451660156,87.32850646972656,87.81201934814453,86.83512115478516,86.8647232055664,1266
2015-07-30,58.115150451660156,87.32850646972656,87.82188415527344,87.32850646972656,87.32850646972656,312
2015-07-31,57.98384475708008,87.13114929199219,87.32850646972656,86.83512115478516,86.83512115478516,1326
2015-08-03,57.45848083496094,86.34174346923828,88.31526947021484,86.34174346923828,87.81201934814453,842
2015-08-04,57.78681564331055,86.83512115478516,88.19685363769531,86.83512115478516,88.19685363769531,640
2015-08-05,57.45848083496094,86.34174346923828,87.80215454101562,85.84835815429688,86.8548583984375,5012
2015-08-06,57.45848083496094,86.34174346923828,86.34174346923828,85.35498046875,86.09505462646484,4978
2015-08-07,57.13015365600586,85.84835815429688,86.34174346923828,85.3648452758789,85.3648452758789,1056
2015-08-10,57.45848083496094,86.34174346923828,86.34174346923828,85.87796020507812,85.87796020507812,173
2015-08-11,57.76057434082031,86.795654296875,86.82525634765625,86.34174346923828,86.34174346923828,183
2015-08-12,58.706172943115234,88.21659088134766,88.21659088134766,86.37134552001953,86.795654296875,1143
2015-08-13,57.78681564331055,86.83512115478516,87.82188415527344,85.37471771240234,86.34174346923828,2874
2015-08-14,59.01478958129883,88.68036651611328,88.68036651611328,87.47651672363281,88.1869888305664,3468
2015-08-17,59.03450012207031,88.70997619628906,88.70997619628906,85.4043197631836,88.67050170898438,1728
2015-08-18,50.51749801635742,75.91165924072266,75.91165924072266,74.00720977783203,75.8228530883789,2497
2015-08-19,49.906795501708984,74.99397277832031,77.94438934326172,74.99397277832031,75.78337860107422,864
2015-08-20,51.41714096069336,77.2635269165039,79.73043060302734,75.56629180908203,77.4411392211914,1892
2015-08-21,50.2417106628418,75.49722290039062,77.46087646484375,75.19132232666016,76.16822052001953,3613
2015-08-24,50.123504638671875,75.3196029663086,76.47411346435547,75.03343963623047,75.03343963623047,2225
2015-08-25,50.56346130371094,75.9807357788086,77.4312744140625,75.53668975830078,75.97086334228516,1660
2015-08-26,51.22013854980469,76.96749877929688,77.4411392211914,75.9807357788086,75.9807357788086,978
2015-08-27,51.21357727050781,76.95762634277344,77.2635269165039,76.47411346435547,76.7701416015625,2822
2015-08-28,51.54191207885742,77.45101165771484,77.45101165771484,76.56292724609375,76.92802429199219,4407
2015-08-31,50.891815185546875,76.47411346435547,78.9212875366211,76.47411346435547,77.45101165771484,7421
2015-09-01,51.83741760253906,77.89505004882812,77.89505004882812,76.8786849975586,77.86544799804688,219
2015-09-02,51.469661712646484,77.34246826171875,77.83584594726562,75.9807357788086,77.4312744140625,720
2015-09-03,50.497806549072266,75.8820571899414,76.96749877929688,75.29000091552734,76.18795776367188,2434
2015-09-04,50.16948318481445,75.38867950439453,75.69457244873047,75.29000091552734,75.48735046386719,761
2015-09-08,50.235137939453125,75.48735046386719,75.68470764160156,74.93476867675781,75.68470764160156,730
2015-09-09,50.10380554199219,75.29000091552734,76.95762634277344,75.2603988647461,75.68470764160156,508
2015-09-10,49.578460693359375,74.5005874633789,75.2801284790039,74.03681182861328,75.2603988647461,3813
2015-09-11,49.578460693359375,74.5005874633789,76.90829467773438,74.5005874633789,74.5005874633789,120
2015-09-14,48.92179489135742,73.51382446289062,74.99397277832031,73.51382446289062,74.48085021972656,1811
2015-09-15,49.578460693359375,74.5005874633789,76.16822052001953,73.89866638183594,74.20455932617188,672
2015-09-16,49.25013732910156,74.00720977783203,74.40191650390625,74.00720977783203,74.40191650390625,686
2015-09-17,49.25013732910156,74.00720977783203,74.5005874633789,73.02044677734375,74.01707458496094,897
2015-09-18,49.085968017578125,73.76051330566406,74.25389862060547,73.76051330566406,74.25389862060547,222
2015-09-21,49.25013732910156,74.00720977783203,74.00720977783203,73.76051330566406,73.76051330566406,1018
2015-09-22,48.92179489135742,73.51382446289062,73.84932708740234,72.83296203613281,73.7802505493164,253
2015-09-23,48.9020881652832,73.48422241210938,73.50395965576172,72.03368377685547,73.50395965576172,792
2015-09-24,47.38520431518555,71.20480346679688,73.02044677734375,71.07652282714844,71.08638763427734,1050
2015-09-25,47.608463287353516,71.54029846191406,73.40528106689453,71.18506622314453,73.40528106689453,1014
2015-09-28,48.65913391113281,73.1191177368164,73.40528106689453,72.04354858398438,72.05342102050781,978
2015-09-29,48.84954833984375,73.40528106689453,73.40528106689453,73.1191177368164,73.28687286376953,308
2015-09-30,49.25013732910156,74.00720977783203,74.00720977783203,73.31647491455078,73.41515350341797,688
2015-10-01,49.184471130371094,73.90853118896484,74.00720977783203,73.90853118896484,74.00720977783203,166
2015-10-02,48.593467712402344,73.02044677734375,73.51382446289062,71.04692077636719,71.54029846191406,2399
2015-10-05,47.28013610839844,71.04692077636719,72.51719665527344,71.04692077636719,71.47122955322266,3836
2015-10-06,47.148807525634766,70.84956359863281,71.04692077636719,69.3990249633789,71.04692077636719,2065
2015-10-07,47.93022537231445,72.02381134033203,72.02381134033203,70.9383773803711,70.9383773803711,420
2015-10-08,47.93022537231445,72.02381134033203,72.02381134033203,71.04692077636719,71.04692077636719,35
2015-10-09,47.45741653442383,71.31334686279297,73.9973373413086,71.06665802001953,73.9973373413086,132
2015-10-13,47.45741653442383,71.31334686279297,71.31334686279297,71.31334686279297,71.31334686279297,0
2015-10-14,48.2323112487793,72.47772979736328,73.0007095336914,71.29360961914062,71.31334686279297,636
2015-10-15,48.00246810913086,72.13236236572266,73.50395965576172,72.11262512207031,72.52706146240234,214
2015-10-16,47.01747512817383,70.65221405029297,73.49408721923828,70.65221405029297,72.13236236572266,2700
2015-10-19,47.41146469116211,71.24427032470703,72.73428344726562,71.04692077636719,72.72441864013672,642
2015-10-20,48.527801513671875,72.92176818847656,73.31647491455078,71.5501708984375,72.01394653320312,1143
2015-10-21,48.00246810913086,72.13236236572266,73.38554382324219,71.5008316040039,73.38554382324219,621
2015-10-22,48.06810760498047,72.23103332519531,72.36917877197266,71.5008316040039,71.5008316040039,549
2015-10-23,47.28013610839844,71.04692077636719,72.2803726196289,70.68181610107422,70.68181610107422,822
2015-10-26,48.100982666015625,72.2803726196289,72.2803726196289,71.04692077636719,71.0567855834961,618
2015-10-27,47.35237121582031,71.15546417236328,72.2803726196289,71.14559936523438,72.2803726196289,801
2015-10-28,46.95178985595703,70.55353546142578,72.02381134033203,70.45486450195312,71.15546417236328,1
2015-10-29,47.28013610839844,71.04692077636719,71.04692077636719,69.07339477539062,69.87267303466797,1735
2015-10-30,47.28013610839844,71.04692077636719,71.04692077636719,69.07339477539062,69.09313201904297,291
2015-11-03,46.32796859741211,69.6161117553711,71.53043365478516,69.46810150146484,69.46810150146484,283
2015-11-04,47.28013610839844,71.04692077636719,71.04692077636719,69.64571380615234,69.64571380615234,183
2015-11-05,46.62345886230469,70.0601577758789,71.03704833984375,69.5667724609375,71.03704833984375,2578
2015-11-06,46.75479507446289,70.25750732421875,71.03704833984375,70.25750732421875,70.26737976074219,526
2015-11-09,47.923675537109375,72.01394653320312,72.01394653320312,70.0601577758789,70.07002258300781,606
2015-11-10,46.68912887573242,70.1588363647461,71.04692077636719,70.1588363647461,71.04692077636719,122
2015-11-11,46.65629196166992,70.1094970703125,71.93500518798828,70.0601577758789,70.1588363647461,950
2015-11-12,47.148807525634766,70.84956359863281,71.91526794433594,70.36605072021484,71.82646179199219,583
2015-11-13,47.21445846557617,70.9482421875,71.16532897949219,70.85943603515625,70.9482421875,590
2015-11-16,47.5953369140625,71.52056884765625,71.54029846191406,71.04692077636719,71.54029846191406,399
2015-11-17,47.805458068847656,71.8363265991211,71.93500518798828,71.54029846191406,71.54029846191406,421
2015-11-18,47.93679428100586,72.03368377685547,72.03368377685547,69.57664489746094,71.51069641113281,563
2015-11-19,47.60190200805664,71.53043365478516,72.03368377685547,69.72465515136719,71.8363265991211,3087
2015-11-23,47.28013610839844,71.04692077636719,71.53043365478516,70.35618591308594,71.53043365478516,1219
2015-11-24,47.93679428100586,72.03368377685547,72.03368377685547,70.55353546142578,71.03704833984375,434
2015-11-25,47.148807525634766,70.84956359863281,71.04692077636719,70.84956359863281,71.03704833984375,405
2015-11-26,47.01747512817383,70.65221405029297,72.02381134033203,70.65221405029297,72.02381134033203,91
2015-11-27,49.184471130371094,73.90853118896484,73.90853118896484,70.55353546142578,72.02381134033203,607
2015-11-30,49.17790985107422,73.89866638183594,73.89866638183594,70.13909912109375,73.89866638183594,743
2015-12-01,47.64130401611328,71.58963775634766,73.55329895019531,71.58963775634766,71.68831634521484,1565
2015-12-02,47.148807525634766,70.84956359863281,72.03368377685547,70.57327270507812,71.0567855834961,3019
2015-12-03,46.82047653198242,70.35618591308594,71.93500518798828,70.35618591308594,71.93500518798828,2800
2015-12-04,46.1243896484375,69.31021881103516,70.85943603515625,69.31021881103516,70.85943603515625,954
2015-12-07,46.032474517822266,69.17207336425781,71.01731872558594,69.17207336425781,70.54367065429688,2261
2015-12-08,46.0652961730957,69.22140502929688,70.54367065429688,69.10299682617188,69.10299682617188,964
2015-12-09,46.16378402709961,69.36942291259766,70.54367065429688,69.13259887695312,69.36942291259766,481
2015-12-10,46.16378402709961,69.36942291259766,70.2279052734375,68.87604522705078,69.12273406982422,534
2015-12-11,44.994911193847656,67.61298370361328,69.37928771972656,67.61298370361328,69.37928771972656,3576
2015-12-14,44.009925842285156,66.13284301757812,69.07339477539062,66.13284301757812,67.09986877441406,1767
2015-12-15,44.653465270996094,67.09986877441406,69.05365753173828,66.626220703125,67.09986877441406,4584
2015-12-16,42.35511016845703,63.64619827270508,65.34342956542969,63.64619827270508,65.1263427734375,5504
2015-12-17,42.68345260620117,64.13957977294922,67.09986877441406,63.054141998291016,63.15281677246094,464
2015-12-18,45.31013488769531,68.08663177490234,69.07339477539062,61.672672271728516,64.63296508789062,599
2015-12-21,45.303565979003906,68.07676696777344,68.07676696777344,66.21178436279297,68.07676696777344,90
2015-12-22,44.25945281982422,66.5078125,66.60648345947266,63.15281677246094,64.66256713867188,661
2015-12-23,44.653465270996094,67.09986877441406,67.59324645996094,65.52104949951172,65.52104949951172,3188
2015-12-28,43.996788024902344,66.11310577392578,68.03729248046875,66.11310577392578,67.83007049560547,1061
2015-12-29,42.02677917480469,63.15281677246094,65.0177993774414,62.86665725708008,64.16918182373047,533
2015-12-30,41.39637756347656,62.20552444458008,67.09000396728516,62.195655822753906,67.09000396728516,1232
2016-01-04,43.996788024902344,66.11310577392578,66.11310577392578,64.04090118408203,64.04090118408203,107
2016-01-05,42.02677917480469,63.15281677246094,65.1362075805664,63.15281677246094,65.1263427734375,104
2016-01-06,42.35511016845703,63.64619827270508,63.64619827270508,62.6594352722168,62.67917251586914,1432
2016-01-07,41.39637756347656,62.20552444458008,62.758113861083984,62.20552444458008,62.6594352722168,517
2016-01-08,41.89544677734375,62.95546340942383,62.95546340942383,62.195655822753906,62.22526168823242,3538
2016-01-11,41.39637756347656,62.20552444458008,62.6594352722168,62.195655822753906,62.195655822753906,1302
2016-01-12,41.89544677734375,62.95546340942383,62.95546340942383,62.856788635253906,62.856788635253906,219
2016-01-13,41.39637756347656,62.20552444458008,62.46208190917969,62.20552444458008,62.46208190917969,279
2016-01-14,40.72001647949219,61.18915939331055,62.264732360839844,61.18915939331055,62.20552444458008,1071
2016-01-15,40.38511276245117,60.685909271240234,62.9061279296875,60.202396392822266,61.179290771484375,4955
2016-01-18,39.334442138671875,59.10708999633789,59.69914627075195,59.10708999633789,59.649810791015625,796
2016-01-19,39.23594284057617,58.959075927734375,59.20576477050781,58.959075927734375,58.959075927734375,561
2016-01-20,38.08677291870117,57.232242584228516,59.00841522216797,57.232242584228516,58.959075927734375,936
2016-01-21,38.08677291870117,57.232242584228516,57.232242584228516,54.76533508300781,56.0086555480957,2032
2016-01-22,39.20310592651367,58.90973663330078,58.90973663330078,57.73548889160156,57.82429885864258,63
2016-01-26,38.08677291870117,57.232242584228516,58.21900177001953,54.469303131103516,58.21900177001953,573
2016-01-27,39.1374397277832,58.81106185913086,58.899871826171875,57.72562026977539,58.899871826171875,180
2016-01-28,37.23310852050781,55.94944763183594,57.72562026977539,55.761962890625,55.761962890625,704
2016-01-29,37.036109924316406,55.653419494628906,57.232242584228516,55.653419494628906,55.94944763183594,907
2016-02-01,39.20310592651367,58.90973663330078,58.90973663330078,55.752098083496094,57.30131530761719,1649
2016-02-02,37.35130310058594,56.12706756591797,57.232242584228516,55.95931625366211,57.232242584228516,399
2016-02-03,37.036109924316406,55.653419494628906,57.21250534057617,55.653419494628906,56.561241149902344,912
2016-02-04,39.17027282714844,58.86039733886719,58.87026596069336,56.0579948425293,58.87026596069336,1001
2016-02-05,37.29876708984375,56.048126220703125,58.11045837402344,56.048126220703125,58.11045837402344,771
2016-02-10,37.43010711669922,56.245479583740234,56.245479583740234,54.97255325317383,55.46593475341797,638
2016-02-11,37.43010711669922,56.245479583740234,56.245479583740234,55.66328811645508,56.22574234008789,621
2016-02-12,37.43010711669922,56.245479583740234,56.245479583740234,56.245479583740234,56.245479583740234,91
2016-02-15,36.93761444091797,55.50540542602539,55.7027587890625,54.28181838989258,55.7027587890625,734
2016-02-16,36.44510269165039,54.76533508300781,57.232242584228516,53.30492401123047,53.30492401123047,474
2016-02-17,37.889766693115234,56.93621063232422,56.93621063232422,54.27195358276367,54.666656494140625,700
2016-02-18,37.416969299316406,56.22574234008789,56.531639099121094,56.22574234008789,56.531639099121094,36
2016-02-19,37.42353439331055,56.23561096191406,56.23561096191406,55.25871658325195,55.25871658325195,330
2016-02-22,35.85410690307617,53.87724685668945,57.232242584228516,53.87724685668945,56.71912384033203,3711
2016-02-23,35.46009063720703,53.28519058227539,54.804805755615234,53.27532196044922,53.8969841003418,2770
2016-02-24,35.52576446533203,53.38386535644531,55.071231842041016,53.38386535644531,54.864009857177734,300
2016-02-25,37.10177230834961,55.752098083496094,55.752098083496094,54.27195358276367,54.27195358276367,291
2016-02-26,38.67777633666992,58.12032699584961,58.12032699584961,55.26858139038086,58.11045837402344,312
2016-02-29,38.67777633666992,58.12032699584961,58.12032699584961,57.96244430541992,57.96244430541992,407
2016-03-01,38.11961364746094,57.281578063964844,58.31768035888672,56.8375358581543,58.30781173706055,321
2016-03-02,39.340999603271484,59.11695861816406,59.11695861816406,57.291446685791016,58.25847244262695,1481
2016-03-03,38.41510009765625,57.72562026977539,59.20576477050781,57.72562026977539,58.71238327026367,506
2016-03-04,39.96485900878906,60.05438232421875,61.1694221496582,57.72562026977539,59.20576477050781,3579
2016-03-07,39.07176971435547,58.71238327026367,59.98530960083008,57.76509475708008,59.98530960083008,572
2016-03-08,39.07176971435547,58.71238327026367,58.71238327026367,57.73548889160156,58.71238327026367,306
2016-03-09,38.74344253540039,58.21900177001953,58.702518463134766,56.275081634521484,58.702518463134766,946
2016-03-10,39.32786178588867,59.09722137451172,59.09722137451172,58.21900177001953,58.21900177001953,214
2016-03-11,39.157135009765625,58.84066390991211,60.192527770996094,58.71238327026367,59.68928146362305,1368
2016-03-14,40.71345138549805,61.179290771484375,61.179290771484375,58.91960525512695,58.91960525512695,2878
2016-03-15,42.01365280151367,63.13308334350586,63.13308334350586,59.225502014160156,60.685909271240234,4136
2016-03-16,38.57926940917969,57.972312927246094,59.20576477050781,57.774959564208984,57.774959564208984,719
2016-03-17,39.07176971435547,58.71238327026367,59.20576477050781,58.71238327026367,58.959075927734375,3150
2016-03-18,39.40011978149414,59.20576477050781,60.38001251220703,58.81106185913086,60.38001251220703,890
2016-03-21,39.07176971435547,58.71238327026367,60.172794342041016,57.9229736328125,60.172794342041016,778
2016-03-22,38.87477111816406,58.41635513305664,59.195899963378906,55.67315673828125,58.51503372192383,2703
2016-03-23,38.264076232910156,57.4986686706543,58.465694427490234,57.47893142700195,58.41635513305664,1360
2016-03-24,38.54643630981445,57.9229736328125,59.186031341552734,57.9229736328125,58.21900177001953,1700
2016-03-28,38.74344253540039,58.21900177001953,59.195899963378906,57.9229736328125,59.195899963378906,367
2016-03-29,38.87477111816406,58.41635513305664,58.41635513305664,58.41635513305664,58.41635513305664,140
2016-03-30,38.74344253540039,58.21900177001953,58.21900177001953,57.972312927246094,58.21900177001953,333
2016-03-31,38.74344253540039,58.21900177001953,58.21900177001953,58.12032699584961,58.21900177001953,507
2016-04-01,38.74344253540039,58.21900177001953,58.21900177001953,57.972312927246094,58.209136962890625,125
2016-04-04,38.08677291870117,57.232242584228516,58.21900177001953,57.00528335571289,58.21900177001953,846
2016-04-05,38.408546447753906,57.715755462646484,57.72562026977539,56.995418548583984,57.72562026977539,694
2016-04-06,37.75843048095703,56.73885726928711,57.715755462646484,56.73885726928711,57.34078598022461,859
2016-04-07,36.773433685302734,55.25871658325195,56.73885726928711,54.27195358276367,56.73885726928711,5852
2016-04-08,36.248104095458984,54.469303131103516,55.752098083496094,54.45943832397461,55.24884796142578,4590
2016-04-11,36.320350646972656,54.577850341796875,55.25871658325195,54.341026306152344,54.577850341796875,4824
2016-04-12,36.248104095458984,54.469303131103516,55.25871658325195,54.469303131103516,54.666656494140625,2932
2016-04-13,36.248104095458984,54.469303131103516,57.222373962402344,54.469303131103516,54.47917175292969,2004
2016-04-14,36.12333679199219,54.28181838989258,55.6435546875,54.28181838989258,55.061363220214844,1817
2016-04-15,35.85410690307617,53.87724685668945,57.222373962402344,53.2950553894043,54.76533508300781,5964
2016-04-18,35.46009063720703,53.28519058227539,55.22911071777344,53.28519058227539,53.887115478515625,1428
2016-04-19,35.5914192199707,53.482540130615234,53.75883483886719,51.42020797729492,53.28519058227539,925
2016-04-20,34.54732131958008,51.91358947753906,53.28519058227539,51.726104736328125,53.28519058227539,4870
2016-04-22,34.836265563964844,52.3477668762207,54.666656494140625,52.308292388916016,52.79180908203125,1191
2016-04-25,34.810001373291016,52.308292388916016,53.2950553894043,52.308292388916016,53.26545333862305,1345
2016-04-26,34.80342483520508,52.29842758178711,53.26545333862305,52.29842758178711,52.80167770385742,2216
2016-04-27,35.46009063720703,53.28519058227539,55.752098083496094,52.683265686035156,52.69313049316406,1943
2016-04-28,35.47322082519531,53.30492401123047,54.07460021972656,52.59445571899414,53.77857208251953,2119
2016-04-29,34.829708099365234,52.33789825439453,53.28519058227539,52.29842758178711,52.79180908203125,2733
2016-05-02,34.80342483520508,52.29842758178711,53.28519058227539,52.29842758178711,52.69313049316406,1618
2016-05-03,34.14676284790039,51.31166458129883,52.29842758178711,51.0156364440918,52.29842758178711,4041
2016-05-04,34.08108901977539,51.212989807128906,52.249088287353516,51.11431121826172,51.11431121826172,2839
2016-05-05,34.356895446777344,51.62742614746094,53.225982666015625,51.31166458129883,52.249088287353516,3561
2016-05-06,35.328765869140625,53.08783721923828,53.08783721923828,51.81491470336914,52.28855895996094,3011
2016-05-09,35.23025894165039,52.939823150634766,53.27532196044922,52.49577713012695,52.49577713012695,2542
2016-05-10,35.98542785644531,54.07460021972656,54.27195358276367,52.3477668762207,52.939823150634766,2409
2016-05-11,37.43010711669922,56.245479583740234,56.245479583740234,54.27195358276367,54.27195358276367,2742
2016-05-12,38.080204010009766,57.222373962402344,57.222373962402344,56.245479583740234,56.245479583740234,1330
2016-05-13,38.60552978515625,58.011783599853516,58.475563049316406,57.13356399536133,57.232242584228516,3628
2016-05-16,38.08677291870117,57.232242584228516,58.12032699584961,57.13356399536133,57.232242584228516,2470
2016-05-17,37.54830551147461,56.423095703125,57.222373962402344,56.423095703125,56.93621063232422,1530
2016-05-18,37.43010711669922,56.245479583740234,56.541507720947266,54.76533508300781,56.423095703125,2044
2016-05-19,37.10177230834961,55.752098083496094,56.245479583740234,54.844276428222656,56.245479583740234,575
2016-05-20,37.633670806884766,56.55137252807617,56.55137252807617,54.99229049682617,56.541507720947266,733
2016-05-23,37.633670806884766,56.55137252807617,56.55137252807617,55.36725997924805,55.821170806884766,1082
2016-05-24,37.633670806884766,56.55137252807617,56.55137252807617,55.48567199707031,56.541507720947266,249
2016-05-25,37.62710189819336,56.541507720947266,56.55137252807617,55.2883186340332,55.416595458984375,3281
2016-05-27,36.90476608276367,55.4560661315918,56.541507720947266,55.36725997924805,56.541507720947266,1441
2016-05-30,37.42353439331055,56.23561096191406,56.245479583740234,55.554744720458984,55.554744720458984,725
2016-05-31,36.90476608276367,55.4560661315918,56.23561096191406,55.4560661315918,56.23561096191406,676
2016-06-01,37.43010711669922,56.245479583740234,56.55137252807617,56.245479583740234,56.55137252807617,1387
2016-06-02,37.43010711669922,56.245479583740234,56.55137252807617,55.761962890625,56.55137252807617,1049
2016-06-03,36.91133117675781,55.46593475341797,56.22574234008789,55.4560661315918,55.752098083496094,2058
2016-06-06,36.97043228149414,55.554744720458984,55.752098083496094,55.554744720458984,55.752098083496094,1252
2016-06-07,37.09520721435547,55.74222946166992,56.245479583740234,55.554744720458984,55.554744720458984,2671
2016-06-08,37.06893539428711,55.7027587890625,55.94944763183594,55.653419494628906,55.74222946166992,1429
2016-06-09,37.036109924316406,55.653419494628906,56.23561096191406,55.160037994384766,56.23561096191406,2239
2016-06-10,37.036109924316406,55.653419494628906,56.20600509643555,54.982421875,56.20600509643555,967
2016-06-13,36.773433685302734,55.25871658325195,56.55137252807617,55.24884796142578,55.6435546875,3188
2016-06-14,36.84566879272461,55.36725997924805,56.334285736083984,55.30805206298828,55.554744720458984,2360
2016-06-15,37.10177230834961,55.752098083496094,56.334285736083984,55.36725997924805,55.36725997924805,1669
2016-06-16,36.44510269165039,54.76533508300781,55.554744720458984,54.27195358276367,55.25871658325195,2539
2016-06-17,35.78843688964844,53.77857208251953,53.81804275512695,53.1865119934082,53.81804275512695,1565
2016-06-20,36.44510269165039,54.76533508300781,55.25871658325195,54.27195358276367,55.25871658325195,955
2016-06-21,36.44510269165039,54.76533508300781,55.061363220214844,54.27195358276367,54.27195358276367,700
2016-06-22,36.64209747314453,55.061363220214844,55.100833892822266,54.23248291015625,54.27195358276367,1195
2016-06-23,36.12989807128906,54.29168701171875,54.666656494140625,54.27195358276367,54.65679168701172,1129
2016-06-24,36.215267181396484,54.41996765136719,54.65679168701172,54.28181838989258,54.65679168701172,1200
2016-06-27,36.37942886352539,54.666656494140625,55.061363220214844,54.666656494140625,54.666656494140625,848
2016-06-28,36.313785552978516,54.5679817199707,54.95281982421875,54.27195358276367,54.27195358276367,585
2016-06-29,34.14676284790039,51.31166458129883,53.482540130615234,47.3646125793457,53.482540130615234,12470
2016-06-30,33.496665954589844,50.33477020263672,51.7951774597168,50.12754821777344,51.31166458129883,2583
2016-07-01,34.44225311279297,51.755706787109375,51.755706787109375,51.064971923828125,51.31166458129883,468
2016-07-04,33.719932556152344,50.67026901245117,52.762203216552734,50.67026901245117,51.755706787109375,2104
2016-07-05,34.14676284790039,51.31166458129883,52.29842758178711,50.62092971801758,52.29842758178711,690
2016-07-06,33.94976043701172,51.0156364440918,51.10444259643555,50.32490158081055,50.976165771484375,975
2016-07-07,32.3080940246582,48.548728942871094,51.0156364440918,48.361244201660156,51.0156364440918,3573
2016-07-08,32.3080940246582,48.548728942871094,50.226226806640625,48.4993896484375,48.548728942871094,4758
2016-07-11,32.63642120361328,49.042110443115234,49.338138580322266,48.548728942871094,48.8546257019043,3364
2016-07-12,32.373748779296875,48.647403717041016,49.67363739013672,48.647403717041016,49.03224182128906,2380
2016-07-13,32.34092330932617,48.59806442260742,49.140785217285156,48.558597564697266,49.140785217285156,2220
2016-07-14,32.50509262084961,48.844757080078125,49.140785217285156,47.887596130371094,48.83488845825195,2979
2016-07-15,32.31465530395508,48.558597564697266,48.94343185424805,47.857994079589844,48.8546257019043,3994
2016-07-18,31.38875961303711,47.167259216308594,47.857994079589844,47.01924514770508,47.404083251953125,4216
2016-07-19,31.506959915161133,47.344879150390625,47.3646125793457,46.446922302246094,47.3646125793457,1657
2016-07-20,31.59231948852539,47.4731559753418,47.56196594238281,47.167259216308594,47.35474395751953,6889
2016-07-21,31.520092010498047,47.3646125793457,47.857994079589844,46.96990966796875,47.3646125793457,5878
2016-07-22,31.447858810424805,47.25606918334961,47.3646125793457,46.683746337890625,47.35474395751953,7205
2016-07-25,31.513530731201172,47.35474395751953,48.8644905090332,46.51599884033203,47.857994079589844,5437
2016-07-26,31.96660804748535,48.03561019897461,48.05534744262695,46.56533432006836,47.35474395751953,6007
2016-07-27,32.76774215698242,49.239463806152344,49.328269958496094,48.0257453918457,48.03561019897461,3085
2016-07-28,32.1439323425293,48.30203628540039,49.22959518432617,48.30203628540039,49.22959518432617,3395
2016-07-29,32.83342361450195,49.338138580322266,49.535491943359375,48.351375579833984,48.351375579833984,3591
2016-08-01,32.63642120361328,49.042110443115234,49.328269958496094,48.903961181640625,49.328269958496094,1742
2016-08-02,32.22928237915039,48.43031692504883,49.081581115722656,48.351375579833984,49.042110443115234,2824
2016-08-03,32.22271728515625,48.420448303222656,49.28879928588867,47.857994079589844,48.45991897583008,2385
2016-08-04,31.96660804748535,48.03561019897461,49.338138580322266,47.867862701416016,48.420448303222656,3693
2016-08-05,32.76774215698242,49.239463806152344,49.239463806152344,48.03561019897461,48.03561019897461,900
2016-08-08,32.69552993774414,49.130916595458984,49.22959518432617,48.548728942871094,49.22959518432617,1856
2016-08-09,32.83342361450195,49.338138580322266,49.338138580322266,48.647403717041016,49.22959518432617,1719
2016-08-10,32.83342361450195,49.338138580322266,49.367740631103516,48.351375579833984,49.338138580322266,2310
2016-08-11,32.47882843017578,48.8052864074707,49.328269958496094,48.75594711303711,49.328269958496094,40
2016-08-12,32.83342361450195,49.338138580322266,49.338138580322266,48.903961181640625,49.328269958496094,468
2016-08-15,32.24242401123047,48.450050354003906,49.51575469970703,47.87773132324219,49.38747787475586,3510
2016-08-16,32.63642120361328,49.042110443115234,49.338138580322266,47.4139518737793,48.34150695800781,2284
2016-08-17,32.82027816772461,49.31840133666992,49.338138580322266,47.857994079589844,49.042110443115234,3137
2016-08-18,32.83342361450195,49.338138580322266,49.338138580322266,48.351375579833984,48.844757080078125,2402
2016-08-19,32.17675018310547,48.351375579833984,49.31840133666992,48.351375579833984,48.361244201660156,1324
2016-08-22,32.76774215698242,49.239463806152344,49.31840133666992,48.351375579833984,48.361244201660156,1401
2016-08-23,32.82027816772461,49.31840133666992,49.338138580322266,48.410579681396484,49.170387268066406,3014
2016-08-24,32.22271728515625,48.420448303222656,49.328269958496094,48.420448303222656,49.328269958496094,2042
2016-08-25,32.82685470581055,49.328269958496094,49.328269958496094,48.380977630615234,49.31840133666992,5349
2016-08-26,32.83342361450195,49.338138580322266,49.338138580322266,48.903961181640625,49.31840133666992,1707
2016-08-29,32.774322509765625,49.24932861328125,49.338138580322266,49.042110443115234,49.239463806152344,974
2016-08-30,32.83342361450195,49.338138580322266,49.338138580322266,48.677005767822266,49.338138580322266,3440
2016-08-31,32.83342361450195,49.338138580322266,49.338138580322266,48.677005767822266,49.338138580322266,286
2016-09-01,32.83342361450195,49.338138580322266,49.338138580322266,48.677005767822266,49.338138580322266,678
2016-09-02,32.964752197265625,49.535491943359375,49.565093994140625,48.844757080078125,49.328269958496094,3526
2016-09-05,32.82027816772461,49.31840133666992,49.31840133666992,48.94343185424805,48.99277114868164,652
2016-09-06,32.83342361450195,49.338138580322266,49.535491943359375,49.19012451171875,49.308536529541016,1585
2016-09-08,32.76774215698242,49.239463806152344,49.43681335449219,49.15065383911133,49.328269958496094,2497
2016-09-09,32.83342361450195,49.338138580322266,49.38747787475586,49.15065383911133,49.328269958496094,1426
2016-09-12,33.14862060546875,49.81178665161133,49.81178665161133,48.94343185424805,49.28879928588867,1114
2016-09-13,34.6064453125,52.00239944458008,52.278690338134766,49.45655059814453,49.91046142578125,286
2016-09-14,35.46009063720703,53.28519058227539,53.28519058227539,50.32490158081055,51.91358947753906,1426
2016-09-15,33.601715087890625,50.492652893066406,53.28519058227539,50.492652893066406,53.26545333862305,735
2016-09-16,33.188018798828125,49.87099075317383,50.315032958984375,49.831520080566406,49.831520080566406,611
2016-09-19,34.507930755615234,51.85438537597656,51.90372085571289,51.696502685546875,51.76557540893555,1148
2016-09-20,34.61299514770508,52.012264251708984,52.29842758178711,51.212989807128906,51.31166458129883,246
2016-09-21,34.53419494628906,51.89385223388672,52.78194046020508,51.17351531982422,52.29842758178711,669
2016-09-22,34.54732131958008,51.91358947753906,52.732601165771484,51.31166458129883,51.88398742675781,1380
2016-09-23,34.80342483520508,52.29842758178711,52.59445571899414,51.81491470336914,52.022132873535156,1466
2016-09-26,34.67208480834961,52.10107421875,52.59445571899414,52.022132873535156,52.58458709716797,884
2016-09-27,34.92164611816406,52.476043701171875,52.49577713012695,52.29842758178711,52.29842758178711,456
2016-09-28,34.80342483520508,52.29842758178711,52.69313049316406,52.19975280761719,52.19975280761719,1727
2016-09-29,35.131771087646484,52.79180908203125,52.79180908203125,52.308292388916016,52.69313049316406,658
2016-09-30,35.19743347167969,52.89048385620117,53.03849792480469,52.209617614746094,52.79180908203125,148
2016-10-03,34.80342483520508,52.29842758178711,52.89048385620117,52.29842758178711,52.880615234375,1175
2016-10-04,34.810001373291016,52.308292388916016,52.98916244506836,52.19975280761719,52.308292388916016,6737
2016-10-05,35.00042724609375,52.59445571899414,52.683265686035156,52.43657302856445,52.43657302856445,1272
2016-10-06,34.810001373291016,52.308292388916016,52.59445571899414,52.308292388916016,52.58458709716797,851
2016-10-07,34.810001373291016,52.308292388916016,52.58458709716797,52.308292388916016,52.308292388916016,1958
2016-10-10,34.869102478027344,52.39710235595703,52.5747184753418,52.22935485839844,52.308292388916016,1388
2016-10-11,34.80342483520508,52.29842758178711,52.683265686035156,52.29842758178711,52.59445571899414,2219
2016-10-13,35.00042724609375,52.59445571899414,52.59445571899414,52.32802963256836,52.59445571899414,464
2016-10-14,35.00042724609375,52.59445571899414,52.59445571899414,52.58458709716797,52.58458709716797,868
2016-10-17,35.05952835083008,52.683265686035156,52.79180908203125,52.29842758178711,52.60432434082031,2705
2016-10-18,34.87565231323242,52.4069709777832,52.69313049316406,52.29842758178711,52.49577713012695,1185
2016-10-19,35.00042724609375,52.59445571899414,52.643795013427734,52.308292388916016,52.308292388916016,1506
2016-10-20,35.19086456298828,52.880615234375,52.89048385620117,52.29842758178711,52.49577713012695,3221
2016-10-21,35.19743347167969,52.89048385620117,52.89048385620117,52.42670440673828,52.89048385620117,860
2016-10-24,35.19086456298828,52.880615234375,52.89048385620117,52.4069709777832,52.89048385620117,1106
2016-10-25,34.80342483520508,52.29842758178711,52.89048385620117,52.29842758178711,52.5155143737793,6589
2016-10-26,34.80342483520508,52.29842758178711,52.98916244506836,52.29842758178711,52.308292388916016,4633
2016-10-27,35.00042724609375,52.59445571899414,52.880615234375,52.29842758178711,52.880615234375,294
2016-10-28,34.87565231323242,52.4069709777832,54.27195358276367,52.4069709777832,52.69313049316406,4520
2016-10-31,34.836265563964844,52.3477668762207,52.42670440673828,52.29842758178711,52.42670440673828,2717
2016-11-01,35.00042724609375,52.59445571899414,52.59445571899414,52.29842758178711,52.29842758178711,1169
2016-11-03,34.96759033203125,52.54511642456055,53.76870346069336,52.29842758178711,52.61418914794922,1239
2016-11-04,35.0135612487793,52.61418914794922,53.28519058227539,52.29842758178711,52.55498504638672,1340
2016-11-07,35.06609344482422,52.69313049316406,54.25221633911133,52.54511642456055,52.54511642456055,3118
2016-11-08,35.131771087646484,52.79180908203125,53.28519058227539,52.29842758178711,52.702999114990234,3012
2016-11-09,34.87565231323242,52.4069709777832,53.27532196044922,52.29842758178711,52.4069709777832,1858
2016-11-10,34.88222885131836,52.416839599609375,53.25558853149414,52.416839599609375,52.416839599609375,239
2016-11-11,34.80342483520508,52.29842758178711,53.28519058227539,52.29842758178711,52.416839599609375,2042
2016-11-14,34.80342483520508,52.29842758178711,53.27532196044922,52.29842758178711,53.27532196044922,741
2016-11-16,34.80342483520508,52.29842758178711,53.47267532348633,52.29842758178711,52.308292388916016,1585
2016-11-17,34.678672790527344,52.11094284057617,53.07796859741211,52.051734924316406,52.29842758178711,918
2016-11-18,34.84281921386719,52.35763168334961,53.27532196044922,52.32802963256836,53.27532196044922,89
2016-11-21,34.80342483520508,52.29842758178711,52.79180908203125,52.29842758178711,52.36750030517578,870
2016-11-22,34.869102478027344,52.39710235595703,52.69313049316406,52.39710235595703,52.56485366821289,634
2016-11-23,34.80342483520508,52.29842758178711,52.79180908203125,52.29842758178711,52.683265686035156,4161
2016-11-24,34.93475341796875,52.49577713012695,53.27532196044922,52.28855895996094,52.78194046020508,874
2016-11-25,35.295928955078125,53.03849792480469,53.1766471862793,52.4069709777832,52.55498504638672,525
2016-11-28,35.144893646240234,52.81154251098633,53.27532196044922,52.49577713012695,53.1766471862793,1069
2016-11-29,35.295928955078125,53.03849792480469,53.03849792480469,53.03849792480469,53.03849792480469,9
2016-11-30,35.46009063720703,53.28519058227539,53.28519058227539,52.85101318359375,53.03849792480469,432
2016-12-01,34.94789505004883,52.5155143737793,53.28519058227539,52.5155143737793,53.27532196044922,1486
2016-12-02,35.46009063720703,53.28519058227539,53.28519058227539,53.27532196044922,53.27532196044922,77
2016-12-05,35.46009063720703,53.28519058227539,53.28519058227539,52.80167770385742,53.28519058227539,567
2016-12-06,35.46009063720703,53.28519058227539,53.28519058227539,52.81154251098633,53.27532196044922,1054
2016-12-07,36.12989807128906,54.29168701171875,54.29168701171875,52.19975280761719,52.8214111328125,2861
2016-12-08,35.39443588256836,53.1865119934082,53.26545333862305,52.49577713012695,53.196380615234375,857
2016-12-09,35.381309509277344,53.166778564453125,53.1865119934082,52.58458709716797,53.1865119934082,659
2016-12-12,34.48166275024414,51.81491470336914,52.702999114990234,50.33477020263672,52.702999114990234,12601
2016-12-13,34.70492935180664,52.150413513183594,52.643795013427734,51.81491470336914,52.643795013427734,578
2016-12-14,34.619564056396484,52.022132873535156,52.63392639160156,51.80504608154297,51.82477951049805,118
2016-12-15,35.0201416015625,52.62405776977539,52.65365982055664,51.84451675415039,52.00239944458008,1347
2016-12-16,34.67208480834961,52.10107421875,53.25558853149414,52.10107421875,53.25558853149414,512
2016-12-19,34.93475341796875,52.49577713012695,53.14704132080078,52.29842758178711,52.29842758178711,703
2016-12-20,35.46666717529297,53.2950553894043,55.752098083496094,53.14704132080078,53.14704132080078,1190
2016-12-21,35.46009063720703,53.28519058227539,53.28519058227539,53.28519058227539,53.28519058227539,525
2016-12-22,36.477928161621094,54.81467056274414,54.81467056274414,53.28519058227539,53.28519058227539,245
2016-12-23,37.39726638793945,56.19614028930664,56.23561096191406,55.25871658325195,56.23561096191406,595
2016-12-26,37.43010711669922,56.245479583740234,56.245479583740234,53.53187942504883,56.19614028930664,793
2016-12-27,37.43010711669922,56.245479583740234,56.245479583740234,55.25871658325195,55.25871658325195,404
2016-12-28,38.41510009765625,57.72562026977539,57.72562026977539,56.23561096191406,56.23561096191406,1484
2016-12-29,38.408546447753906,57.715755462646484,57.72562026977539,56.73885726928711,56.73885726928711,1005
2017-01-02,38.408546447753906,57.715755462646484,57.715755462646484,55.752098083496094,57.715755462646484,760
2017-01-03,38.382266998291016,57.67628479003906,57.715755462646484,56.768463134765625,57.70588684082031,1457
2017-01-04,38.382266998291016,57.67628479003906,57.67628479003906,56.798065185546875,57.66641616821289,1619
2017-01-05,38.74344253540039,58.21900177001953,58.732120513916016,57.232242584228516,57.6170768737793,1285
2017-01-06,39.47234344482422,59.314308166503906,59.86689758300781,58.2288703918457,58.71238327026367,1377
2017-01-09,40.37198257446289,60.666175842285156,61.1694221496582,59.906368255615234,59.906368255615234,616
2017-01-10,40.910457611083984,61.47532272338867,61.96870040893555,61.47532272338867,61.56412887573242,4459
2017-01-11,40.227516174316406,60.4490852355957,62.106849670410156,60.192527770996094,61.47532272338867,2713
2017-01-12,42.059627532958984,63.20215606689453,64.12971496582031,61.66280746459961,62.156185150146484,6774
2017-01-13,42.223785400390625,63.44884490966797,64.12971496582031,63.35017013549805,64.11984252929688,1205
2017-01-16,42.67031478881836,64.11984252929688,64.11984252929688,63.44884490966797,64.11984252929688,1497
2017-01-17,42.348533630371094,63.636329650878906,64.11984252929688,62.166053771972656,64.11984252929688,1513
2017-01-18,41.8494758605957,62.886390686035156,64.2382583618164,62.87652587890625,64.2382583618164,204
2017-01-19,41.92827224731445,63.00480270385742,63.15281677246094,62.985069274902344,62.99493408203125,261
2017-01-20,41.698448181152344,62.6594352722168,63.00480270385742,60.15305709838867,63.00480270385742,1665
2017-01-23,42.02020263671875,63.142948150634766,63.64619827270508,61.10034942626953,61.48518753051758,1750
2017-01-24,42.617794036865234,64.04090118408203,64.04090118408203,62.166053771972656,63.537654876708984,2881
2017-01-26,42.68345260620117,64.13957977294922,69.07339477539062,63.65606689453125,64.03103637695312,3271
2017-01-27,44.975215911865234,67.58338165283203,67.93861389160156,64.25799560546875,67.93861389160156,1176
2017-01-30,45.9602165222168,69.06352233886719,69.07339477539062,66.12297058105469,66.12297058105469,911
2017-01-31,45.31013488769531,68.08663177490234,69.06352233886719,67.20841217041016,69.06352233886719,1162
2017-02-01,44.98178482055664,67.59324645996094,69.03392028808594,67.09986877441406,67.59324645996094,688
2017-02-02,45.31013488769531,68.08663177490234,68.47146606445312,67.09986877441406,67.59324645996094,625
2017-02-03,45.56623077392578,68.47146606445312,68.47146606445312,67.44523620605469,67.60311889648438,397
2017-02-06,44.06245040893555,66.21178436279297,68.46160125732422,66.21178436279297,68.46160125732422,857
2017-02-07,44.98178482055664,67.59324645996094,67.59324645996094,66.5768814086914,66.5768814086914,519
2017-02-08,43.996788024902344,66.11310577392578,67.61298370361328,64.13957977294922,67.61298370361328,6053
2017-02-09,45.31013488769531,68.08663177490234,68.08663177490234,66.11310577392578,66.11310577392578,3879
2017-02-10,44.98178482055664,67.59324645996094,67.59324645996094,66.75450134277344,67.00119018554688,1195
2017-02-13,45.31013488769531,68.08663177490234,68.08663177490234,66.11310577392578,66.90251922607422,2130
2017-02-14,45.38892364501953,68.20503997802734,68.20503997802734,67.59324645996094,68.06689453125,1424
2017-02-15,46.55778884887695,69.96147918701172,70.0601577758789,67.8892822265625,68.34319305419922,5697
2017-02-16,45.44145202636719,68.28398132324219,69.66545104980469,67.09986877441406,69.66545104980469,2276
2017-02-17,45.638450622558594,68.58000946044922,70.0601577758789,68.08663177490234,69.97135162353516,580
2017-02-20,45.8748664855957,68.93524932861328,69.06352233886719,68.19517517089844,68.19517517089844,404
2017-02-21,45.966793060302734,69.07339477539062,69.07339477539062,68.29385375976562,68.95498657226562,957
2017-02-22,46.62345886230469,70.0601577758789,70.0601577758789,68.58000946044922,68.58988189697266,1564
2017-02-23,45.80263137817383,68.82670593261719,69.08325958251953,68.7773666381836,69.08325958251953,121
2017-02-24,46.61032485961914,70.04042053222656,70.05028533935547,69.06352233886719,70.05028533935547,891
2017-03-01,45.8354606628418,68.87604522705078,70.0601577758789,68.87604522705078,70.0601577758789,1940
2017-03-02,45.8354606628418,68.87604522705078,69.4384994506836,68.87604522705078,68.88591003417969,266
2017-03-03,45.966793060302734,69.07339477539062,70.04042053222656,68.88591003417969,68.97471618652344,1060
2017-03-06,46.29513168334961,69.5667724609375,69.5667724609375,68.39252471923828,68.7773666381836,1746
2017-03-07,45.9011116027832,68.97471618652344,69.5569076538086,68.44186401367188,69.5569076538086,319
2017-03-08,46.603759765625,70.03055572509766,70.03055572509766,69.07339477539062,69.08325958251953,507
2017-03-09,45.966793060302734,69.07339477539062,70.02068328857422,69.04379272460938,70.02068328857422,1167
2017-03-10,45.9011116027832,68.97471618652344,70.02068328857422,68.97471618652344,69.05365753173828,410
2017-03-13,45.966793060302734,69.07339477539062,69.5569076538086,68.98458862304688,69.5569076538086,71
2017-03-14,46.29513168334961,69.5667724609375,69.5667724609375,68.98458862304688,68.98458862304688,1100
2017-03-15,46.0981330871582,69.27074432373047,70.04042053222656,69.27074432373047,69.5667724609375,477
2017-03-16,45.638450622558594,68.58000946044922,68.97471618652344,68.08663177490234,68.97471618652344,382
2017-03-17,44.98178482055664,67.59324645996094,68.58000946044922,67.59324645996094,68.57014465332031,791
2017-03-20,44.751949310302734,67.24788665771484,67.59324645996094,65.1362075805664,67.58338165283203,1166
2017-03-21,42.02677917480469,63.15281677246094,67.21827697753906,63.15281677246094,67.21827697753906,3967
2017-03-22,42.03334045410156,63.16268539428711,63.64619827270508,62.166053771972656,63.15281677246094,1151
2017-03-23,42.68345260620117,64.13957977294922,64.13957977294922,63.39950942993164,63.39950942993164,2787
2017-03-24,42.68345260620117,64.13957977294922,64.13957977294922,63.38964080810547,64.13957977294922,3230
2017-03-27,42.617794036865234,64.04090118408203,64.13957977294922,63.65606689453125,64.12971496582031,1858
2017-03-28,42.68345260620117,64.13957977294922,64.13957977294922,63.75474166870117,64.08037567138672,2913
2017-03-29,42.68345260620117,64.13957977294922,64.13957977294922,63.16268539428711,63.735008239746094,686
2017-03-30,42.68345260620117,64.13957977294922,64.13957977294922,64.12971496582031,64.13957977294922,76
2017-03-31,42.6768913269043,64.12971496582031,64.12971496582031,64.03103637695312,64.12971496582031,137
2017-04-03,41.83634948730469,62.86665725708008,64.03103637695312,62.86665725708008,64.03103637695312,361
2017-04-04,41.3701171875,62.166053771972656,62.886390686035156,62.166053771972656,62.86665725708008,1679
2017-04-05,42.68345260620117,64.13957977294922,64.13957977294922,62.166053771972656,62.66930389404297,2196
2017-04-06,42.02677917480469,63.15281677246094,64.04090118408203,62.95546340942383,62.95546340942383,457
2017-04-07,42.02677917480469,63.15281677246094,63.15281677246094,63.15281677246094,63.15281677246094,0
2017-04-10,41.698448181152344,62.6594352722168,64.03103637695312,61.72201156616211,62.649566650390625,5722
2017-04-11,41.42264938354492,62.2449951171875,62.71864318847656,62.23512649536133,62.6594352722168,120
2017-04-12,41.041778564453125,61.672672271728516,62.83705139160156,61.672672271728516,62.6594352722168,709
2017-04-13,41.041778564453125,61.672672271728516,62.23512649536133,61.672672271728516,62.21539306640625,382
2017-04-17,42.02677917480469,63.15281677246094,63.15281677246094,60.79445266723633,61.69240951538086,2977
2017-04-18,41.27161407470703,62.01803970336914,63.142948150634766,61.179290771484375,61.179290771484375,535
2017-04-19,40.779109954833984,61.27796936035156,62.62983322143555,60.3898811340332,62.01803970336914,476
2017-04-20,40.1881103515625,60.3898811340332,62.067378997802734,59.89649963378906,62.067378997802734,1806
2017-04-24,40.65434646606445,61.090484619140625,61.1595573425293,59.89649963378906,59.95570755004883,1517
2017-04-25,40.05021286010742,60.18265914916992,61.090484619140625,59.89649963378906,61.090484619140625,936
2017-04-26,39.69561004638672,59.649810791015625,59.709014892578125,59.40311813354492,59.69914627075195,4516
2017-04-27,39.72188186645508,59.68928146362305,59.68928146362305,59.09722137451172,59.649810791015625,3141
2017-04-28,39.75470733642578,59.738616943359375,60.685909271240234,59.412986755371094,59.68928146362305,8557
2017-05-02,39.800682067871094,59.80769348144531,60.67604446411133,59.7188835144043,59.74848556518555,843
2017-05-03,40.05677795410156,60.192527770996094,61.1595573425293,59.79782485961914,59.80769348144531,1238
2017-05-04,40.22093963623047,60.4392204284668,60.4392204284668,60.3898811340332,60.429351806640625,5670
2017-05-05,40.20780563354492,60.41948318481445,60.4392204284668,60.192527770996094,60.429351806640625,1055
2017-05-08,40.22093963623047,60.4392204284668,60.4392204284668,60.192527770996094,60.40961837768555,5162
2017-05-09,40.05677795410156,60.192527770996094,61.1694221496582,60.192527770996094,60.4392204284668,350
2017-05-10,40.0896110534668,60.24186706542969,61.1694221496582,60.24186706542969,61.1694221496582,81
2017-05-11,40.680606842041016,61.12995529174805,61.179290771484375,60.685909271240234,61.1694221496582,283
2017-05-12,41.041778564453125,61.672672271728516,62.05751037597656,61.47532272338867,62.05751037597656,459
2017-05-15,41.304447174072266,62.067378997802734,62.067378997802734,60.685909271240234,61.66280746459961,911
2017-05-16,40.71345138549805,61.179290771484375,61.317440032958984,60.853660583496094,61.179290771484375,2089
2017-05-17,41.534278869628906,62.41274642944336,62.41274642944336,60.685909271240234,60.883262634277344,883
2017-05-18,39.79411697387695,59.79782485961914,60.192527770996094,59.69914627075195,60.192527770996094,3994
2017-05-19,41.50145721435547,62.363407135009766,62.363407135009766,59.79782485961914,59.79782485961914,105
2017-05-22,40.12245178222656,60.29120635986328,62.166053771972656,59.79782485961914,62.166053771972656,1089
2017-05-23,39.72843551635742,59.69914627075195,61.1694221496582,59.69914627075195,60.685909271240234,1649
2017-05-24,41.114009857177734,61.78121566772461,61.78121566772461,59.709014892578125,59.709014892578125,878
2017-05-25,40.38511276245117,60.685909271240234,61.7713508605957,60.192527770996094,61.1694221496582,375
2017-05-26,41.041778564453125,61.672672271728516,61.672672271728516,60.685909271240234,60.78458786010742,79
2017-05-29,41.041778564453125,61.672672271728516,61.672672271728516,61.672672271728516,61.672672271728516,0
2017-05-30,41.2387809753418,61.96870040893555,62.166053771972656,61.51478958129883,61.870025634765625,1047
2017-05-31,42.348533630371094,63.636329650878906,63.636329650878906,61.47532272338867,62.856788635253906,275
2017-06-01,41.304447174072266,62.067378997802734,62.264732360839844,61.672672271728516,62.264732360839844,753
2017-06-02,40.792259216308594,61.29770278930664,63.12321472167969,61.22863006591797,63.12321472167969,665
2017-06-05,41.2387809753418,61.96870040893555,62.6594352722168,61.179290771484375,62.363407135009766,380
2017-06-06,40.1881103515625,60.3898811340332,61.27796936035156,59.79782485961914,61.179290771484375,592
2017-06-07,40.38511276245117,60.685909271240234,62.827186584472656,60.685909271240234,62.156185150146484,260
2017-06-08,41.284751892089844,62.03777313232422,62.787715911865234,62.03777313232422,62.787715911865234,12
2017-06-09,42.02677917480469,63.15281677246094,63.15281677246094,62.04764175415039,62.04764175415039,26
2017-06-12,41.698448181152344,62.6594352722168,63.15281677246094,61.18915939331055,63.142948150634766,427
2017-06-13,40.03050231933594,60.15305709838867,62.93572998046875,60.15305709838867,62.93572998046875,2977
2017-06-14,40.582115173339844,60.981937408447266,62.649566650390625,60.399749755859375,61.66280746459961,288
2017-06-15,40.582115173339844,60.981937408447266,60.981937408447266,60.981937408447266,60.981937408447266,0
2017-06-16,40.41793441772461,60.73524856567383,61.672672271728516,60.399749755859375,61.66280746459961,419
2017-06-19,40.25377655029297,60.48855972290039,60.48855972290039,59.412986755371094,60.38001251220703,571
2017-06-20,39.82695388793945,59.84716033935547,61.1694221496582,59.79782485961914,60.4984245300293,1477
2017-06-21,40.24063491821289,60.46882247924805,60.67604446411133,59.84716033935547,60.143192291259766,2582
2017-06-22,39.104618072509766,58.761722564697266,59.86689758300781,58.761722564697266,59.86689758300781,6592
2017-06-23,40.20124053955078,60.40961837768555,60.429351806640625,58.77159118652344,59.20576477050781,813
2017-06-26,40.05677795410156,60.192527770996094,60.38001251220703,58.83079528808594,59.314308166503906,611
2017-06-27,39.55769348144531,59.442588806152344,60.18265914916992,59.20576477050781,60.18265914916992,1490
2017-06-28,39.46577453613281,59.304443359375,59.69914627075195,59.29457473754883,59.29457473754883,1267
2017-06-29,39.40011978149414,59.20576477050781,59.98530960083008,59.195899963378906,59.975440979003906,1042
2017-06-30,39.17683029174805,58.87026596069336,59.20576477050781,58.87026596069336,59.20576477050781,1295
2017-07-03,39.41981506347656,59.23537063598633,60.3898811340332,59.225502014160156,59.945838928222656,667
2017-07-04,40.05677795410156,60.192527770996094,60.38001251220703,59.23537063598633,60.38001251220703,475
2017-07-05,40.05677795410156,60.192527770996094,60.192527770996094,59.40311813354492,60.133323669433594,186
2017-07-06,40.1881103515625,60.3898811340332,60.3898811340332,59.55113220214844,59.63994216918945,141
2017-07-07,40.05021286010742,60.18265914916992,60.3898811340332,60.06425094604492,60.28133773803711,918
2017-07-10,40.25377655029297,60.48855972290039,60.48855972290039,59.69914627075195,60.162925720214844,1784
2017-07-11,39.800682067871094,59.80769348144531,59.81755828857422,59.69914627075195,59.709014892578125,1030
2017-07-12,39.72843551635742,59.69914627075195,60.18265914916992,59.55113220214844,60.18265914916992,1374
2017-07-13,39.72843551635742,59.69914627075195,60.18265914916992,59.69914627075195,59.7188835144043,1345
2017-07-14,40.25377655029297,60.48855972290039,60.48855972290039,59.195899963378906,59.69914627075195,2951
2017-07-17,42.68345260620117,64.13957977294922,66.09336853027344,60.90299987792969,60.90299987792969,7152
2017-07-18,45.2313232421875,67.96822357177734,68.02742767333984,64.63296508789062,66.11310577392578,3845
2017-07-19,44.311988830566406,66.58675384521484,67.97808837890625,64.14944458007812,67.97808837890625,4382
2017-07-20,43.661895751953125,65.60985565185547,66.5768814086914,64.4652099609375,66.5768814086914,1927
2017-07-21,43.7012825012207,65.66905975341797,66.99132537841797,65.05726623535156,66.11310577392578,2915
2017-07-24,44.54182815551758,66.93212127685547,66.94198608398438,65.7381362915039,66.94198608398438,2150
2017-07-25,45.24445724487305,67.98795318603516,67.98795318603516,66.60648345947266,66.95185089111328,1924
2017-07-26,45.940528869628906,69.03392028808594,69.04379272460938,66.95185089111328,67.3958969116211,3329
2017-07-27,44.98178482055664,67.59324645996094,69.04379272460938,67.09986877441406,69.04379272460938,1678
2017-07-28,44.850460052490234,67.3958969116211,67.59324645996094,66.11310577392578,67.59324645996094,1126
2017-07-31,42.02677917480469,63.15281677246094,67.48470306396484,63.15281677246094,67.48470306396484,3280
2017-08-01,43.931121826171875,66.0144271850586,66.69529724121094,63.64619827270508,63.64619827270508,2249
2017-08-02,43.931121826171875,66.0144271850586,66.0144271850586,65.61972045898438,66.00456237792969,1848
2017-08-03,42.03334045410156,63.16268539428711,66.0144271850586,62.166053771972656,66.0144271850586,2917
2017-08-04,43.01179122924805,64.63296508789062,65.61972045898438,63.310699462890625,65.60985565185547,2727
2017-08-07,42.74912643432617,64.2382583618164,64.63296508789062,63.39950942993164,64.63296508789062,2536
2017-08-08,42.74912643432617,64.2382583618164,64.63296508789062,64.2382583618164,64.62309265136719,2857
2017-08-09,43.01179122924805,64.63296508789062,64.63296508789062,64.13957977294922,64.63296508789062,1188
2017-08-10,43.60279846191406,65.52104949951172,65.52104949951172,64.24812316894531,64.3566665649414,812
2017-08-11,43.32040786743164,65.09674072265625,65.59999084472656,64.2382583618164,65.52104949951172,945
2017-08-14,43.73412322998047,65.71839904785156,65.71839904785156,65.28422546386719,65.71839904785156,855
2017-08-15,44.00334930419922,66.12297058105469,67.3366928100586,65.2348861694336,65.76773834228516,1979
2017-08-16,44.32512664794922,66.60648345947266,66.60648345947266,65.62959289550781,65.62959289550781,1327
2017-08-17,45.9602165222168,69.06352233886719,69.06352233886719,66.12297058105469,67.09986877441406,386
2017-08-18,45.7697868347168,68.7773666381836,68.7773666381836,66.4584732055664,67.09986877441406,1746
2017-08-21,44.653465270996094,67.09986877441406,69.05365753173828,67.09986877441406,68.7773666381836,1465
2017-08-22,45.06058883666992,67.71166229248047,68.6688232421875,66.6163558959961,67.15907287597656,791
2017-08-23,44.32512664794922,66.60648345947266,68.47146606445312,66.60648345947266,67.62285614013672,1530
2017-08-24,45.56623077392578,68.47146606445312,68.58000946044922,66.60648345947266,68.47146606445312,464
2017-08-25,45.31013488769531,68.08663177490234,68.62934875488281,67.10973358154297,68.43199920654297,928
2017-08-28,45.57279586791992,68.48133850097656,68.57014465332031,67.3465576171875,67.3465576171875,2165
2017-08-29,45.57279586791992,68.48133850097656,70.05028533935547,68.28398132324219,68.48133850097656,2878
2017-08-30,45.8354606628418,68.87604522705078,69.07339477539062,68.47146606445312,68.47146606445312,712
2017-08-31,46.55778884887695,69.96147918701172,69.96147918701172,68.87604522705078,68.87604522705078,272
2017-09-01,46.62345886230469,70.0601577758789,70.0601577758789,67.59324645996094,69.07339477539062,1296
2017-09-04,48.1337890625,72.3297119140625,72.3297119140625,69.07339477539062,70.05028533935547,1761
2017-09-05,47.93679428100586,72.03368377685547,72.71454620361328,71.15546417236328,72.3297119140625,2065
2017-09-06,48.41616439819336,72.75402069091797,73.46448516845703,71.20480346679688,73.46448516845703,479
2017-09-07,48.41616439819336,72.75402069091797,72.75402069091797,72.75402069091797,72.75402069091797,0
2017-09-08,48.00246810913086,72.13236236572266,73.50395965576172,72.03368377685547,73.50395965576172,1137
2017-09-11,47.93022537231445,72.02381134033203,73.02044677734375,71.04692077636719,73.02044677734375,1500
2017-09-12,49.25013732910156,74.00720977783203,75.8820571899414,72.53693389892578,73.01057434082031,4143
2017-09-13,50.35991287231445,75.67483520507812,75.67483520507812,73.03031158447266,73.9973373413086,804
2017-09-14,50.294227600097656,75.57616424560547,75.66497039794922,74.23416137695312,75.66497039794922,583
2017-09-15,50.35991287231445,75.67483520507812,75.67483520507812,75.07291412353516,75.66497039794922,1570
2017-09-18,52.861812591552734,79.43440246582031,79.77976989746094,75.02357482910156,75.34920501708984,1127
2017-09-19,52.533477783203125,78.94102478027344,79.62188720703125,76.98722839355469,79.43440246582031,1088
2017-09-20,52.13946533203125,78.34896087646484,78.94102478027344,77.97399139404297,78.94102478027344,859
2017-09-21,52.402130126953125,78.74366760253906,79.74030303955078,77.9838638305664,79.74030303955078,992
2017-09-22,52.5072135925293,78.90155029296875,78.94102478027344,75.01370239257812,78.45750427246094,1455
2017-09-25,52.533477783203125,78.94102478027344,78.94102478027344,76.96749877929688,78.94102478027344,6164
2017-09-26,51.87682342529297,77.95426177978516,78.93115234375,77.95426177978516,78.93115234375,493
2017-09-27,51.87682342529297,77.95426177978516,78.93115234375,77.95426177978516,77.96412658691406,681
2017-09-28,52.533477783203125,78.94102478027344,78.94102478027344,78.151611328125,78.8818130493164,1667
2017-09-29,53.091651916503906,79.77976989746094,79.77976989746094,78.56605529785156,78.93115234375,1276
2017-10-02,52.612266540527344,79.05943298339844,79.77976989746094,78.94102478027344,79.77976989746094,888
2017-10-03,52.861812591552734,79.43440246582031,79.5330810546875,78.74366760253906,79.06929779052734,415
2017-10-04,53.045684814453125,79.710693359375,81.85197448730469,79.25678253173828,79.4245376586914,711
2017-10-05,52.861812591552734,79.43440246582031,79.43440246582031,78.77326965332031,79.43440246582031,437
2017-10-06,54.470664978027344,81.85197448730469,81.85197448730469,79.41466522216797,79.43440246582031,508
2017-10-09,53.8468132019043,80.91455078125,81.85197448730469,80.22381591796875,81.85197448730469,701
2017-10-10,51.92276382446289,78.02333068847656,81.85197448730469,78.02333068847656,81.84210205078125,1188
2017-10-11,51.5550537109375,77.47074127197266,79.92778778076172,77.47074127197266,78.44763946533203,3345
2017-10-12,51.5550537109375,77.47074127197266,77.47074127197266,77.47074127197266,77.47074127197266,0
2017-10-13,53.190155029296875,79.92778778076172,79.92778778076172,78.8818130493164,78.8818130493164,1113
2017-10-16,50.07097625732422,75.24066162109375,80.22381591796875,75.24066162109375,80.22381591796875,2109
2017-10-17,51.116031646728516,76.47411346435547,79.92778778076172,76.47411346435547,79.92778778076172,860
2017-10-18,52.468143463134766,78.49697875976562,78.53644561767578,76.96749877929688,77.94438934326172,1308
2017-10-19,51.116031646728516,76.47411346435547,77.9246597290039,76.47411346435547,76.96749877929688,1330
2017-10-20,51.4458122253418,76.96749877929688,77.16484832763672,75.38867950439453,75.9807357788086,2714
2017-10-23,51.775569915771484,77.46087646484375,77.46087646484375,75.29000091552734,77.4411392211914,15984
2017-10-24,51.709617614746094,77.36219787597656,77.46087646484375,75.29000091552734,77.4411392211914,2025
2017-10-25,51.76898193359375,77.45101165771484,77.46087646484375,76.17808532714844,77.45101165771484,3183
2017-10-26,51.4458122253418,76.96749877929688,77.4312744140625,75.9807357788086,77.4214096069336,4706
2017-10-27,50.3905143737793,75.38867950439453,77.40167236328125,75.38867950439453,76.96749877929688,2141
2017-10-30,50.42348098754883,75.4380111694336,77.06616973876953,75.4380111694336,77.06616973876953,3536
2017-10-31,50.78624725341797,75.9807357788086,77.46087646484375,75.48735046386719,77.46087646484375,7906
2017-11-01,51.116031646728516,76.47411346435547,76.47411346435547,75.38867950439453,75.9807357788086,3993
2017-11-02,51.116031646728516,76.47411346435547,76.47411346435547,76.47411346435547,76.47411346435547,0
2017-11-03,51.116031646728516,76.47411346435547,76.47411346435547,75.58602905273438,75.58602905273438,273
2017-11-06,51.116031646728516,76.47411346435547,76.47411346435547,76.47411346435547,76.47411346435547,0
2017-11-07,50.78624725341797,75.9807357788086,76.23728942871094,75.97086334228516,76.20768737792969,2635
2017-11-08,50.720306396484375,75.8820571899414,76.17808532714844,75.68470764160156,76.16822052001953,2130
2017-11-09,50.8521842956543,76.07940673828125,76.07940673828125,75.58602905273438,76.06954193115234,507
2017-11-10,50.56858444213867,75.65510559082031,76.07940673828125,75.61563110351562,76.06954193115234,276
2017-11-13,50.594974517822266,75.69457244873047,77.16484832763672,75.69457244873047,76.96749877929688,681
2017-11-14,50.78624725341797,75.9807357788086,77.16484832763672,74.10588073730469,77.16484832763672,2489
2017-11-15,50.78624725341797,75.9807357788086,75.9807357788086,75.9807357788086,75.9807357788086,0
2017-11-16,50.126678466796875,74.99397277832031,76.56292724609375,74.99397277832031,76.24716186523438,2279
2017-11-17,51.0007209777832,75.9807357788086,76.67147064208984,74.99397277832031,74.99397277832031,683
2017-11-20,51.0007209777832,75.9807357788086,75.9807357788086,75.9807357788086,75.9807357788086,0
2017-11-21,51.0007209777832,75.9807357788086,76.6615982055664,75.97086334228516,75.9906005859375,1465
2017-11-22,51.0007209777832,75.9807357788086,77.41153717041016,75.9807357788086,75.9807357788086,876
2017-11-23,50.868247985839844,75.78337860107422,75.9807357788086,75.58602905273438,75.9807357788086,3056
2017-11-24,51.199424743652344,76.27676391601562,76.33596801757812,73.95787048339844,75.9906005859375,5948
2017-11-27,51.928016662597656,77.36219787597656,77.36219787597656,73.02044677734375,77.10564422607422,3120
2017-11-28,51.59684371948242,76.86882019042969,77.05630493164062,75.00383758544922,77.05630493164062,69
2017-11-29,51.5637321472168,76.8194808959961,76.8194808959961,75.11238098144531,76.7701416015625,432
2017-11-30,51.99423599243164,77.46087646484375,77.46087646484375,75.9807357788086,76.80961608886719,1143
2017-12-01,51.928016662597656,77.36219787597656,77.46087646484375,75.75377655029297,77.46087646484375,744
2017-12-04,51.265663146972656,76.37544250488281,77.35233306884766,75.79325103759766,77.35233306884766,955
2017-12-05,50.907989501953125,75.84259033203125,77.36219787597656,75.83271789550781,77.36219787597656,289
2017-12-06,50.90135192871094,75.83271789550781,77.06616973876953,75.83271789550781,77.06616973876953,443
2017-12-07,50.00719451904297,74.5005874633789,76.94776153564453,74.5005874633789,76.94776153564453,1432
2017-12-08,50.265525817871094,74.88542938232422,74.88542938232422,74.00720977783203,74.00720977783203,693
2017-12-11,49.79526138305664,74.18482208251953,75.48735046386719,74.18482208251953,74.5992660522461,1074
2017-12-12,51.331886291503906,76.47411346435547,76.47411346435547,74.51045989990234,74.51045989990234,1457
2017-12-13,51.649818420410156,76.94776153564453,76.95762634277344,75.09264373779297,75.9807357788086,1278
2017-12-14,51.66307067871094,76.96749877929688,76.96749877929688,75.2011947631836,76.92802429199219,653
2017-12-15,50.437744140625,75.14198303222656,76.95762634277344,75.14198303222656,76.95762634277344,2960
2017-12-18,50.81526184082031,75.70443725585938,76.96749877929688,74.76701354980469,74.76701354980469,485
2017-12-19,51.66307067871094,76.96749877929688,76.96749877929688,75.51695251464844,76.39517211914062,1313
2017-12-20,50.70928192138672,75.54655456542969,76.95762634277344,74.99397277832031,76.95762634277344,594
2017-12-21,51.66307067871094,76.96749877929688,76.96749877929688,76.47411346435547,76.6517333984375,1843
2017-12-22,51.66307067871094,76.96749877929688,76.96749877929688,74.79661560058594,76.47411346435547,2023
2017-12-25,51.66307067871094,76.96749877929688,76.96749877929688,76.96749877929688,76.96749877929688,0
2017-12-26,51.66307067871094,76.96749877929688,76.96749877929688,76.85895538330078,76.95762634277344,222
2017-12-27,51.66307067871094,76.96749877929688,76.96749877929688,76.23728942871094,76.95762634277344,115
2017-12-28,51.66307067871094,76.96749877929688,76.96749877929688,76.18795776367188,76.95762634277344,2697
2017-12-29,51.66307067871094,76.96749877929688,76.96749877929688,76.96749877929688,76.96749877929688,0
2018-01-02,51.66307067871094,76.96749877929688,76.96749877929688,76.17808532714844,76.96749877929688,4849
2018-01-03,51.629947662353516,76.91815948486328,76.96749877929688,76.86882019042969,76.96749877929688,3430
2018-01-04,51.66307067871094,76.96749877929688,77.83584594726562,76.63199615478516,76.96749877929688,3280
2018-01-05,51.39815139770508,76.57279205322266,77.46087646484375,76.47411346435547,76.97736358642578,3780
2018-01-08,52.6367301940918,78.41803741455078,78.78314208984375,76.43464660644531,76.57279205322266,350
2018-01-09,51.729312896728516,77.06616973876953,78.44763946533203,76.97736358642578,76.97736358642578,2903
2018-01-10,51.94125747680664,77.3819351196289,78.78314208984375,77.23392486572266,78.78314208984375,1341
2018-01-11,52.59035873413086,78.34896087646484,78.7634048461914,77.2635269165039,78.7634048461914,3009
2018-01-12,52.65660095214844,78.44763946533203,78.44763946533203,77.96412658691406,78.33909606933594,310
2018-01-15,52.84204864501953,78.72393035888672,78.72393035888672,78.25028991699219,78.25028991699219,1252
2018-01-16,52.65660095214844,78.44763946533203,78.44763946533203,77.95426177978516,78.43777465820312,814
2018-01-17,52.65660095214844,78.44763946533203,78.44763946533203,77.97399139404297,78.38843536376953,510
2018-01-18,52.65660095214844,78.44763946533203,78.44763946533203,77.95426177978516,78.1614761352539,4442
2018-01-19,52.59035873413086,78.34896087646484,78.44763946533203,77.96412658691406,78.44763946533203,1705
2018-01-22,52.59035873413086,78.34896087646484,78.34896087646484,78.00359344482422,78.00359344482422,2932
2018-01-23,52.08036422729492,77.58915710449219,78.33909606933594,77.58915710449219,78.11214447021484,3733
2018-01-24,52.3254280090332,77.95426177978516,78.34896087646484,77.94438934326172,77.95426177978516,1498
2018-01-25,52.3254280090332,77.95426177978516,77.95426177978516,77.95426177978516,77.95426177978516,0
2018-01-26,52.49763107299805,78.2108154296875,78.44763946533203,77.96412658691406,77.96412658691406,2514
2018-01-29,52.65660095214844,78.44763946533203,78.44763946533203,76.50371551513672,78.43777465820312,2844
2018-01-30,51.66307067871094,76.96749877929688,78.43777465820312,76.7010726928711,77.95426177978516,3581
2018-01-31,52.385009765625,78.0430679321289,78.05293273925781,77.46087646484375,78.033203125,144
2018-02-01,52.3254280090332,77.95426177978516,78.34896087646484,76.7701416015625,78.0430679321289,1652
2018-02-02,52.45125198364258,78.1417465209961,78.25028991699219,77.46087646484375,77.95426177978516,633
2018-02-05,52.385009765625,78.0430679321289,78.1417465209961,77.41153717041016,78.07266998291016,382
2018-02-06,51.66307067871094,76.96749877929688,78.0430679321289,76.49385070800781,78.0430679321289,5229
2018-02-07,51.96112823486328,77.41153717041016,77.70756530761719,76.49385070800781,77.16484832763672,1176
2018-02-08,51.66307067871094,76.96749877929688,77.41153717041016,76.27676391601562,77.41153717041016,1381
2018-02-09,52.159828186035156,77.70756530761719,77.70756530761719,76.58265686035156,76.58265686035156,569
2018-02-14,52.16646194458008,77.71743774414062,77.71743774414062,76.97736358642578,77.41153717041016,1049
2018-02-15,52.65660095214844,78.44763946533203,78.44763946533203,77.46087646484375,77.74703979492188,756
2018-02-16,52.3254280090332,77.95426177978516,79.38506317138672,75.69457244873047,77.95426177978516,825
2018-02-19,53.073856353759766,79.06929779052734,80.41130065917969,77.95426177978516,77.96412658691406,2541
2018-02-20,54.94831085205078,81.8618392944336,83.87483978271484,80.3126220703125,83.87483978271484,1331
2018-02-21,53.650115966796875,79.92778778076172,81.39806365966797,78.74366760253906,81.032958984375,2230
2018-02-22,52.431396484375,78.11214447021484,79.91791534423828,77.95426177978516,79.91791534423828,1518
2018-02-23,52.95465087890625,78.89168548583984,79.0396957397461,78.11214447021484,79.0396957397461,393
2018-02-26,49.01368713378906,73.02044677734375,77.45101165771484,73.02044677734375,77.45101165771484,19128
2018-02-27,47.11275863647461,70.18843841552734,74.83609008789062,70.0601577758789,73.02044677734375,18969
2018-02-28,47.41743087768555,70.64234924316406,71.6192398071289,70.1785659790039,70.19830322265625,3715
2018-03-01,48.33147430419922,72.00408172607422,72.03368377685547,70.26737976074219,70.65221405029297,4971
2018-03-02,47.523414611816406,70.80023193359375,72.01394653320312,70.66207885742188,72.01394653320312,574
2018-03-05,47.82145309448242,71.24427032470703,71.24427032470703,70.81009674072266,70.81009674072266,8005
2018-03-06,47.69561767578125,71.0567855834961,71.94487762451172,70.84956359863281,70.84956359863281,1132
2018-03-07,47.72209930419922,71.09626007080078,71.51069641113281,71.0567855834961,71.0567855834961,3484
2018-03-08,47.82145309448242,71.24427032470703,71.24427032470703,70.80023193359375,71.09626007080078,1332
2018-03-09,47.82145309448242,71.24427032470703,71.26400756835938,70.30684661865234,71.25414276123047,3091
2018-03-12,47.688995361328125,71.04692077636719,71.31334686279297,70.63247680664062,70.64234924316406,1372
2018-03-13,47.688995361328125,71.04692077636719,71.54029846191406,71.04692077636719,71.54029846191406,2004
2018-03-14,47.8082275390625,71.22454071044922,71.37255096435547,70.30684661865234,71.21466827392578,2690
2018-03-15,47.82145309448242,71.24427032470703,71.4416275024414,70.829833984375,70.829833984375,2204
2018-03-16,47.688995361328125,71.04692077636719,71.04692077636719,70.07989501953125,70.55353546142578,1926
2018-03-19,47.688995361328125,71.04692077636719,71.04692077636719,70.07989501953125,71.01731872558594,4922
2018-03-20,47.88768768310547,71.34294891357422,71.34294891357422,70.08975982666016,70.9975814819336,500
2018-03-21,47.82145309448242,71.24427032470703,71.33308410644531,71.03704833984375,71.33308410644531,410
2018-03-22,47.688995361328125,71.04692077636719,71.41202545166016,71.04692077636719,71.32321166992188,1333
2018-03-23,47.688995361328125,71.04692077636719,71.38241577148438,70.58313751220703,70.58313751220703,1281
2018-03-26,47.39755630493164,70.61274719238281,71.42189025878906,70.57327270507812,70.85943603515625,1402
2018-03-27,47.75522994995117,71.14559936523438,71.23440551757812,70.65221405029297,71.23440551757812,5266
2018-03-28,48.02016830444336,71.54029846191406,71.54029846191406,70.66207885742188,71.04692077636719,1326
2018-03-29,48.35134506225586,72.03368377685547,72.03368377685547,70.65221405029297,70.84956359863281,1323
2018-04-02,47.4240608215332,70.65221405029297,72.03368377685547,70.65221405029297,71.04692077636719,1333
2018-04-03,47.4240608215332,70.65221405029297,72.03368377685547,70.65221405029297,72.03368377685547,305
2018-04-04,47.4240608215332,70.65221405029297,71.88566589355469,70.65221405029297,70.66207885742188,544
2018-04-05,49.67604446411133,74.00720977783203,74.00720977783203,70.66207885742188,70.66207885742188,1105
2018-04-06,48.41756057739258,72.13236236572266,73.1191177368164,72.04354858398438,73.1191177368164,330
2018-04-09,47.5565299987793,70.84956359863281,72.03368377685547,70.65221405029297,72.03368377685547,438
2018-04-10,47.371070861816406,70.57327270507812,70.84956359863281,70.57327270507812,70.75089263916016,2101
2018-04-11,48.02016830444336,71.54029846191406,71.82646179199219,70.66207885742188,71.02718353271484,482
2018-04-12,48.006927490234375,71.52056884765625,71.53043365478516,71.06665802001953,71.53043365478516,271
2018-04-13,47.4240608215332,70.65221405029297,71.52056884765625,70.65221405029297,70.91864013671875,646
2018-04-16,47.688995361328125,71.04692077636719,71.54029846191406,70.57327270507812,70.67195129394531,2269
2018-04-17,47.688995361328125,71.04692077636719,72.4974594116211,70.07002258300781,70.84956359863281,422
2018-04-18,47.02666473388672,70.0601577758789,71.28374481201172,70.0601577758789,71.04692077636719,1188
2018-04-19,47.02666473388672,70.0601577758789,70.25750732421875,70.0601577758789,70.25750732421875,502
2018-04-20,47.02666473388672,70.0601577758789,71.04692077636719,70.0601577758789,70.25750732421875,467
2018-04-23,47.02666473388672,70.0601577758789,70.81009674072266,70.0601577758789,70.0601577758789,1525
2018-04-24,47.02666473388672,70.0601577758789,70.74102020263672,70.0601577758789,70.0601577758789,346
2018-04-25,47.218719482421875,70.34632110595703,70.7804946899414,70.0601577758789,70.0601577758789,272
2018-04-26,47.4240608215332,70.65221405029297,70.91864013671875,70.55353546142578,70.91864013671875,219
2018-04-27,47.60287857055664,70.91864013671875,70.91864013671875,70.0601577758789,70.08975982666016,429
2018-04-30,47.34456253051758,70.53380584716797,70.84956359863281,70.168701171875,70.84956359863281,25
2018-05-02,47.04652786254883,70.08975982666016,70.84956359863281,70.0601577758789,70.26737976074219,347
2018-05-03,47.033267974853516,70.07002258300781,70.168701171875,70.0601577758789,70.168701171875,1301
2018-05-04,47.05976104736328,70.1094970703125,70.68181610107422,70.0601577758789,70.0601577758789,104
2018-05-07,47.039886474609375,70.07989501953125,70.67195129394531,70.0601577758789,70.08975982666016,1695
2018-05-08,48.689144134521484,72.53693389892578,72.53693389892578,70.0601577758789,70.08975982666016,1345
2018-05-09,48.70237350463867,72.5566635131836,73.51382446289062,72.4974594116211,72.70468139648438,326
2018-05-10,48.35134506225586,72.03368377685547,72.5566635131836,70.07002258300781,72.5566635131836,1553
2018-05-11,48.64277648925781,72.46785736083984,72.47772979736328,71.14559936523438,72.08302307128906,892
2018-05-14,48.35134506225586,72.03368377685547,72.35931396484375,71.54029846191406,72.35931396484375,770
2018-05-15,48.35134506225586,72.03368377685547,72.03368377685547,71.15546417236328,72.03368377685547,734
2018-05-16,47.688995361328125,71.04692077636719,72.2803726196289,71.04692077636719,72.01394653320312,792
2018-05-17,47.5565299987793,70.84956359863281,71.33308410644531,70.84956359863281,71.04692077636719,3105
2018-05-18,47.02666473388672,70.0601577758789,70.85943603515625,69.58650970458984,70.85943603515625,968
2018-05-21,46.70871353149414,69.58650970458984,70.829833984375,69.58650970458984,70.81996154785156,2145
2018-05-22,46.364295959472656,69.07339477539062,70.0601577758789,69.07339477539062,69.59637451171875,2787
2018-05-23,47.49028778076172,70.75089263916016,70.75089263916016,69.07339477539062,69.07339477539062,2733
2018-05-24,47.48367691040039,70.74102020263672,70.75089263916016,69.08325958251953,70.75089263916016,227
2018-05-25,46.37090301513672,69.08325958251953,70.75089263916016,69.08325958251953,70.75089263916016,467
2018-05-28,46.9471549987793,69.94174194335938,69.94174194335938,68.38265991210938,69.08325958251953,1251
2018-05-29,47.02666473388672,70.0601577758789,70.0601577758789,68.44186401367188,68.44186401367188,1614
2018-05-30,47.02666473388672,70.0601577758789,70.55353546142578,70.0601577758789,70.0601577758789,565
2018-06-01,47.4240608215332,70.65221405029297,70.65221405029297,68.47146606445312,70.65221405029297,138
2018-06-04,45.947021484375,68.45173645019531,70.65221405029297,68.43199920654297,70.65221405029297,676
2018-06-05,46.16559600830078,68.7773666381836,68.97471618652344,68.43199920654297,68.48133850097656,574
2018-06-06,45.701942443847656,68.08663177490234,68.43199920654297,68.08663177490234,68.43199920654297,1279
2018-06-07,45.503238677978516,67.79060363769531,68.08663177490234,65.61972045898438,68.08663177490234,260
2018-06-08,45.03961944580078,67.09986877441406,68.33332061767578,67.09986877441406,67.09986877441406,404
2018-06-11,45.04622268676758,67.10973358154297,68.57014465332031,67.10973358154297,68.57014465332031,258
2018-06-12,45.94038772583008,68.44186401367188,68.52080535888672,67.09986877441406,68.52080535888672,663
2018-06-13,45.90065002441406,68.38265991210938,68.48133850097656,67.19854736328125,67.287353515625,176
2018-06-14,45.701942443847656,68.08663177490234,68.08663177490234,64.13957977294922,67.40576171875,3711
2018-06-15,44.70844268798828,66.60648345947266,67.09986877441406,65.1362075805664,67.09000396728516,1898
2018-06-18,43.60231018066406,64.9585952758789,67.09986877441406,64.88951873779297,66.60648345947266,103
2018-06-19,44.37725830078125,66.11310577392578,66.12297058105469,64.88951873779297,66.11310577392578,1312
2018-06-20,44.37725830078125,66.11310577392578,66.11310577392578,65.0177993774414,65.15594482421875,114
2018-06-21,43.555946350097656,64.88951873779297,67.09986877441406,64.87965393066406,65.02766418457031,3476
2018-06-22,43.555946350097656,64.88951873779297,66.05390167236328,64.87965393066406,64.9585952758789,48
2018-06-25,43.549320220947266,64.87965393066406,65.02766418457031,64.87965393066406,65.02766418457031,592
2018-06-26,44.1123161315918,65.71839904785156,65.71839904785156,64.87965393066406,64.87965393066406,6
2018-06-27,43.82750701904297,65.2940902709961,67.09986877441406,65.28422546386719,65.8565444946289,279
2018-06-28,43.7811393737793,65.22502136230469,65.62959289550781,65.22502136230469,65.2940902709961,88
2018-06-29,46.3046875,68.98458862304688,69.01419067382812,67.01106262207031,67.01106262207031,269
2018-07-02,46.695472717285156,69.5667724609375,70.9975814819336,69.06352233886719,69.06352233886719,356
2018-07-03,46.695472717285156,69.5667724609375,70.8396987915039,69.5667724609375,70.8396987915039,87
2018-07-04,46.89417266845703,69.86280059814453,70.0601577758789,69.06352233886719,69.5667724609375,1364
2018-07-05,45.03297424316406,67.09000396728516,69.86280059814453,66.16244506835938,69.80359649658203,259
2018-07-06,44.89389419555664,66.88278198242188,67.09000396728516,66.18218231201172,67.09000396728516,150
2018-07-10,45.60921859741211,67.948486328125,67.9583511352539,66.37953186035156,66.37953186035156,1581
2018-07-11,44.410377502441406,66.16244506835938,68.99445343017578,66.16244506835938,68.99445343017578,109
2018-07-12,45.03961944580078,67.09986877441406,68.27411651611328,66.17230987548828,66.36966705322266,239
2018-07-13,45.56947708129883,67.8892822265625,68.58000946044922,67.09986877441406,67.09986877441406,544
2018-07-16,46.364295959472656,69.07339477539062,69.07339477539062,67.09986877441406,67.2972183227539,270
2018-07-17,46.0993537902832,68.6786880493164,69.04379272460938,68.10636901855469,68.10636901855469,930
2018-07-18,45.966888427734375,68.48133850097656,68.88591003417969,67.09986877441406,68.44186401367188,3832
2018-07-19,45.56947708129883,67.8892822265625,68.81683349609375,67.12947082519531,68.47146606445312,476
2018-07-20,45.701942443847656,68.08663177490234,68.08663177490234,66.96172332763672,68.08663177490234,2803
2018-07-23,45.701942443847656,68.08663177490234,68.52080535888672,67.09986877441406,67.09986877441406,1816
2018-07-24,45.37078094482422,67.59324645996094,67.59324645996094,66.35979461669922,67.10973358154297,320
2018-07-25,45.30454635620117,67.49457550048828,67.49457550048828,64.92899322509766,66.83344268798828,4720
2018-07-26,44.99324035644531,67.03079223632812,68.1754379272461,65.2348861694336,68.1754379272461,225
2018-07-27,45.37078094482422,67.59324645996094,67.59324645996094,65.16580963134766,65.68879699707031,749
2018-07-30,46.43715286254883,69.18193817138672,69.18193817138672,66.26112365722656,67.58338165283203,1067
2018-07-31,46.331172943115234,69.02405548095703,69.02405548095703,66.5078125,68.87604522705078,1125
2018-08-01,46.364295959472656,69.07339477539062,69.07339477539062,66.60648345947266,67.09986877441406,1618
2018-08-02,46.43715286254883,69.18193817138672,69.18193817138672,67.09986877441406,69.18193817138672,60
2018-08-03,46.39740753173828,69.12273406982422,69.18193817138672,68.95498657226562,69.18193817138672,2924
2018-08-06,46.03312301635742,68.58000946044922,69.14246368408203,67.09986877441406,69.12273406982422,507
2018-08-07,46.00001907348633,68.53067779541016,68.53067779541016,68.22477722167969,68.52080535888672,67
2018-08-08,46.34443283081055,69.04379272460938,69.04379272460938,68.07676696777344,69.03392028808594,99
2018-08-09,46.34443283081055,69.04379272460938,69.04379272460938,67.61298370361328,69.03392028808594,852
2018-08-10,45.62247085571289,67.96822357177734,69.01419067382812,66.5571517944336,67.81034088134766,183
2018-08-13,45.701942443847656,68.08663177490234,68.13597106933594,66.5176773071289,68.13597106933594,1140
2018-08-14,45.30454635620117,67.49457550048828,69.03392028808594,66.12297058105469,69.03392028808594,468
2018-08-15,45.03961944580078,67.09986877441406,68.07676696777344,66.11310577392578,66.32032775878906,1066
2018-08-16,45.536373138427734,67.8399429321289,67.948486328125,66.60648345947266,66.60648345947266,424
2018-08-17,46.026493072509766,68.57014465332031,68.57014465332031,66.63609313964844,67.83007049560547,68
2018-08-20,44.70844268798828,66.60648345947266,67.38603210449219,66.60648345947266,66.70516204833984,518
2018-08-21,46.026493072509766,68.57014465332031,68.57014465332031,66.28085327148438,66.6163558959961,349
2018-08-22,46.01987075805664,68.5602798461914,68.5602798461914,66.60648345947266,66.71503448486328,960
2018-08-23,45.701942443847656,68.08663177490234,68.08663177490234,67.98795318603516,68.08663177490234,62
2018-08-24,45.701942443847656,68.08663177490234,68.08663177490234,67.09986877441406,67.69192504882812,181
2018-08-27,45.03961944580078,67.09986877441406,68.07676696777344,67.09986877441406,67.70179748535156,203
2018-08-28,45.642333984375,67.9978256225586,68.04715728759766,67.3958969116211,67.3958969116211,37
2018-08-29,45.56947708129883,67.8892822265625,68.04715728759766,67.8399429321289,67.9978256225586,250
2018-08-30,45.23830032348633,67.3958969116211,67.3958969116211,67.12947082519531,67.12947082519531,4
2018-08-31,46.00001907348633,68.53067779541016,68.53067779541016,67.3465576171875,67.3958969116211,281
2018-09-03,45.22503662109375,67.37615966796875,68.08663177490234,67.2972183227539,68.08663177490234,179
2018-09-04,45.03961944580078,67.09986877441406,67.87940979003906,67.09986877441406,67.35643005371094,283
2018-09-05,45.07272720336914,67.14920806884766,67.14920806884766,67.14920806884766,67.14920806884766,22
2018-09-06,45.37739562988281,67.60311889648438,67.85967254638672,67.1788101196289,67.84980773925781,500
2018-09-10,45.83441162109375,68.28398132324219,68.52080535888672,68.06689453125,68.06689453125,270
2018-09-11,45.40388870239258,67.64258575439453,68.07676696777344,66.28085327148438,67.68206024169922,233
2018-09-12,45.24491882324219,67.40576171875,67.64258575439453,67.40576171875,67.63272094726562,230
2018-09-13,45.03961944580078,67.09986877441406,68.08663177490234,67.09986877441406,67.40576171875,126
2018-09-14,44.71506118774414,66.6163558959961,68.03729248046875,66.5571517944336,66.5571517944336,155
2018-09-17,45.03961944580078,67.09986877441406,67.09986877441406,66.37953186035156,66.60648345947266,384
2018-09-18,44.5163459777832,66.32032775878906,67.13933563232422,66.32032775878906,66.89264678955078,524
2018-09-19,44.046077728271484,65.61972045898438,66.98146057128906,65.38290405273438,66.98146057128906,387
2018-09-20,43.91361618041992,65.42237091064453,66.38939666748047,65.42237091064453,66.38939666748047,2910
2018-09-21,43.91361618041992,65.42237091064453,66.23151397705078,65.1362075805664,65.44210815429688,2282
2018-09-24,43.11880111694336,64.2382583618164,66.06376647949219,64.15931701660156,66.03416442871094,1936
2018-09-25,42.920074462890625,63.94222640991211,65.76773834228516,63.2120246887207,65.76773834228516,7237
2018-09-26,43.05257034301758,64.13957977294922,65.08686828613281,63.24162673950195,63.94222640991211,412
2018-09-27,43.006187438964844,64.07050323486328,64.13957977294922,63.23175811767578,64.13957977294922,2403
2018-09-28,42.39684295654297,63.16268539428711,64.12971496582031,63.16268539428711,64.12971496582031,706
2018-10-01,43.045936584472656,64.12971496582031,65.58025360107422,63.16268539428711,63.16268539428711,1448
2018-10-02,42.78763198852539,63.744876861572266,64.72177124023438,63.2712287902832,64.72177124023438,372
2018-10-03,43.317501068115234,64.53428649902344,65.0177993774414,63.16268539428711,65.0177993774414,837
2018-10-04,43.4499626159668,64.73163604736328,64.73163604736328,63.35017013549805,64.53428649902344,82
2018-10-05,43.51620864868164,64.83031463623047,64.83031463623047,63.84355163574219,63.84355163574219,79
2018-10-08,43.50957489013672,64.82044219970703,64.82044219970703,63.636329650878906,64.82044219970703,662
2018-10-09,43.38373947143555,64.63296508789062,64.75137329101562,64.49481201171875,64.50468444824219,764
2018-10-10,42.82736587524414,63.804080963134766,65.10660552978516,63.804080963134766,64.49481201171875,689
2018-10-11,43.72816467285156,65.14608001708984,66.11310577392578,64.82044219970703,64.82044219970703,889
2018-10-15,43.860618591308594,65.34342956542969,66.10324096679688,65.19541931152344,65.20528411865234,418
2018-10-16,43.90699005126953,65.41250610351562,65.41250610351562,64.65269470214844,65.1756820678711,469
2018-10-17,43.71489715576172,65.1263427734375,65.60985565185547,64.76123809814453,65.41250610351562,220
2018-10-18,43.549320220947266,64.87965393066406,65.54078674316406,64.87965393066406,64.93885803222656,149
2018-10-19,43.11880111694336,64.2382583618164,64.87965393066406,64.13957977294922,64.86978149414062,1292
2018-10-22,43.05257034301758,64.13957977294922,65.7874755859375,64.13957977294922,64.85991668701172,530
2018-10-23,43.05257034301758,64.13957977294922,65.57038879394531,64.13957977294922,64.14944458007812,459
2018-10-24,43.90699005126953,65.41250610351562,65.61972045898438,64.61322784423828,65.61972045898438,224
2018-10-25,43.88711929321289,65.38290405273438,65.39276885986328,64.21852111816406,65.37303161621094,711
2018-10-26,43.959983825683594,65.49144744873047,65.50131225585938,65.36316680908203,65.36316680908203,761
2018-10-29,43.840755462646484,65.31382751464844,65.33356475830078,65.15594482421875,65.15594482421875,775
2018-10-30,43.92686080932617,65.44210815429688,65.44210815429688,65.2940902709961,65.31382751464844,545
2018-10-31,43.92686080932617,65.44210815429688,65.50131225585938,65.16580963134766,65.46184539794922,241
2018-11-01,44.24478530883789,65.91575622558594,65.91575622558594,65.34342956542969,65.43223571777344,554
2018-11-05,46.29143524169922,68.96485137939453,71.02718353271484,66.11310577392578,66.11310577392578,2511
2018-11-06,48.497047424316406,72.25077056884766,72.46785736083984,69.12273406982422,69.13259887695312,1572
2018-11-07,47.88768768310547,71.34294891357422,71.97447967529297,71.34294891357422,71.93500518798828,520
2018-11-08,48.13937759399414,71.7179183959961,72.23103332519531,71.24427032470703,72.2211685180664,919
2018-11-09,48.29173278808594,71.94487762451172,72.9908447265625,71.54029846191406,72.12248992919922,1957
2018-11-12,48.35134506225586,72.03368377685547,72.09288787841797,71.63897705078125,72.09288787841797,172
2018-11-13,49.00705337524414,73.01057434082031,73.02044677734375,71.54029846191406,71.54029846191406,720
2018-11-14,48.58977508544922,72.388916015625,73.48422241210938,71.99420928955078,71.99420928955078,398
2018-11-16,48.841461181640625,72.76388549804688,73.39541625976562,72.04354858398438,72.39878845214844,485
2018-11-19,48.81498336791992,72.72441864013672,73.26713562011719,72.30997467041016,72.30997467041016,469
2018-11-21,49.1130485534668,73.16845703125,73.18819427490234,72.26063537597656,72.73428344726562,1362
2018-11-22,48.94744873046875,72.92176818847656,74.05654907226562,72.03368377685547,73.39541625976562,3284
2018-11-23,48.82822036743164,72.74414825439453,73.62236785888672,72.54679870605469,73.1191177368164,1902
2018-11-26,49.20576095581055,73.30660247802734,73.51382446289062,72.5566635131836,73.36581420898438,663
2018-11-27,49.00705337524414,73.01057434082031,73.51382446289062,73.01057434082031,73.51382446289062,1472
2018-11-28,49.01368713378906,73.02044677734375,73.14872741699219,72.9908447265625,73.02044677734375,3773
2018-11-29,48.364593505859375,72.05342102050781,72.97110748291016,72.03368377685547,72.34944915771484,4647
2018-11-30,48.8812255859375,72.82308959960938,72.82308959960938,72.04354858398438,72.13236236572266,4093
2018-12-03,48.62290573120117,72.4382553100586,72.82308959960938,72.19156646728516,72.81322479248047,2501
2018-12-04,48.920955657958984,72.8823013305664,72.9908447265625,71.54029846191406,72.9908447265625,3872
2018-12-05,48.35134506225586,72.03368377685547,72.89216613769531,71.54029846191406,72.89216613769531,7547
2018-12-06,48.02016830444336,71.54029846191406,72.25077056884766,69.07339477539062,72.25077056884766,1982
2018-12-07,48.12611770629883,71.69818115234375,71.70805358886719,71.04692077636719,71.54029846191406,359
2018-12-10,48.02016830444336,71.54029846191406,72.01394653320312,70.60287475585938,71.69818115234375,831
2018-12-11,47.82145309448242,71.24427032470703,71.92514038085938,71.04692077636719,71.53043365478516,742
2018-12-12,48.218875885009766,71.8363265991211,72.388916015625,71.8363265991211,71.84619903564453,1729
2018-12-13,48.41756057739258,72.13236236572266,72.13236236572266,71.09626007080078,71.1159896850586,524
2018-12-14,48.311614990234375,71.97447967529297,72.51719665527344,71.80672454833984,72.4974594116211,538
2018-12-17,48.02016830444336,71.54029846191406,71.84619903564453,71.41202545166016,71.84619903564453,1906
2018-12-18,47.688995361328125,71.04692077636719,71.46135711669922,70.70155334472656,71.46135711669922,1909
2018-12-19,48.15925598144531,71.74752044677734,71.74752044677734,70.45486450195312,71.39228820800781,2833
2018-12-20,48.357948303222656,72.04354858398438,72.2113037109375,71.64884185791016,71.7179183959961,902
2018-12-21,52.25918960571289,77.85558319091797,77.95426177978516,72.3297119140625,73.46448516845703,990
2018-12-26,51.66307067871094,76.96749877929688,77.25365447998047,75.00383758544922,77.25365447998047,207
2018-12-27,50.265525817871094,74.88542938232422,76.95762634277344,73.2177963256836,76.95762634277344,375
2018-12-28,50.33837890625,74.99397277832031,75.18145751953125,74.5005874633789,75.18145751953125,1997
2019-01-02,49.54355239868164,73.80985260009766,75.48735046386719,73.12899017333984,75.2011947631836,1648
2019-01-03,49.3448486328125,73.51382446289062,74.5005874633789,73.2177963256836,74.49072265625,3854
2019-01-04,49.67604446411133,74.00720977783203,74.46112060546875,73.22766876220703,74.46112060546875,2078
2019-01-07,50.656307220458984,75.46761322021484,75.48735046386719,74.00720977783203,74.00720977783203,2009
2019-01-08,51.59022521972656,76.85895538330078,76.90829467773438,75.97086334228516,75.97086334228516,2046
2019-01-09,51.70279312133789,77.02670288085938,77.83584594726562,76.57279205322266,76.86882019042969,2326
2019-01-10,52.517486572265625,78.24041748046875,78.6449966430664,76.47411346435547,77.84571838378906,2923
2019-01-11,52.52412414550781,78.25028991699219,78.39830017089844,78.02333068847656,78.25028991699219,2072
2019-01-14,53.79583740234375,80.1448745727539,80.39156341552734,77.65823364257812,77.65823364257812,2614
2019-01-15,55.01455307006836,81.96051788330078,83.75642395019531,79.00022888183594,80.1448745727539,1207
2019-01-16,56.49821090698242,84.17086791992188,84.96027374267578,81.99998474121094,81.99998474121094,3536
2019-01-17,56.92874526977539,84.81226348876953,84.81226348876953,83.09529113769531,84.18073272705078,3147
2019-01-18,56.571075439453125,84.27941131591797,84.81226348876953,83.38145446777344,84.8023910522461,1189
2019-01-21,60.53849411010742,90.19011688232422,93.24908447265625,88.9073257446289,88.9073257446289,19374
2019-01-22,61.20087814331055,91.1768798828125,91.27555847167969,89.99276733398438,90.75257110595703,13277
2019-01-23,61.30023193359375,91.32489776611328,91.51238250732422,90.00263214111328,91.1768798828125,7348
2019-01-24,61.59163284301758,91.75907135009766,91.76893615722656,91.27555847167969,91.50251007080078,7277
2019-01-28,60.67100524902344,90.38746643066406,91.75907135009766,88.9073257446289,91.75907135009766,9738
2019-01-29,62.386451721191406,92.94318389892578,93.00238800048828,90.69336700439453,91.57158660888672,3186
2019-01-30,62.386451721191406,92.94318389892578,92.94318389892578,91.76893615722656,92.93331909179688,4020
2019-01-31,62.386451721191406,92.94318389892578,92.94318389892578,92.34126281738281,92.93331909179688,4422
2019-02-01,62.57853698730469,93.2293472290039,93.2293472290039,92.69649505615234,92.94318389892578,5024
2019-02-04,62.57193374633789,93.219482421875,93.2293472290039,92.75569915771484,93.2293472290039,5054
2019-02-05,62.53880310058594,93.1701431274414,93.19974517822266,92.75569915771484,93.15040588378906,4562
2019-02-06,62.3599853515625,92.90371704101562,93.219482421875,92.34126281738281,93.219482421875,3609
2019-02-07,62.452728271484375,93.04186248779297,93.13066864013672,92.75569915771484,92.90371704101562,1855
2019-02-08,62.26063537597656,92.75569915771484,93.04186248779297,92.558349609375,93.04186248779297,3920
2019-02-11,62.26063537597656,92.75569915771484,93.10106658935547,92.41033172607422,92.86424255371094,3982
2019-02-12,62.32685470581055,92.85437774658203,92.99252319335938,92.45967102050781,92.46954345703125,3207
2019-02-13,62.20763397216797,92.6767578125,92.75569915771484,92.45967102050781,92.75569915771484,2571
2019-02-14,62.406333923339844,92.97278594970703,92.99252319335938,92.65702056884766,92.65702056884766,3417
2019-02-15,62.51231384277344,93.13066864013672,93.2293472290039,92.65702056884766,92.97278594970703,5157
2019-02-18,62.88985824584961,93.69312286376953,93.69312286376953,92.80503845214844,93.03199768066406,2310
2019-02-19,62.923004150390625,93.74246215820312,94.7193603515625,93.59445190429688,93.68325805664062,2610
2019-02-20,63.58530807495117,94.7292251586914,94.7292251586914,93.85100555419922,94.68975830078125,3536
2019-02-21,60.61137008666992,90.29866027832031,94.7292251586914,88.87772369384766,94.7292251586914,30818
2019-02-22,61.67778015136719,91.8873519897461,93.11093139648438,91.27555847167969,92.19324493408203,4141
2019-02-25,62.26063537597656,92.75569915771484,94.67988586425781,92.26232147216797,92.65702056884766,1956
2019-02-26,62.52557373046875,93.15040588378906,93.30828857421875,92.4498062133789,92.85437774658203,3699
2019-02-27,62.54542922973633,93.18000793457031,93.18987274169922,92.46954345703125,93.15040588378906,2477
2019-02-28,62.81699752807617,93.58457946777344,93.71286010742188,92.97278594970703,93.25894927978516,2171
2019-03-01,62.923004150390625,93.74246215820312,93.74246215820312,93.25894927978516,93.58457946777344,3681
2019-03-06,63.38661193847656,94.43319702148438,94.53187561035156,93.74246215820312,93.75233459472656,3103
2019-03-07,60.074886322021484,89.49938201904297,94.41345977783203,89.30203247070312,94.41345977783203,100930
2019-03-08,62.50567626953125,93.12080383300781,93.15040588378906,90.09143829345703,90.27892303466797,4255
2019-03-11,62.68452072143555,93.3872299194336,93.71286010742188,92.65702056884766,93.19974517822266,2066
2019-03-12,62.47257995605469,93.07146453857422,93.64378356933594,92.94318389892578,93.3872299194336,2723
2019-03-13,62.452728271484375,93.04186248779297,93.61418151855469,91.77880859375,93.4464340209961,1772
2019-03-14,62.25400161743164,92.74583435058594,93.55497741699219,92.6767578125,93.18000793457031,1983
2019-03-15,63.32037353515625,94.33451843261719,94.33451843261719,92.75569915771484,92.75569915771484,5897
2019-03-18,63.57207489013672,94.70948791503906,94.7193603515625,94.24571228027344,94.33451843261719,2924
2019-03-19,63.78401565551758,95.02525329589844,95.02525329589844,94.33451843261719,94.69962310791016,2847
2019-03-20,64.90339660644531,96.69288635253906,96.70275115966797,95.04499053955078,95.04499053955078,2920
2019-03-21,64.89675903320312,96.68301391601562,96.69288635253906,96.30804443359375,96.69288635253906,1754
2019-03-22,64.87688446044922,96.65341186523438,96.69288635253906,96.28831481933594,96.69288635253906,2132
2019-03-25,65.28754425048828,97.26520538330078,98.45919036865234,96.29817962646484,96.60407257080078,2493
2019-03-26,65.17494201660156,97.09745788574219,97.44282531738281,96.76195526123047,97.43295288085938,2371
2019-03-27,64.65171813964844,96.31791687011719,97.44282531738281,96.28831481933594,97.09745788574219,2957
2019-03-28,64.8570327758789,96.62380981445312,97.42308807373047,96.31791687011719,96.31791687011719,1506
2019-03-29,65.38028717041016,97.40335083007812,97.40335083007812,96.69288635253906,97.28494262695312,2846
2019-04-01,64.97624969482422,96.80142974853516,97.44282531738281,96.50540161132812,97.40335083007812,4326
2019-04-02,65.38690185546875,97.41322326660156,97.44282531738281,97.19613647460938,97.23560333251953,2599
2019-04-03,65.40679168701172,97.44282531738281,97.44282531738281,96.76195526123047,97.39348602294922,2213
2019-04-04,65.38690185546875,97.41322326660156,97.44282531738281,97.03825378417969,97.44282531738281,2692
2019-04-05,62.29374313354492,92.80503845214844,97.44282531738281,92.80503845214844,97.44282531738281,97145
2019-04-08,62.624916076660156,93.29842376708984,94.7292251586914,93.29842376708984,94.7193603515625,3088
2019-04-09,64.44635009765625,96.01201629638672,97.17639923095703,94.67988586425781,94.70948791503906,2754
2019-04-10,64.10858917236328,95.5087661743164,96.68301391601562,95.26207733154297,96.100830078125,1761
2019-04-11,63.95623779296875,95.28181457519531,96.67314910888672,95.26207733154297,96.40672302246094,1824
2019-04-12,64.24765014648438,95.71598815917969,96.62380981445312,95.28181457519531,95.32128143310547,1611
2019-04-15,64.24765014648438,95.71598815917969,96.01201629638672,94.23584747314453,95.71598815917969,2853
2019-04-16,64.24765014648438,95.71598815917969,95.71598815917969,93.15040588378906,95.71598815917969,2133
2019-04-17,64.24765014648438,95.71598815917969,96.2093734741211,94.73909759521484,95.70612335205078,2172
2019-04-18,64.57884216308594,96.2093734741211,96.68301391601562,95.6173095703125,96.17977142333984,2993
2019-04-22,64.83714294433594,96.59420776367188,96.59420776367188,96.2093734741211,96.59420776367188,3178
2019-04-23,64.81730651855469,96.56460571289062,96.56460571289062,96.2685775756836,96.47579956054688,1722
2019-04-24,64.57884216308594,96.2093734741211,96.69288635253906,96.2093734741211,96.56460571289062,2403
2019-04-25,64.39336395263672,95.93307495117188,96.51526641845703,95.82453155517578,96.36725616455078,1579
2019-04-26,64.24765014648438,95.71598815917969,96.50540161132812,94.23584747314453,96.01201629638672,2567
2019-04-29,64.64506530761719,96.30804443359375,96.53500366210938,95.74559020996094,96.53500366210938,1379
2019-04-30,64.8437728881836,96.60407257080078,96.65341186523438,96.30804443359375,96.50540161132812,1259
2019-05-02,64.44635009765625,96.01201629638672,96.68301391601562,95.71598815917969,96.60407257080078,1864
2019-05-03,64.31391143798828,95.81466674804688,96.01201629638672,95.71598815917969,96.01201629638672,2206
2019-05-06,64.24765014648438,95.71598815917969,95.91334533691406,95.23247528076172,95.81466674804688,2192
2019-05-07,64.08869171142578,95.47916412353516,95.6173095703125,95.03512573242188,95.24234008789062,1648
2019-05-08,64.07544708251953,95.45943450927734,96.2093734741211,94.87724304199219,95.32128143310547,17231
2019-05-09,63.923126220703125,95.23247528076172,95.90347290039062,95.20287322998047,95.52850341796875,1762
2019-05-10,64.38014221191406,95.91334533691406,95.91334533691406,95.12393188476562,95.72586059570312,1857
2019-05-13,64.24105834960938,95.70612335205078,96.2093734741211,94.57134246826172,96.2093734741211,4906
2019-05-14,64.16156005859375,95.58770751953125,95.69625091552734,94.96604919433594,95.69625091552734,1606
2019-05-15,64.08207702636719,95.46929931640625,95.70612335205078,94.63054656982422,95.58770751953125,1375
2019-05-16,63.876773834228516,95.16339874267578,95.46929931640625,94.92658233642578,95.06472778320312,2275
2019-05-17,64.53910064697266,96.15016174316406,96.49552917480469,95.20287322998047,95.20287322998047,14464
2019-05-20,64.53248596191406,96.14029693603516,96.40672302246094,95.51863861083984,95.79492950439453,3363
2019-05-21,64.7113265991211,96.40672302246094,96.70275115966797,95.90347290039062,96.100830078125,2009
2019-05-22,64.8437728881836,96.60407257080078,96.60407257080078,95.94294738769531,96.35738372802734,1498
2019-05-23,64.73117065429688,96.43632507324219,96.59420776367188,96.2093734741211,96.58434295654297,1135
2019-05-24,64.8636245727539,96.63367462158203,96.63367462158203,96.0514907836914,96.3869857788086,1587
2019-05-27,64.83055114746094,96.58434295654297,96.70275115966797,96.50540161132812,96.50540161132812,1618
2019-05-28,65.04248046875,96.90010070800781,97.19613647460938,96.60407257080078,96.60407257080078,1032
2019-05-29,65.37364959716797,97.39348602294922,97.58097076416016,96.90010070800781,96.90997314453125,2648
2019-05-30,66.45330047607422,99.00190734863281,99.00190734863281,97.29480743408203,97.56123352050781,6953
2019-05-31,67.50641632080078,100.57086181640625,100.6004638671875,99.67290496826172,100.541259765625,2448
2019-06-03,67.22822570800781,100.15642547607422,100.6498031616211,97.73885345458984,100.6004638671875,2904
2019-06-04,68.81787109375,102.52465057373047,102.62332916259766,99.69264221191406,100.15642547607422,4609
2019-06-05,68.95036315917969,102.72200775146484,107.55714416503906,100.6004638671875,102.62332916259766,4232
2019-06-06,68.85098266601562,102.57398986816406,102.62332916259766,100.6498031616211,102.62332916259766,2716
2019-06-07,67.79122161865234,100.99517059326172,102.57398986816406,100.6498031616211,102.57398986816406,7820
2019-06-10,67.75811767578125,100.94583129882812,101.63656616210938,100.6498031616211,101.63656616210938,2971
2019-06-11,67.92369842529297,101.19252014160156,101.60696411132812,100.6498031616211,100.94583129882812,4538
2019-06-12,68.5330581665039,102.100341796875,102.12994384765625,101.19252014160156,101.19252014160156,1244
2019-06-13,68.49333190917969,102.0411376953125,102.32730102539062,101.56748962402344,102.100341796875,2763
2019-06-14,68.22174072265625,101.63656616210938,102.07073974609375,101.63656616210938,102.0312728881836,3523
2019-06-17,68.22174072265625,101.63656616210938,102.08061218261719,101.44908142089844,101.65630340576172,2164
2019-06-18,68.22174072265625,101.63656616210938,102.12007904052734,100.65966796875,101.34053802490234,4007
2019-06-19,68.77811431884766,102.46544647216797,102.47531127929688,100.74848175048828,101.63656616210938,1482
2019-06-21,69.51332092285156,103.56075286865234,103.61009216308594,101.82405090332031,102.08061218261719,3237
2019-06-24,70.52010345458984,105.06063079833984,106.57038116455078,102.55425262451172,103.55088806152344,3518
2019-06-25,70.20880126953125,104.59685516357422,106.57038116455078,102.85028076171875,105.08036804199219,3627
2019-06-26,70.14254760742188,104.49817657470703,105.57374572753906,104.10346984863281,104.58698272705078,2375
2019-06-27,70.20880126953125,104.59685516357422,104.59685516357422,103.61009216308594,104.49817657470703,2126
2019-06-28,69.87761688232422,104.10346984863281,105.48493957519531,103.13644409179688,105.48493957519531,1891
2019-07-01,70.2021713256836,104.58698272705078,105.45533752441406,103.61009216308594,104.00479888916016,2664
2019-07-02,70.53334045410156,105.08036804199219,105.38626098632812,104.59685516357422,104.59685516357422,2352
2019-07-03,70.2021713256836,104.58698272705078,105.48493957519531,103.11670684814453,105.18891143798828,14181
2019-07-04,70.20880126953125,104.59685516357422,105.4750747680664,103.6495590209961,104.57711791992188,3189
2019-07-05,69.18216705322266,103.06737518310547,105.4750747680664,102.57398986816406,105.17904663085938,4981
2019-07-08,69.87761688232422,104.10346984863281,105.06063079833984,102.51478576660156,103.06737518310547,5301
2019-07-10,69.54643249511719,103.61009216308594,105.28759002685547,103.61009216308594,104.10346984863281,4462
2019-07-11,69.1490249633789,103.01803588867188,105.46520233154297,102.62332916259766,103.61009216308594,11674
2019-07-12,68.88410186767578,102.62332916259766,104.66593170166016,101.63656616210938,103.01803588867188,6935
2019-07-15,68.87748718261719,102.61346435546875,103.60022735595703,102.52465057373047,102.73187255859375,4043
2019-07-16,68.88410186767578,102.62332916259766,102.62332916259766,102.12994384765625,102.52465057373047,2219
2019-07-17,69.28150177001953,103.21538543701172,103.5903549194336,102.12994384765625,102.63319396972656,2803
2019-07-18,69.28150177001953,103.21538543701172,103.21538543701172,102.18915557861328,103.11670684814453,1866
2019-07-19,70.53997039794922,105.0902328491211,105.48493957519531,102.44570922851562,103.11670684814453,3445
2019-07-22,70.1756591796875,104.54751586914062,104.89288330078125,103.14631652832031,103.14631652832031,1928
2019-07-23,70.70556640625,105.33692932128906,105.48493957519531,104.55738067626953,104.59685516357422,3374
2019-07-24,69.586181640625,103.66929626464844,105.4750747680664,103.63969421386719,105.32705688476562,4975
2019-07-25,68.566162109375,102.1496810913086,105.78096771240234,102.0510025024414,103.68903350830078,4472
2019-07-26,68.88410186767578,102.62332916259766,105.37639617919922,102.08061218261719,103.75810241699219,4491
2019-07-29,70.53997039794922,105.0902328491211,105.0902328491211,101.79444885253906,102.62332916259766,2702
2019-07-30,70.99699401855469,105.77110290527344,105.77110290527344,102.62332916259766,105.0902328491211,3161
2019-07-31,71.20230865478516,106.07699584960938,106.07699584960938,105.78096771240234,105.78096771240234,1010
2019-08-01,72.44752502441406,107.93211364746094,108.54390716552734,105.76123046875,106.07699584960938,2740
2019-08-02,72.68597412109375,108.28734588623047,108.524169921875,104.89288330078125,107.95185089111328,2194
2019-08-05,72.19583892822266,107.55714416503906,108.27748107910156,105.642822265625,108.27748107910156,12081
2019-08-06,71.99710083007812,107.26111602783203,107.89263916015625,106.07699584960938,107.26111602783203,1105
2019-08-07,71.49373626708984,106.51117706298828,107.26111602783203,106.07699584960938,107.26111602783203,2530
2019-08-08,71.46723175048828,106.4717025756836,106.95521545410156,106.16580963134766,106.51117706298828,2246
2019-08-09,71.40099334716797,106.3730239868164,106.56050872802734,102.79107666015625,106.4717025756836,2306
2019-08-12,71.2486572265625,106.14607238769531,106.45196533203125,105.10010528564453,106.3730239868164,1792
2019-08-13,71.52686309814453,106.56050872802734,106.66905975341797,104.59685516357422,106.57038116455078,1355
2019-08-14,71.85140228271484,107.04402923583984,107.26111602783203,106.4717025756836,106.57038116455078,952
2019-08-15,71.66596221923828,106.76773071289062,107.04402923583984,106.10659790039062,107.04402923583984,1333
2019-08-16,70.4074935913086,104.89288330078125,107.53740692138672,103.62982940673828,107.53740692138672,2291
2019-08-19,71.1957015991211,106.06713104248047,106.07699584960938,104.89288330078125,104.89288330078125,1168
2019-08-20,70.30813598632812,104.74486541748047,106.04739379882812,104.2021484375,106.04739379882812,1671
2019-08-21,71.04995727539062,105.85004425048828,106.02765655517578,105.34679412841797,105.34679412841797,762
2019-08-22,72.65945434570312,108.24787902832031,108.24787902832031,105.85004425048828,105.85004425048828,2158
2019-08-23,72.1428451538086,107.47820281982422,108.18866729736328,105.79084014892578,108.17880249023438,2026
2019-08-26,72.19583892822266,107.55714416503906,108.14920043945312,105.08036804199219,107.47820281982422,6283
2019-08-27,71.75865936279297,106.90587615966797,107.9715805053711,105.5244140625,107.55714416503906,1868
2019-08-28,72.19583892822266,107.55714416503906,107.95185089111328,105.5836181640625,106.90587615966797,1898
2019-08-29,71.66596221923828,106.76773071289062,107.55714416503906,105.79084014892578,107.55714416503906,1139
2019-08-30,72.19583892822266,107.55714416503906,107.55714416503906,106.87627410888672,107.53740692138672,1802
2019-09-02,71.89779663085938,107.11309814453125,107.55714416503906,105.5836181640625,107.55714416503906,4995
2019-09-03,71.40099334716797,106.3730239868164,107.54727172851562,106.34342193603516,107.11309814453125,3133
2019-09-04,71.20230865478516,106.07699584960938,107.06375885009766,106.07699584960938,106.42236328125,1757
2019-09-05,71.81827545166016,106.99468994140625,107.55714416503906,106.17567443847656,106.17567443847656,2236
2019-09-06,72.16934967041016,107.51766967773438,107.55714416503906,107.06375885009766,107.54727172851562,1565
2019-09-09,71.84481048583984,107.0341567993164,107.55714416503906,107.0341567993164,107.55714416503906,3284
2019-09-10,72.19583892822266,107.55714416503906,107.55714416503906,107.0242919921875,107.31045532226562,1590
2019-09-11,71.9640121459961,107.21177673339844,107.55714416503906,106.57038116455078,107.55714416503906,1975
2019-09-12,71.46723175048828,106.4717025756836,107.201904296875,105.83030700683594,107.201904296875,2700
2019-09-13,71.20230865478516,106.07699584960938,106.56050872802734,105.97832489013672,106.56050872802734,1274
2019-09-16,70.98371887207031,105.7513656616211,106.07699584960938,105.5934829711914,106.07699584960938,2278
2019-09-17,70.04320526123047,104.35016632080078,105.7513656616211,104.0936050415039,105.74150085449219,2202
2019-09-18,70.04320526123047,104.35016632080078,105.36653137207031,104.34029388427734,104.37976837158203,5621
2019-09-19,69.81138610839844,104.00479888916016,104.35016632080078,103.61009216308594,104.35016632080078,2171
2019-09-20,69.685546875,103.81731414794922,104.00479888916016,103.65943145751953,103.99492645263672,4204
2019-09-23,69.55965423583984,103.62982940673828,103.82717895507812,103.61995697021484,103.81731414794922,3196
2019-09-24,69.61266326904297,103.70877075195312,104.33042907714844,103.40287017822266,103.62982940673828,2890
2019-09-25,69.685546875,103.81731414794922,106.57038116455078,103.422607421875,103.99492645263672,2537
2019-09-26,69.90413665771484,104.1429443359375,104.59685516357422,103.61009216308594,103.81731414794922,2052
2019-09-27,69.87100219726562,104.0936050415039,104.2021484375,103.4127426147461,104.1922836303711,2872
2019-09-30,69.21527099609375,103.11670684814453,104.2120132446289,103.11670684814453,104.10346984863281,3993
2019-10-01,69.36763000488281,103.34366607666016,103.5903549194336,103.11670684814453,103.11670684814453,5644
2019-10-02,69.42062377929688,103.422607421875,104.083740234375,103.05750274658203,103.40287017822266,2542
2019-10-03,69.53982543945312,103.60022735595703,104.07386779785156,103.4324722290039,104.07386779785156,1748
2019-10-04,69.54643249511719,103.61009216308594,103.61009216308594,103.4324722290039,103.60022735595703,1472
2019-10-07,69.54643249511719,103.61009216308594,103.61009216308594,103.51141357421875,103.61009216308594,3555
2019-10-08,69.93724060058594,104.1922836303711,104.1922836303711,103.56075286865234,103.61009216308594,1549
2019-10-09,69.48019409179688,103.51141357421875,104.29095458984375,103.4324722290039,104.2120132446289,2682
2019-10-10,69.64580535888672,103.75810241699219,103.75810241699219,103.44234466552734,103.51141357421875,1694
2019-10-11,69.53982543945312,103.60022735595703,103.74823760986328,103.12657928466797,103.74823760986328,1973
2019-10-14,69.53319549560547,103.5903549194336,103.60022735595703,103.23512268066406,103.60022735595703,1063
2019-10-15,69.61266326904297,103.70877075195312,103.84691619873047,103.12657928466797,103.56075286865234,4214
2019-10-16,69.34773254394531,103.3140640258789,103.70877075195312,101.62670135498047,103.61009216308594,3240
2019-10-17,69.28150177001953,103.21538543701172,103.5903549194336,102.12994384765625,103.3140640258789,2723
2019-10-18,69.1490249633789,103.01803588867188,103.45220947265625,103.01803588867188,103.4127426147461,2877
2019-10-21,69.21527099609375,103.11670684814453,103.2548599243164,102.63319396972656,103.01803588867188,3845
2019-10-22,69.1026840209961,102.94895935058594,103.11670684814453,102.68253326416016,103.10684204101562,4303
2019-10-23,69.1556625366211,103.02790069580078,103.11670684814453,102.61346435546875,102.94895935058594,2170
2019-10-24,69.1026840209961,102.94895935058594,103.01803588867188,102.60359191894531,103.01803588867188,1637
2019-10-25,68.55290985107422,102.12994384765625,103.11670684814453,102.12994384765625,102.95883178710938,2433
2019-10-28,68.88410186767578,102.62332916259766,103.11670684814453,102.13981628417969,102.52465057373047,2819
2019-10-29,68.88410186767578,102.62332916259766,103.09697723388672,102.2088851928711,102.62332916259766,1304
2019-10-30,68.7450180053711,102.41610717773438,103.01803588867188,102.28782653808594,102.63319396972656,1436
2019-10-31,68.85098266601562,102.57398986816406,102.79107666015625,99.76171875,102.41610717773438,2654
2019-11-01,69.0827865600586,102.91935729980469,103.11670684814453,101.63656616210938,101.64643096923828,4160
2019-11-04,68.79798126220703,102.49504852294922,103.02790069580078,101.4293441772461,102.91935729980469,2913
2019-11-05,68.55290985107422,102.12994384765625,102.62332916259766,101.61682891845703,102.58385467529297,4690
2019-11-06,68.55290985107422,102.12994384765625,102.12994384765625,101.2714614868164,102.12994384765625,2635
2019-11-07,68.55290985107422,102.12994384765625,102.50491333007812,101.25172424316406,102.12994384765625,4633
2019-11-08,68.6920394897461,102.33716583251953,102.61346435546875,101.9325942993164,102.0312728881836,2324
2019-11-11,68.90396118164062,102.6529312133789,102.7713394165039,102.34703826904297,102.34703826904297,2993
2019-11-12,68.95036315917969,102.72200775146484,103.11670684814453,102.6529312133789,102.7713394165039,2110
2019-11-13,69.74513244628906,103.90612030029297,103.90612030029297,102.72200775146484,102.91935729980469,2472
2019-11-14,70.2021713256836,104.58698272705078,104.88301849365234,103.95545959472656,103.95545959472656,3336
2019-11-18,69.54643249511719,103.61009216308594,106.05726623535156,102.12994384765625,104.58698272705078,3554
2019-11-19,69.54643249511719,103.61009216308594,103.90612030029297,102.57398986816406,103.90612030029297,3235
2019-11-21,69.34773254394531,103.3140640258789,103.61009216308594,102.52465057373047,103.61009216308594,15668
2019-11-22,69.28150177001953,103.21538543701172,103.4127426147461,102.72200775146484,103.4127426147461,2934
2019-11-25,68.55290985107422,102.12994384765625,103.11670684814453,102.12994384765625,103.11670684814453,3585
2019-11-26,68.73837280273438,102.40624237060547,102.62332916259766,102.1496810913086,102.61346435546875,5705
2019-11-27,68.566162109375,102.1496810913086,102.62332916259766,102.1496810913086,102.40624237060547,1675
2019-11-28,68.53968048095703,102.11021423339844,102.62332916259766,100.6498031616211,102.46544647216797,3300
2019-11-29,68.47343444824219,102.01153564453125,102.61346435546875,101.38987731933594,102.61346435546875,9651
2019-12-02,68.51980590820312,102.08061218261719,105.0902328491211,102.01153564453125,102.01153564453125,2412
2019-12-03,70.195556640625,104.57711791992188,104.58698272705078,102.08061218261719,102.08061218261719,2755
2019-12-04,70.1756591796875,104.54751586914062,105.92898559570312,103.70877075195312,104.58698272705078,2562
2019-12-05,70.41411590576172,104.90274810791016,105.48493957519531,104.56725311279297,104.89288330078125,2367
2019-12-06,71.9043960571289,107.12297058105469,107.12297058105469,104.59685516357422,104.90274810791016,3187
2019-12-09,72.1825942993164,107.53740692138672,108.64258575439453,106.27435302734375,107.12297058105469,2588
2019-12-10,72.19583892822266,107.55714416503906,107.65582275390625,106.27435302734375,107.35978698730469,3302
2019-12-11,71.61959838867188,106.69866180419922,108.85967254638672,106.69866180419922,107.65582275390625,22443
2019-12-12,74.17625427246094,110.50756072998047,110.5174331665039,106.86640930175781,106.86640930175781,2343
2019-12-13,73.45429229736328,109.43199157714844,110.78385925292969,108.65245056152344,110.5174331665039,2646
2019-12-16,73.45429229736328,109.43199157714844,109.43199157714844,109.43199157714844,109.43199157714844,0
2019-12-17,75.1697769165039,111.98770904541016,111.99757385253906,110.36941528320312,110.37928771972656,3285
2019-12-18,74.82537841796875,111.47459411621094,111.99757385253906,110.5174331665039,111.99757385253906,3275
2019-12-19,74.25572967529297,110.6259765625,111.80022430419922,110.5174331665039,111.47459411621094,4065
2019-12-20,76.83223724365234,114.46448516845703,114.46448516845703,110.66544342041016,110.66544342041016,3242
2019-12-23,79.48165130615234,118.41152954101562,118.41152954101562,114.46448516845703,114.46448516845703,6813
2019-12-26,80.14401245117188,119.3982925415039,122.85196685791016,117.03006744384766,118.41152954101562,8339
2019-12-27,80.13739013671875,119.388427734375,121.37181854248047,118.41152954101562,121.37181854248047,6227
2019-12-30,81.1043930053711,120.8291015625,121.79612731933594,119.3785629272461,119.388427734375,2521
2020-01-02,80.74010467529297,120.28638458251953,126.50299072265625,117.91815185546875,120.8291015625,4276
2020-01-03,85.77395629882812,127.78578186035156,128.27915954589844,120.28638458251953,120.28638458251953,7588
2020-01-06,89.07904815673828,132.70973205566406,133.21298217773438,127.68710327148438,127.68710327148438,9673
2020-01-07,88.8538589477539,132.3742218017578,133.20310974121094,130.6473846435547,133.20310974121094,3783
2020-01-08,84.91288757324219,126.50299072265625,132.3742218017578,125.68397521972656,132.3742218017578,6290
2020-01-09,84.36315155029297,125.68397521972656,128.18048095703125,125.68397521972656,127.93379211425781,3269
2020-01-10,84.4360122680664,125.79251861572266,127.24305725097656,123.44402313232422,127.1937255859375,4562
2020-01-13,83.98558807373047,125.12152099609375,127.28253173828125,123.49336242675781,125.79251861572266,45117
2020-01-14,84.05184936523438,125.22019958496094,126.76941680908203,123.44402313232422,125.12152099609375,3417
2020-01-15,84.05184936523438,125.22019958496094,125.22019958496094,123.85846710205078,125.22019958496094,5412
2020-01-16,77.0971908569336,114.85918426513672,125.12152099609375,113.37904357910156,125.12152099609375,5802
2020-01-17,75.50758361816406,112.49095916748047,117.31622314453125,111.61273956298828,114.9578628540039,7510
2020-01-20,72.85816955566406,108.54390716552734,112.49095916748047,107.55714416503906,112.49095916748047,26447
2020-01-21,74.15637969970703,110.47795867919922,110.99107360839844,106.965087890625,108.02091979980469,33556
2020-01-22,73.58676147460938,109.62934112548828,111.47459411621094,109.59973907470703,110.47795867919922,8362
2020-01-23,73.48741912841797,109.48133087158203,110.5174331665039,109.34318542480469,110.31021118164062,5532
2020-01-24,71.99710083007812,107.26111602783203,109.03728485107422,106.965087890625,109.03728485107422,16899
2020-01-27,71.79843139648438,106.965087890625,108.05052185058594,106.965087890625,107.26111602783203,18405
2020-01-28,71.40099334716797,106.3730239868164,108.84980010986328,106.07699584960938,106.965087890625,18873
2020-01-29,72.0633544921875,107.35978698730469,107.55714416503906,106.12633514404297,106.12633514404297,9048
2020-01-30,71.53348541259766,106.57038116455078,107.35978698730469,106.12633514404297,107.35978698730469,6312
2020-01-31,71.53348541259766,106.57038116455078,107.54727172851562,106.08686828613281,106.4124984741211,14117
2020-02-03,73.5205307006836,109.53067016601562,109.53067016601562,106.3730239868164,106.76773071289062,10636
2020-02-04,75.28899383544922,112.16532135009766,114.02043914794922,109.53067016601562,109.53067016601562,11862
2020-02-05,74.18286895751953,110.5174331665039,112.19493103027344,110.5174331665039,112.19493103027344,6087
2020-02-06,73.32182312011719,109.2346420288086,110.5667724609375,108.54390716552734,110.5667724609375,8189
2020-02-07,71.6792221069336,106.78746795654297,110.17206573486328,106.57038116455078,109.52079772949219,10279
2020-02-10,71.20230865478516,106.07699584960938,108.98794555664062,105.87964630126953,108.97808074951172,15166
2020-02-11,71.06983184814453,105.87964630126953,107.54727172851562,105.78096771240234,106.06713104248047,16458
2020-02-12,69.88423919677734,104.11334228515625,106.55064392089844,104.083740234375,105.87964630126953,18411
2020-02-13,69.74513244628906,103.90612030029297,106.4124984741211,102.73187255859375,106.4124984741211,10324
2020-02-14,72.16934967041016,107.51766967773438,107.55714416503906,103.90612030029297,103.90612030029297,6903
2020-02-17,73.51390075683594,109.52079772949219,111.50419616699219,106.5309066772461,107.50780487060547,14533
2020-02-18,72.21570587158203,107.58674621582031,109.52079772949219,107.06375885009766,109.52079772949219,5909
2020-02-19,71.20230865478516,106.07699584960938,108.73139190673828,106.07699584960938,107.65582275390625,24557
2020-02-20,71.53348541259766,106.57038116455078,107.55714416503906,105.87964630126953,106.08686828613281,3469
2020-02-21,73.14299011230469,108.96821594238281,110.5174331665039,106.29408264160156,106.66905975341797,5311
2020-02-26,71.40099334716797,106.3730239868164,108.09986114501953,103.3634033203125,108.09986114501953,4619
2020-02-27,70.83802795410156,105.5342788696289,106.57038116455078,103.76797485351562,106.3631591796875,5637
2020-02-28,70.77177429199219,105.43560028076172,106.57038116455078,105.08036804199219,105.5342788696289,4345
2020-03-02,70.20880126953125,104.59685516357422,107.06375885009766,104.59685516357422,105.92898559570312,6764
2020-03-03,70.77177429199219,105.43560028076172,108.05052185058594,104.61659240722656,105.5836181640625,4788
2020-03-04,70.93736267089844,105.68229675292969,108.05052185058594,105.68229675292969,107.65582275390625,3557
2020-03-05,71.52686309814453,106.56050872802734,107.93211364746094,105.7020263671875,106.3730239868164,2307
2020-03-06,71.33478546142578,106.27435302734375,106.46183776855469,102.7713394165039,105.5836181640625,6666
2020-03-09,67.02953338623047,99.86038970947266,106.26448059082031,98.18289947509766,106.26448059082031,13894
2020-03-10,67.56602478027344,100.65966796875,103.60022735595703,100.21562957763672,101.64643096923828,4596
2020-03-11,68.22174072265625,101.63656616210938,106.3730239868164,100.5511245727539,101.34053802490234,5580
2020-03-12,62.39308547973633,92.95305633544922,101.14318084716797,88.80864715576172,101.14318084716797,8256
2020-03-13,65.24119567871094,97.19613647460938,102.57398986816406,92.85437774658203,93.54511260986328,5497
2020-03-16,62.59177780151367,93.24908447265625,95.71598815917969,89.41057586669922,95.71598815917969,5123
2020-03-17,61.63140106201172,91.81827545166016,96.998779296875,89.42044067382812,94.69962310791016,3009
2020-03-18,51.331886291503906,76.47411346435547,91.74920654296875,73.51382446289062,91.74920654296875,7392
2020-03-19,52.3055419921875,77.9246597290039,78.94102478027344,68.10636901855469,74.00720977783203,45362
2020-03-20,50.33837890625,74.99397277832031,83.87483978271484,74.51045989990234,79.91791534423828,20784
2020-03-23,51.1331901550293,76.17808532714844,82.88807678222656,69.17207336425781,73.8789291381836,9425
2020-03-24,53.05399703979492,79.0396957397461,80.91455078125,77.95426177978516,77.96412658691406,8689
2020-03-25,56.47172164916992,84.13139343261719,85.74968719482422,79.0396957397461,80.90467834472656,5229
2020-03-26,57.617584228515625,85.83849334716797,88.56195831298828,82.90780639648438,84.30901336669922,10876
2020-03-27,57.2267951965332,85.25630187988281,85.84835815429688,83.88470458984375,85.83849334716797,11229
2020-03-30,57.690433502197266,85.94703674316406,88.59156036376953,82.39469146728516,85.25630187988281,6974
2020-03-31,58.29977798461914,86.8548583984375,95.71598815917969,86.66737365722656,88.60143280029297,34283
2020-04-01,58.28654861450195,86.83512115478516,90.78217315673828,86.64763641357422,86.64763641357422,6821
2020-04-02,60.26695251464844,89.7855453491211,90.78217315673828,86.67723846435547,86.67723846435547,3718
2020-04-03,58.948883056640625,87.82188415527344,90.78217315673828,86.9041976928711,88.80864715576172,3430
2020-04-06,59.61122131347656,88.80864715576172,91.76893615722656,88.80864715576172,90.2887954711914,2948
2020-04-07,60.26695251464844,89.7855453491211,94.92658233642578,88.97640228271484,88.97640228271484,3512
2020-04-08,60.45903778076172,90.07170867919922,91.57158660888672,89.57832336425781,90.78217315673828,3084
2020-04-09,60.604774475097656,90.2887954711914,93.52537536621094,89.17375183105469,89.97303009033203,3902
2020-04-13,61.121402740478516,91.0584716796875,92.75569915771484,90.29866027832031,90.29866027832031,13755
2020-04-14,61.10153579711914,91.02886962890625,92.53861236572266,90.68350219726562,91.0584716796875,7649
2020-04-15,61.10816192626953,91.03873443603516,91.27555847167969,90.41707611083984,90.78217315673828,6522
2020-04-16,60.863067626953125,90.67362976074219,92.99252319335938,89.03560638427734,90.73283386230469,4358
2020-04-17,60.935916900634766,90.78217315673828,92.83464050292969,89.21321868896484,90.69336700439453,9891
2020-04-20,62.57193374633789,93.219482421875,95.41009521484375,89.8546142578125,90.73283386230469,3673
2020-04-22,61.59824752807617,91.76893615722656,94.7193603515625,91.37422943115234,91.37422943115234,9429
2020-04-23,61.59163284301758,91.75907135009766,93.72272491455078,91.29529571533203,91.38410186767578,3291
2020-04-24,57.948734283447266,86.33187866210938,91.77880859375,83.8649673461914,91.77880859375,25988
2020-04-27,60.00865173339844,89.40070343017578,91.75907135009766,87.32850646972656,87.32850646972656,5755
2020-04-28,59.61122131347656,88.80864715576172,91.2262191772461,88.80864715576172,88.80864715576172,3838
2020-04-29,59.915916442871094,89.26255798339844,91.6702651977539,89.0060043334961,90.2887954711914,1255
2020-04-30,59.6774787902832,88.9073257446289,91.33476257324219,88.9073257446289,89.30203247070312,5447
2020-05-04,60.77034378051758,90.53548431396484,91.56172180175781,88.9665298461914,90.32826232910156,3767
2020-05-05,60.935916900634766,90.78217315673828,91.57158660888672,90.53548431396484,91.56172180175781,6574
2020-05-06,61.88969421386719,92.20311737060547,92.26232147216797,90.29866027832031,90.78217315673828,10696
2020-05-07,61.92945861816406,92.26232147216797,96.998779296875,90.88085174560547,92.26232147216797,13272
2020-05-08,62.25400161743164,92.74583435058594,92.95305633544922,92.29192352294922,92.95305633544922,3897
2020-05-11,62.20763397216797,92.6767578125,92.91358184814453,92.16364288330078,92.91358184814453,2935
2020-05-12,61.49894332885742,91.62092590332031,92.45967102050781,90.43680572509766,91.76893615722656,6143
2020-05-13,61.532039642333984,91.6702651977539,91.96629333496094,90.64402770996094,91.62092590332031,3036
2020-05-14,61.359840393066406,91.41370391845703,92.5484848022461,91.01899719238281,91.63079071044922,7005
2020-05-15,61.51219177246094,91.64065551757812,91.76893615722656,90.78217315673828,91.76893615722656,8016
2020-05-18,61.67778015136719,91.8873519897461,92.24258422851562,91.62092590332031,91.6702651977539,5001
2020-05-19,61.59824752807617,91.76893615722656,92.75569915771484,91.76893615722656,91.8873519897461,5360
2020-05-20,61.92945861816406,92.26232147216797,93.02212524414062,91.76893615722656,91.77880859375,5535
2020-05-21,61.96259307861328,92.31166076660156,92.73596954345703,92.01563262939453,92.73596954345703,4577
2020-05-22,62.59177780151367,93.24908447265625,93.24908447265625,91.7886734008789,92.31166076660156,4552
2020-05-25,63.81053161621094,95.06472778320312,96.49552917480469,93.09120178222656,93.15040588378906,5819
2020-05-26,66.73149108886719,99.41635131835938,100.25509643554688,97.00865173339844,97.00865173339844,9417
2020-05-27,67.14875030517578,100.03800964355469,100.15642547607422,98.87362670898438,100.14655303955078,8728
2020-05-28,67.51966857910156,100.5905990600586,101.62670135498047,99.06111145019531,100.15642547607422,6408
2020-05-29,67.95683288574219,101.24185943603516,101.60696411132812,98.67627716064453,100.6004638671875,17775
2020-06-01,69.42721557617188,103.4324722290039,105.5836181640625,101.24185943603516,101.24185943603516,19724
2020-06-02,70.60619354248047,105.18891143798828,105.57374572753906,103.71863555908203,103.71863555908203,9078
2020-06-03,70.86449432373047,105.57374572753906,105.57374572753906,104.11334228515625,105.18891143798828,7039
2020-06-04,70.87116241455078,105.5836181640625,106.06713104248047,103.62982940673828,105.5836181640625,13388
2020-06-05,72.19583892822266,107.55714416503906,108.54390716552734,105.5342788696289,105.6921615600586,12018
2020-06-08,70.67906188964844,105.29745483398438,112.49095916748047,105.25798797607422,108.05052185058594,17787
2020-06-09,70.804931640625,105.48493957519531,107.88277435302734,105.08036804199219,105.29745483398438,8268
2020-06-10,71.00358581542969,105.78096771240234,110.36941528320312,104.79420471191406,105.61322021484375,9637
2020-06-12,70.6856918334961,105.30731964111328,106.55064392089844,104.6955337524414,105.77110290527344,10736
2020-06-15,69.52657318115234,103.58049011230469,108.28734588623047,100.15642547607422,104.94222259521484,9014
2020-06-16,69.42721557617188,103.4324722290039,106.4717025756836,103.22525024414062,103.62982940673828,5824
2020-06-17,69.26823425292969,103.19564819335938,103.4127426147461,102.56412506103516,103.4127426147461,5100
2020-06-18,69.37422943115234,103.35353088378906,103.60022735595703,102.62332916259766,103.4127426147461,6797
2020-06-19,69.51332092285156,103.56075286865234,104.10346984863281,102.9292221069336,103.34366607666016,13300
2020-06-22,69.45370483398438,103.4719467163086,104.0936050415039,103.24498748779297,103.60022735595703,10902
2020-06-23,69.04969787597656,102.8700180053711,103.85678100585938,102.62332916259766,103.3140640258789,10066
2020-06-24,69.20865631103516,103.10684204101562,103.11670684814453,101.68590545654297,102.8700180053711,9590
2020-06-25,68.85098266601562,102.57398986816406,103.10684204101562,102.42597961425781,103.10684204101562,10407
2020-06-26,69.04969787597656,102.8700180053711,103.11670684814453,102.51478576660156,102.58385467529297,11451
2020-06-29,68.85098266601562,102.57398986816406,102.91935729980469,102.52465057373047,102.8700180053711,13310
2020-06-30,68.55290985107422,102.12994384765625,102.61346435546875,101.04450988769531,102.57398986816406,193573
2020-07-01,68.90396118164062,102.6529312133789,102.6529312133789,102.1496810913086,102.22862243652344,24943
2020-07-02,69.01655578613281,102.8206787109375,103.61009216308594,102.62332916259766,102.62332916259766,31318
2020-07-03,70.47371673583984,104.99156188964844,108.64258575439453,103.10684204101562,103.10684204101562,76701
2020-07-06,69.87761688232422,104.10346984863281,105.61322021484375,103.71863555908203,104.59685516357422,33546
2020-07-07,69.59943389892578,103.68903350830078,104.49817657470703,102.8206787109375,104.49817657470703,17091
2020-07-08,69.44048309326172,103.45220947265625,104.44883728027344,103.14631652832031,103.61009216308594,15538
2020-07-09,70.01008605957031,104.30082702636719,104.30082702636719,103.06737518310547,103.4719467163086,36076
2020-07-10,69.54643249511719,103.61009216308594,104.30082702636719,103.22525024414062,104.30082702636719,27045
2020-07-13,69.23513793945312,103.14631652832031,104.30082702636719,103.11670684814453,103.61009216308594,56106
2020-07-14,69.54643249511719,103.61009216308594,103.89625549316406,103.11670684814453,103.18578338623047,23534
2020-07-15,69.34773254394531,103.3140640258789,103.99492645263672,103.11670684814453,103.76797485351562,45672
2020-07-16,69.8643569946289,104.083740234375,104.083740234375,102.62332916259766,103.45220947265625,138992
2020-07-17,70.20880126953125,104.59685516357422,108.64258575439453,103.4818115234375,104.083740234375,107642
2020-07-20,71.06983184814453,105.87964630126953,106.57038116455078,104.28108978271484,105.5836181640625,118160
2020-07-21,71.1957015991211,106.06713104248047,106.55064392089844,105.38626098632812,106.55064392089844,14995
2020-07-22,71.46723175048828,106.4717025756836,106.50130462646484,105.87964630126953,106.07699584960938,10562
2020-07-23,71.75865936279297,106.90587615966797,106.95521545410156,105.68229675292969,106.4717025756836,68648
2020-07-24,72.41441345214844,107.88277435302734,108.05052185058594,105.93885040283203,106.9157485961914,14230
2020-07-27,72.42103576660156,107.89263916015625,107.90251159667969,106.16580963134766,107.88277435302734,6947
2020-07-28,72.75882720947266,108.39588928222656,108.39588928222656,106.57038116455078,107.8531723022461,9643
2020-07-29,72.56013488769531,108.09986114501953,108.43536376953125,107.49794006347656,108.40576171875,5358
2020-07-30,72.5270004272461,108.05052185058594,108.33668518066406,107.45846557617188,108.09986114501953,7587
2020-07-31,72.42103576660156,107.89263916015625,108.5143051147461,105.5836181640625,108.05052185058594,9210
2020-08-03,72.36138916015625,107.8038330078125,108.04065704345703,107.27098083496094,107.89263916015625,13219
2020-08-04,72.28855895996094,107.6952896118164,107.95185089111328,106.89601135253906,107.06375885009766,16446
2020-08-05,72.28193664550781,107.6854248046875,107.70515441894531,107.17230224609375,107.70515441894531,14224
2020-08-06,72.16272735595703,107.50780487060547,107.72489166259766,107.17230224609375,107.6854248046875,15581
2020-08-07,72.34153747558594,107.77423095703125,108.13933563232422,106.08686828613281,107.44860076904297,25355
2020-08-10,72.36138916015625,107.8038330078125,108.00118255615234,106.9157485961914,107.76436614990234,21338
2020-08-11,72.0633544921875,107.35978698730469,108.00118255615234,107.29071807861328,107.8038330078125,18789
2020-08-12,72.35480499267578,107.7939682006836,107.82357025146484,107.10323333740234,107.35978698730469,26131
2020-08-13,72.57337951660156,108.11959838867188,108.11959838867188,107.46833038330078,107.82357025146484,14049
2020-08-14,72.73896026611328,108.36628723144531,108.94847869873047,107.89263916015625,108.09986114501953,24155
2020-08-17,71.85140228271484,107.04402923583984,107.7544937133789,103.70877075195312,107.65582275390625,15426
2020-08-18,71.85140228271484,107.04402923583984,107.55714416503906,106.57038116455078,107.06375885009766,77841
2020-08-19,70.97710418701172,105.74150085449219,106.23487854003906,104.59685516357422,105.76123046875,43178
2020-08-20,71.14270782470703,105.98818969726562,106.46183776855469,105.6921615600586,106.46183776855469,19873
2020-08-21,71.5666275024414,106.61972045898438,106.965087890625,105.97832489013672,105.98818969726562,37437
2020-08-24,71.85801696777344,107.05389404296875,107.16243743896484,106.67892456054688,106.86640930175781,22349
2020-08-25,71.9110336303711,107.1328353881836,107.34992218017578,106.94535064697266,107.05389404296875,10462
2020-08-26,71.26191711425781,106.16580963134766,107.2512435913086,106.16580963134766,107.04402923583984,20451
2020-08-27,71.30827331542969,106.23487854003906,106.76773071289062,106.16580963134766,106.76773071289062,28386
2020-08-28,71.46723175048828,106.4717025756836,106.69866180419922,106.2447509765625,106.57038116455078,76831
2020-08-31,70.87116241455078,105.5836181640625,107.06375885009766,105.30731964111328,106.59998321533203,22197
2020-09-01,71.46723175048828,106.4717025756836,106.80720520019531,105.5934829711914,105.5934829711914,35022
2020-09-02,71.43411254882812,106.42236328125,107.47820281982422,105.7020263671875,106.56050872802734,21918
2020-09-03,71.2486572265625,106.14607238769531,107.50780487060547,105.68229675292969,107.50780487060547,22540
2020-09-04,71.20230865478516,106.07699584960938,106.57038116455078,105.73162841796875,105.93885040283203,33596
2020-09-08,70.0564193725586,104.3698959350586,105.33692932128906,102.74173736572266,104.59685516357422,23087
2020-09-09,70.06965637207031,104.38963317871094,104.39950561523438,104.24162292480469,104.37976837158203,29681
2020-09-10,70.07630920410156,104.39950561523438,104.39950561523438,104.2021484375,104.39950561523438,35470
2020-09-11,70.06305694580078,104.37976837158203,104.49817657470703,104.10346984863281,104.39950561523438,22180
2020-09-14,70.04320526123047,104.35016632080078,104.39950561523438,103.61009216308594,104.39950561523438,27974
2020-09-15,70.01008605957031,104.30082702636719,104.39950561523438,104.10346984863281,104.35016632080078,18390
2020-09-16,69.42721557617188,103.4324722290039,104.0936050415039,103.4324722290039,104.0936050415039,18982
2020-09-17,69.51992797851562,103.57061767578125,103.61009216308594,103.35353088378906,103.4324722290039,13940
2020-09-18,69.51992797851562,103.57061767578125,103.61009216308594,103.11670684814453,103.5903549194336,20301
2020-09-21,69.0827865600586,102.91935729980469,103.61009216308594,102.84041595458984,103.57061767578125,22249
2020-09-22,69.44708251953125,103.46207427978516,103.61009216308594,102.99829864501953,103.5903549194336,9471
2020-09-23,69.2219009399414,103.12657928466797,103.46207427978516,103.11670684814453,103.46207427978516,13544
2020-09-24,69.17554473876953,103.05750274658203,103.46207427978516,102.83055114746094,103.35353088378906,42856
2020-09-25,69.21527099609375,103.11670684814453,103.21538543701172,102.83055114746094,103.11670684814453,32969
2020-09-28,69.53982543945312,103.60022735595703,103.60022735595703,102.58385467529297,103.45220947265625,43751
2020-09-29,68.99006652832031,102.78121185302734,103.61009216308594,102.66279602050781,103.61009216308594,13689
2020-09-30,69.1490249633789,103.01803588867188,103.23512268066406,102.56412506103516,102.91935729980469,32712
2020-10-01,69.4603500366211,103.4818115234375,103.55088806152344,102.63319396972656,103.55088806152344,30548
2020-10-02,68.824462890625,102.5345230102539,103.39300537109375,102.5345230102539,103.12657928466797,59391
2020-10-05,69.18216705322266,103.06737518310547,103.29432678222656,102.32730102539062,103.29432678222656,86356
2020-10-06,68.87748718261719,102.61346435546875,103.05750274658203,102.55425262451172,103.05750274658203,38144
2020-10-07,68.9437026977539,102.7121353149414,102.98843383789062,102.49504852294922,102.62332916259766,60634
2020-10-08,68.88410186767578,102.62332916259766,103.61009216308594,102.52465057373047,102.72200775146484,66396
2020-10-09,68.95036315917969,102.72200775146484,103.08710479736328,102.5345230102539,103.06737518310547,73090
2020-10-13,69.13581085205078,102.99829864501953,103.51141357421875,102.67266845703125,102.84041595458984,74509
2020-10-14,69.1490249633789,103.01803588867188,103.60022735595703,102.9292221069336,103.16604614257812,35237
2020-10-15,69.4073486328125,103.40287017822266,103.61009216308594,103.03776550292969,103.03776550292969,51882
2020-10-16,69.18878173828125,103.07723999023438,103.30419158935547,102.8206787109375,103.11670684814453,26279
2020-10-19,69.28150177001953,103.21538543701172,103.44234466552734,103.07723999023438,103.11670684814453,49349
2020-10-20,70.37435150146484,104.84354400634766,105.56388092041016,103.12657928466797,103.61009216308594,92973
2020-10-21,70.20880126953125,104.59685516357422,105.5836181640625,104.43897247314453,105.5836181640625,60558
2020-10-22,70.3280029296875,104.77446746826172,105.18891143798828,104.59685516357422,104.89288330078125,29937
2020-10-23,70.53997039794922,105.0902328491211,105.61322021484375,104.49817657470703,104.78433990478516,61756
2020-10-26,70.86449432373047,105.57374572753906,105.57374572753906,104.74486541748047,105.38626098632812,45511
2020-10-27,70.87116241455078,105.5836181640625,106.55064392089844,104.99156188964844,105.5836181640625,50808
2020-10-28,70.93074798583984,105.67242431640625,106.3532943725586,105.18891143798828,105.61322021484375,57299
2020-10-29,71.63285827636719,106.71839141845703,111.09962463378906,105.06063079833984,105.67242431640625,52173
2020-10-30,71.94413757324219,107.18217468261719,107.55714416503906,106.52104187011719,106.57038116455078,25915
2020-11-03,72.69922637939453,108.30708312988281,109.53067016601562,107.18217468261719,107.18217468261719,53019
2020-11-04,73.49403381347656,109.49119567871094,109.54053497314453,108.3564224243164,108.44522857666016,46150
2020-11-05,74.17625427246094,110.50756072998047,110.81346130371094,109.72801971435547,109.72801971435547,30648
2020-11-06,74.36168670654297,110.78385925292969,110.81346130371094,110.49769592285156,110.5667724609375,33057
2020-11-09,75.37511444091797,112.2936019897461,113.48758697509766,110.81346130371094,110.81346130371094,52083
2020-11-10,74.229248046875,110.58650207519531,113.52705383300781,110.5174331665039,112.31333923339844,53350
2020-11-11,74.24913787841797,110.61610412597656,111.20816802978516,110.58650207519531,111.19829559326172,35585
2020-11-12,74.15637969970703,110.47795867919922,111.99757385253906,110.12272644042969,110.72464752197266,45309
2020-11-13,74.80548095703125,111.44498443603516,111.50419616699219,110.41875457763672,110.5174331665039,32868
2020-11-16,73.83183288574219,109.99444580078125,111.20816802978516,108.97808074951172,111.20816802978516,36004
2020-11-17,74.31534576416016,110.71478271484375,110.71478271484375,109.99444580078125,109.99444580078125,25169
2020-11-18,74.18286895751953,110.5174331665039,110.92200469970703,110.32994842529297,110.71478271484375,31339
2020-11-19,74.18286895751953,110.5174331665039,111.02068328857422,110.12272644042969,110.65557861328125,27289
2020-11-23,73.43441772460938,109.40238952636719,110.71478271484375,109.40238952636719,110.46809387207031,31373
2020-11-24,73.5205307006836,109.53067016601562,109.92536926269531,109.27410888671875,109.9056396484375,49768
2020-11-25,72.34153747558594,107.77423095703125,110.00431060791016,106.57038116455078,109.53067016601562,180225
2020-11-26,73.50726318359375,109.51093292236328,109.63921356201172,108.60311126708984,108.60311126708984,41326
2020-11-27,73.2820816040039,109.17543029785156,109.62934112548828,109.1359634399414,109.53067016601562,41450
2020-11-30,72.92442321777344,108.64258575439453,109.17543029785156,108.24787902832031,109.17543029785156,31189
2020-12-01,71.79182434082031,106.95521545410156,109.38265228271484,106.95521545410156,109.38265228271484,53617
2020-12-02,71.75865936279297,106.90587615966797,107.96171569824219,106.4717025756836,107.01441955566406,39099
2020-12-03,70.7850341796875,105.45533752441406,107.40912628173828,105.17904663085938,106.90587615966797,63502
2020-12-04,70.20880126953125,104.59685516357422,105.90924835205078,104.58698272705078,105.46520233154297,183099
2020-12-07,70.01008605957031,104.30082702636719,105.08036804199219,103.80744171142578,103.98506164550781,63648
2020-12-08,69.9968490600586,104.28108978271484,104.8731460571289,103.5311508178711,104.2021484375,605109
2020-12-09,70.01671600341797,104.3106918334961,105.07050323486328,104.2021484375,104.2021484375,103872
2020-12-10,69.9438705444336,104.2021484375,104.84354400634766,103.5903549194336,104.59685516357422,144268
2020-12-11,69.67891693115234,103.80744171142578,104.59685516357422,103.80744171142578,104.48831176757812,60718
2020-12-14,69.7583999633789,103.92585754394531,104.59685516357422,103.79757690429688,103.91598510742188,63273
2020-12-15,70.0498275756836,104.36003112792969,104.54751586914062,103.62982940673828,103.92585754394531,55135
2020-12-16,70.69229125976562,105.31719207763672,105.5836181640625,104.59685516357422,104.59685516357422,115158
2020-12-17,70.87116241455078,105.5836181640625,106.57038116455078,105.28759002685547,105.43560028076172,90378
2020-12-18,71.52686309814453,106.56050872802734,106.86640930175781,105.6329574584961,105.6329574584961,64183
2020-12-21,71.51361846923828,106.54077911376953,107.05389404296875,106.46183776855469,106.56050872802734,88640
2020-12-22,72.32830047607422,107.7544937133789,107.94197845458984,106.52104187011719,106.55064392089844,65996
2020-12-23,73.48741912841797,109.48133087158203,110.17206573486328,107.7544937133789,107.76436614990234,108840
2020-12-28,73.5205307006836,109.53067016601562,109.99444580078125,109.03728485107422,109.56027221679688,89830
2020-12-29,73.50066375732422,109.50106811523438,109.99444580078125,109.1359634399414,109.1359634399414,61431
2020-12-30,73.8516845703125,110.0240478515625,110.0240478515625,109.51093292236328,109.53067016601562,58122
2021-01-04,73.84505462646484,110.0141830444336,110.5174331665039,108.6327133178711,110.0240478515625,85877
2021-01-05,72.67274475097656,108.26760864257812,110.0240478515625,107.9222412109375,110.0240478515625,95654
2021-01-06,73.09664916992188,108.89913940429688,109.43199157714844,108.30708312988281,108.30708312988281,92879
2021-01-07,73.24896240234375,109.1260986328125,109.2543716430664,108.61297607421875,108.65245056152344,67244
2021-01-08,73.40790557861328,109.3629150390625,109.52079772949219,108.94847869873047,109.1260986328125,66622
2021-01-11,72.99724578857422,108.7511215209961,109.52079772949219,108.7511215209961,109.33331298828125,86400
2021-01-12,73.02376556396484,108.79059600830078,109.2543716430664,108.54390716552734,108.88927459716797,83148
2021-01-13,72.85816955566406,108.54390716552734,109.17543029785156,108.25774383544922,108.83993530273438,73059
2021-01-14,72.85816955566406,108.54390716552734,108.96821594238281,108.26760864257812,108.54390716552734,67584
2021-01-15,72.99063110351562,108.74125671386719,108.74125671386719,108.34654998779297,108.55377197265625,74720
2021-01-18,72.46075439453125,107.95185089111328,108.54390716552734,107.55714416503906,108.5340347290039,72173
2021-01-19,72.45415496826172,107.94197845458984,108.06039428710938,107.76436614990234,107.76436614990234,62502
2021-01-20,72.51375579833984,108.03079223632812,108.33668518066406,107.78409576416016,108.05052185058594,53023
2021-01-21,72.49385833740234,108.00118255615234,108.4649658203125,107.16243743896484,107.7544937133789,62998
2021-01-22,72.69257354736328,108.2972183227539,108.4649658203125,107.55714416503906,108.00118255615234,69871
2021-01-26,72.79196166992188,108.44522857666016,108.5340347290039,107.7544937133789,108.34654998779297,67717
2021-01-27,73.50726318359375,109.51093292236328,109.53067016601562,108.44522857666016,108.44522857666016,41528
2021-01-28,74.37495422363281,110.8035888671875,111.50419616699219,109.51093292236328,109.51093292236328,47936
2021-01-29,74.80548095703125,111.44498443603516,111.99757385253906,110.9121322631836,110.9121322631836,67102
2021-02-01,75.59368133544922,112.6192398071289,113.28036499023438,111.405517578125,112.47122192382812,78484
2021-02-02,76.0904312133789,113.35930633544922,113.5566635131836,112.68830871582031,112.68830871582031,70984
2021-02-03,76.13018035888672,113.41851043701172,113.96123504638672,113.35930633544922,113.5566635131836,100161
2021-02-04,76.83223724365234,114.46448516845703,114.46448516845703,113.5566635131836,113.84281921386719,53021
2021-02-05,77.59397888183594,115.59925842285156,115.75714111328125,114.46448516845703,114.46448516845703,64319
2021-02-08,77.49461364746094,115.45124816894531,117.30635833740234,115.45124816894531,115.59925842285156,64682
2021-02-09,77.55419921875,115.54005432128906,116.42813873291016,115.45124816894531,115.74727630615234,50683
2021-02-10,77.82579803466797,115.94462585449219,116.37879943847656,115.54991912841797,115.94462585449219,53368
2021-02-11,77.90525817871094,116.06304168701172,117.12873840332031,115.94462585449219,116.35906219482422,62657
2021-02-12,78.30931091308594,116.66496276855469,117.42476654052734,116.24065399169922,116.42813873291016,71612
2021-02-17,78.46826171875,116.90178680419922,117.2767562866211,116.4972152709961,116.66496276855469,45660
2021-02-18,77.9383544921875,116.11237335205078,117.19781494140625,115.7768783569336,116.92152404785156,60453
2021-02-19,78.50802612304688,116.96099090576172,117.12873840332031,116.36893463134766,116.3985366821289,67337
2021-02-22,77.67347717285156,115.7176742553711,117.1090087890625,112.49095916748047,116.96099090576172,78222
2021-02-23,78.49474334716797,116.94125366210938,117.08927154541016,115.7176742553711,115.7176742553711,52566
2021-02-24,78.28278350830078,116.62548828125,116.94125366210938,116.34919738769531,116.93138885498047,45283
2021-02-25,78.19007110595703,116.48734283447266,116.94125366210938,114.96772766113281,116.43800354003906,50048
2021-02-26,78.1569595336914,116.43800354003906,117.03006744384766,115.82621765136719,116.43800354003906,55787
2021-03-01,77.95823669433594,116.14197540283203,117.03006744384766,115.08614349365234,117.02019500732422,69488
2021-03-02,76.17652130126953,113.48758697509766,116.14197540283203,113.48758697509766,116.14197540283203,69716
2021-03-03,76.24938201904297,113.59613037109375,114.9973373413086,112.52056121826172,113.49745178222656,48294
2021-03-04,76.49446868896484,113.96123504638672,113.96123504638672,113.17182159423828,113.6750717163086,49568
2021-03-05,77.15019226074219,114.93812561035156,116.43800354003906,113.96123504638672,113.96123504638672,54337
2021-03-08,76.21627807617188,113.54679107666016,115.9544906616211,113.42838287353516,114.947998046875,59398
2021-03-09,76.17652130126953,113.48758697509766,115.33283233642578,113.36917877197266,114.43487548828125,39206
2021-03-10,75.8453369140625,112.99420166015625,114.46448516845703,112.60936737060547,113.95136260986328,42503
2021-03-11,76.16328430175781,113.46784973144531,113.87242126464844,113.08301544189453,113.47772216796875,33830
2021-03-12,76.1698989868164,113.47772216796875,114.19805908203125,113.17182159423828,113.47772216796875,40805
2021-03-15,75.47445678710938,112.44161987304688,113.90202331542969,112.26399993896484,113.47772216796875,81516
2021-03-16,74.71273803710938,111.30683898925781,112.6784439086914,110.54703521728516,112.49095916748047,47380
2021-03-17,75.07040405273438,111.83969116210938,112.28373718261719,110.9121322631836,111.30683898925781,39964
2021-03-18,74.34844970703125,110.76412200927734,111.84956359863281,110.37928771972656,111.83969116210938,44450
2021-03-19,75.50096130371094,112.48108673095703,112.8363265991211,111.12922668457031,111.83969116210938,47126
2021-03-22,76.36863708496094,113.77375030517578,113.81321716308594,112.18505859375,112.49095916748047,37722
2021-03-23,76.10369873046875,113.37904357910156,113.86255645751953,113.0731430053711,113.77375030517578,34661
2021-03-24,76.08380889892578,113.34944152832031,113.87242126464844,113.0731430053711,113.47772216796875,35317
2021-03-25,75.57381439208984,112.58963012695312,113.96123504638672,111.99757385253906,113.38890838623047,53312
2021-03-26,75.67314910888672,112.7376480102539,113.40864562988281,112.2936019897461,112.58963012695312,35854
2021-03-29,76.1698989868164,113.47772216796875,114.16844940185547,112.63896942138672,112.72777557373047,42712
2021-03-30,76.10369873046875,113.37904357910156,113.97109985351562,112.99420166015625,113.93163299560547,32732
2021-03-31,75.97779846191406,113.19155883789062,113.85269165039062,112.34294128417969,113.42838287353516,43980
2021-04-01,75.712890625,112.7968521118164,113.30010223388672,112.2936019897461,113.18168640136719,50718
2021-04-05,75.31549072265625,112.20479583740234,113.46784973144531,112.20479583740234,112.88565826416016,52521
2021-04-06,74.87833404541016,111.55353546142578,112.51068878173828,111.53379821777344,112.51068878173828,46326
2021-04-07,75.25585174560547,112.1159896850586,112.34294128417969,111.61273956298828,111.86929321289062,48593
2021-04-08,74.84523010253906,111.50419616699219,112.37254333496094,111.50419616699219,112.1159896850586,50730
2021-04-09,74.9776840209961,111.70154571533203,112.19493103027344,111.10948944091797,111.89889526367188,50886
2021-04-12,74.81209564208984,111.4548568725586,111.75088500976562,111.3561782836914,111.50419616699219,46320
2021-04-13,74.11663055419922,110.41875457763672,111.4548568725586,110.32994842529297,111.405517578125,55862
2021-04-14,74.16963195800781,110.49769592285156,110.81346130371094,109.9549789428711,110.44835662841797,80398
2021-04-15,74.24913787841797,110.61610412597656,110.81346130371094,110.04378509521484,110.42861938476562,66958
2021-04-16,74.18286895751953,110.5174331665039,111.27723693847656,110.32007598876953,110.6950454711914,49867
2021-04-19,73.66624450683594,109.74775695800781,110.5174331665039,109.74775695800781,110.5174331665039,58359
2021-04-20,74.14974975585938,110.46809387207031,110.46809387207031,109.53067016601562,109.7970962524414,49059
2021-04-22,74.38157653808594,110.81346130371094,110.9121322631836,109.87603759765625,110.47795867919922,60130
2021-04-23,74.84523010253906,111.50419616699219,111.99757385253906,110.61610412597656,110.8035888671875,53529
2021-04-26,75.17639923095703,111.99757385253906,112.19493103027344,111.04041290283203,111.99757385253906,46939
2021-04-27,75.67314910888672,112.7376480102539,112.9152603149414,111.66207885742188,111.99757385253906,36697
2021-04-28,75.68637084960938,112.75738525390625,114.25726318359375,112.7376480102539,112.7376480102539,49235
2021-04-29,76.10369873046875,113.37904357910156,113.87242126464844,111.99757385253906,112.75738525390625,47131
2021-04-30,76.36198425292969,113.76387786865234,113.97109985351562,113.08301544189453,113.47772216796875,60287
2021-05-03,76.87200164794922,114.52368927001953,114.92826080322266,113.38890838623047,113.97109985351562,70143
2021-05-04,76.66667938232422,114.21778869628906,114.9578628540039,113.5763931274414,114.52368927001953,60015
2021-05-05,76.67330932617188,114.2276611328125,115.13548278808594,114.16844940185547,114.24739074707031,80515
2021-05-06,75.83878326416016,112.98433685302734,114.947998046875,112.49095916748047,114.56315612792969,53307
2021-05-07,76.27589416503906,113.6355972290039,115.15521240234375,112.92513275146484,113.44811248779297,68711
2021-05-10,76.67993927001953,114.2375259399414,114.74077606201172,113.77375030517578,113.77375030517578,46694
2021-05-11,75.71952819824219,112.80671691894531,114.21778869628906,112.31333923339844,114.21778869628906,79567
2021-05-12,74.45443725585938,110.92200469970703,112.8560562133789,110.52729797363281,112.7869873046875,60378
2021-05-13,74.73261260986328,111.33644104003906,111.78048706054688,110.66544342041016,110.92200469970703,46044
2021-05-14,74.85846710205078,111.52392578125,112.14559173583984,111.405517578125,111.50419616699219,58500
2021-05-17,74.2822036743164,110.66544342041016,111.99757385253906,110.36941528320312,111.50419616699219,71919
2021-05-18,73.12311553955078,108.93860626220703,111.50419616699219,108.34654998779297,110.96147155761719,97622
2021-05-19,73.52713775634766,109.54053497314453,110.22140502929688,109.10636138916016,109.52079772949219,53030
2021-05-20,73.32182312011719,109.2346420288086,110.0240478515625,108.83993530273438,110.0240478515625,72292
2021-05-21,73.3416748046875,109.26424407958984,109.71815490722656,109.04715728759766,109.20503234863281,57699
2021-05-24,73.38806915283203,109.33331298828125,109.62934112548828,109.1359634399414,109.48133087158203,64789
2021-05-25,74.05040740966797,110.32007598876953,111.31671142578125,109.54053497314453,109.54053497314453,42499
2021-05-26,74.84523010253906,111.50419616699219,111.60286712646484,110.78385925292969,110.7937240600586,42923
2021-05-27,74.51403045654297,111.01081085205078,111.50419616699219,110.9121322631836,111.43511962890625,39740
2021-05-28,74.08352661132812,110.36941528320312,111.2969741821289,110.32007598876953,111.01081085205078,53549
2021-05-31,73.98413848876953,110.22140502929688,111.405517578125,110.22140502929688,110.32007598876953,61113
2021-06-01,74.3087387084961,110.70491790771484,111.01081085205078,109.72801971435547,110.0733871459961,59963
2021-06-02,74.7657470703125,111.38578033447266,111.50419616699219,110.81346130371094,110.96147155761719,49399
2021-06-04,74.84523010253906,111.50419616699219,111.98770904541016,110.61610412597656,111.98770904541016,62758
2021-06-07,75.408203125,112.34294128417969,112.56990051269531,111.65220642089844,111.78048706054688,52699
2021-06-08,74.83860778808594,111.49432373046875,112.54029846191406,110.38915252685547,112.51068878173828,90372
2021-06-09,75.48108673095703,112.45148468017578,112.49095916748047,110.71478271484375,111.5732650756836,70414
2021-06-10,75.49430084228516,112.47122192382812,112.98433685302734,111.52392578125,112.59950256347656,75571
2021-06-11,75.37511444091797,112.2936019897461,112.97447204589844,111.70154571533203,112.88565826416016,52136
2021-06-14,75.24260711669922,112.09625244140625,112.60936737060547,111.01081085205078,112.2936019897461,89154
2021-06-15,74.87169647216797,111.54366302490234,112.20479583740234,111.53379821777344,112.09625244140625,64521
2021-06-16,73.58676147460938,109.62934112548828,110.6753158569336,109.39252471923828,110.5174331665039,68515
2021-06-17,73.97093963623047,110.20166778564453,110.34967803955078,109.53067016601562,109.77735900878906,65068
2021-06-18,73.77886199951172,109.9155044555664,110.50756072998047,109.43199157714844,110.22140502929688,59218
2021-06-21,73.48741912841797,109.48133087158203,110.32007598876953,109.15570068359375,110.0240478515625,57454
2021-06-22,73.58676147460938,109.62934112548828,109.71815490722656,109.1951675415039,109.53067016601562,42056
2021-06-23,73.18936920166016,109.03728485107422,109.9155044555664,108.93860626220703,109.72801971435547,47523
2021-06-24,72.72571563720703,108.34654998779297,109.3530502319336,108.34654998779297,108.93860626220703,47810
2021-06-25,70.74529266357422,105.39613342285156,108.74125671386719,104.33042907714844,108.54390716552734,131354
2021-06-28,69.2219009399414,103.12657928466797,105.05076599121094,99.66304016113281,105.02116394042969,137771
2021-06-29,69.67891693115234,103.80744171142578,105.5342788696289,103.12657928466797,104.11334228515625,73421
2021-06-30,70.4339828491211,104.9323501586914,106.42236328125,103.90612030029297,104.30082702636719,65800
2021-07-01,72.30841064453125,107.72489166259766,107.72489166259766,104.9323501586914,105.33692932128906,65833
2021-07-02,72.12960815429688,107.45846557617188,108.54390716552734,105.10010528564453,107.71502685546875,46994
2021-07-05,72.65945434570312,108.24787902832031,108.34654998779297,106.58024597167969,107.45846557617188,43895
2021-07-06,72.59322357177734,108.14920043945312,108.78073120117188,107.66568756103516,108.36628723144531,40746
2021-07-07,73.15624237060547,108.98794555664062,109.03728485107422,108.524169921875,108.5833740234375,37557
2021-07-08,73.30193328857422,109.20503234863281,109.21490478515625,108.54390716552734,109.21490478515625,32551
2021-07-12,75.17639923095703,111.99757385253906,111.99757385253906,109.185302734375,109.185302734375,56177
2021-07-13,75.87185668945312,113.03367614746094,113.23102569580078,111.99757385253906,111.99757385253906,58175
2021-07-14,75.83878326416016,112.98433685302734,113.23102569580078,111.94823455810547,113.03367614746094,43494
2021-07-15,75.73937225341797,112.8363265991211,113.6355972290039,112.74751281738281,112.98433685302734,38483
2021-07-16,75.36185455322266,112.27387237548828,112.48108673095703,110.25100708007812,112.14559173583984,51567
2021-07-19,74.67300415039062,111.24763488769531,112.40214538574219,111.24763488769531,112.40214538574219,52057
2021-07-20,74.46768951416016,110.94174194335938,111.49432373046875,110.32007598876953,111.49432373046875,63464
2021-07-21,74.36168670654297,110.78385925292969,111.38578033447266,110.78385925292969,110.94174194335938,41760
2021-07-22,74.31534576416016,110.71478271484375,111.19829559326172,110.5174331665039,110.94174194335938,34595
2021-07-23,73.5205307006836,109.53067016601562,111.15882873535156,108.55377197265625,110.71478271484375,49616
2021-07-26,73.68612670898438,109.77735900878906,110.46809387207031,108.80046081542969,110.28060913085938,46162
2021-07-27,73.12311553955078,108.93860626220703,110.41875457763672,108.83993530273438,109.54053497314453,49720
2021-07-28,73.38806915283203,109.33331298828125,109.53067016601562,108.83993530273438,109.04715728759766,36068
2021-07-29,73.2820816040039,109.17543029785156,109.93524169921875,108.83993530273438,109.33331298828125,48475
2021-07-30,73.33507537841797,109.2543716430664,110.34967803955078,109.1359634399414,109.62934112548828,56348
2021-08-02,73.45429229736328,109.43199157714844,110.0240478515625,109.22476959228516,109.39252471923828,45085
2021-08-03,73.8516845703125,110.0240478515625,110.0240478515625,109.43199157714844,109.9549789428711,43923
2021-08-04,73.43441772460938,109.40238952636719,110.0141830444336,109.39252471923828,109.54053497314453,38473
2021-08-05,73.46753692626953,109.45172882080078,109.98458099365234,109.40238952636719,109.40238952636719,33641
2021-08-06,73.09664916992188,108.89913940429688,109.68855285644531,108.54390716552734,109.46159362792969,46524
2021-08-09,73.15624237060547,108.98794555664062,109.39252471923828,108.83993530273438,108.83993530273438,35193
2021-08-10,73.10324096679688,108.90900421142578,109.43199157714844,108.74125671386719,108.98794555664062,39534
2021-08-11,72.63961029052734,108.21827697753906,109.1359634399414,108.19853973388672,108.93860626220703,58720
2021-08-12,72.66609954833984,108.25774383544922,108.5833740234375,108.21827697753906,108.54390716552734,43911
2021-08-13,72.75882720947266,108.39588928222656,108.39588928222656,108.13933563232422,108.25774383544922,43804
2021-08-16,72.48726654052734,107.99131774902344,108.5340347290039,107.67555236816406,108.38602447509766,40227
2021-08-17,72.15608215332031,107.49794006347656,108.34654998779297,107.24137878417969,107.98145294189453,58220
2021-08-18,72.32830047607422,107.7544937133789,108.14920043945312,107.0736312866211,107.47820281982422,43312
2021-08-19,71.37451934814453,106.33355712890625,107.72489166259766,106.1954116821289,107.55714416503906,52199
2021-08-20,71.79843139648438,106.965087890625,107.30058288574219,106.1362075805664,106.33355712890625,74228
2021-08-23,70.87116241455078,105.5836181640625,107.41899871826172,105.28759002685547,106.9749526977539,79101
2021-08-24,71.20230865478516,106.07699584960938,106.07699584960938,105.43560028076172,106.00792694091797,52282
2021-08-25,70.2021713256836,104.58698272705078,106.07699584960938,104.54751586914062,106.07699584960938,77966
2021-08-26,70.13593292236328,104.48831176757812,105.55401611328125,103.70877075195312,105.08036804199219,58578
2021-08-27,70.02996826171875,104.33042907714844,105.48493957519531,103.51141357421875,104.62645721435547,67481
2021-08-30,70.2816390991211,104.70539855957031,105.0902328491211,104.49817657470703,104.59685516357422,52335
2021-08-31,70.46710968017578,104.981689453125,105.12970733642578,104.70539855957031,105.08036804199219,47546
2021-09-01,70.67243194580078,105.28759002685547,105.28759002685547,104.59685516357422,105.12970733642578,56566
2021-09-02,71.25529479980469,106.15593719482422,106.27435302734375,104.6955337524414,105.28759002685547,61500
2021-09-03,69.49346160888672,103.5311508178711,106.4717025756836,103.52128601074219,106.07699584960938,85090
2021-09-06,70.16905212402344,104.53765106201172,104.57711791992188,103.61009216308594,104.1528091430664,38402
2021-09-08,69.74513244628906,103.90612030029297,105.4158706665039,103.62982940673828,104.52777862548828,74660
2021-09-09,70.34127044677734,104.79420471191406,104.88301849365234,103.71863555908203,104.30082702636719,61231
2021-09-10,70.01008605957031,104.30082702636719,105.87964630126953,103.81731414794922,104.96195220947266,82171
2021-09-13,70.24191284179688,104.64619445800781,106.20527648925781,103.9751968383789,104.99156188964844,78352
2021-09-14,69.64580535888672,103.75810241699219,106.07699584960938,103.61009216308594,105.36653137207031,65745
2021-09-15,69.85774993896484,104.07386779785156,104.58698272705078,103.62982940673828,104.083740234375,73095
2021-09-16,68.88410186767578,102.62332916259766,104.57711791992188,102.62332916259766,103.75810241699219,66997
2021-09-17,69.87761688232422,104.10346984863281,104.33042907714844,103.01803588867188,103.11670684814453,50949
2021-09-20,69.74513244628906,103.90612030029297,104.30082702636719,103.79757690429688,104.07386779785156,49666
2021-09-21,69.61266326904297,103.70877075195312,104.59685516357422,103.16604614257812,104.33042907714844,38567
2021-09-22,69.55306243896484,103.61995697021484,105.61322021484375,103.61009216308594,103.80744171142578,60962
2021-09-23,69.88423919677734,104.11334228515625,105.50467681884766,103.84691619873047,103.84691619873047,44264
2021-09-24,70.0498275756836,104.36003112792969,105.5836181640625,104.10346984863281,104.39950561523438,48970
2021-09-27,70.53334045410156,105.08036804199219,105.5836181640625,104.40937042236328,104.49817657470703,54384
2021-09-28,70.20880126953125,104.59685516357422,105.5342788696289,104.30082702636719,104.981689453125,33908
2021-09-29,70.55322265625,105.10997009277344,105.57374572753906,104.89288330078125,104.89288330078125,41118
2021-09-30,70.79827880859375,105.4750747680664,105.5836181640625,105.18891143798828,105.50467681884766,35565
2021-10-01,70.804931640625,105.48493957519531,105.5836181640625,105.28759002685547,105.5836181640625,44683
2021-10-04,70.804931640625,105.48493957519531,105.5836181640625,105.33692932128906,105.4750747680664,42219
2021-10-05,70.9638671875,105.72176361083984,106.17567443847656,105.48493957519531,105.48493957519531,44237
2021-10-06,70.85127258300781,105.55401611328125,106.21514129638672,105.18891143798828,105.97832489013672,39505
2021-10-07,70.79165649414062,105.46520233154297,105.78096771240234,105.10997009277344,105.55401611328125,39542
2021-10-08,70.83802795410156,105.5342788696289,105.7020263671875,105.38626098632812,105.55401611328125,34338
2021-10-11,70.87116241455078,105.5836181640625,105.76123046875,105.28759002685547,105.5836181640625,32686
2021-10-13,71.00358581542969,105.78096771240234,105.78096771240234,105.5342788696289,105.67242431640625,34401
2021-10-14,70.81153869628906,105.49480438232422,105.78096771240234,105.48493957519531,105.78096771240234,40737
2021-10-15,71.46723175048828,106.4717025756836,106.4717025756836,105.6329574584961,105.78096771240234,61382
2021-10-18,70.93736267089844,105.68229675292969,106.06713104248047,105.28759002685547,105.87964630126953,40511
2021-10-19,70.93736267089844,105.68229675292969,105.95858764648438,105.49480438232422,105.87964630126953,40138
2021-10-20,70.97048950195312,105.73162841796875,106.10659790039062,105.5836181640625,105.72176361083984,38294
2021-10-21,70.87116241455078,105.5836181640625,105.86978149414062,104.86328125,105.78096771240234,51805
2021-10-22,70.70556640625,105.33692932128906,105.5836181640625,104.11334228515625,105.5836181640625,49199
2021-10-25,70.87116241455078,105.5836181640625,105.90924835205078,105.33692932128906,105.38626098632812,29204
2021-10-26,70.47371673583984,104.99156188964844,105.5836181640625,104.99156188964844,105.5836181640625,36725
2021-10-27,70.195556640625,104.57711791992188,105.36653137207031,104.37976837158203,105.08036804199219,30932
2021-10-28,70.2286605834961,104.62645721435547,105.0902328491211,104.39950561523438,104.58698272705078,24390
2021-10-29,68.88410186767578,102.62332916259766,104.59685516357422,101.78457641601562,104.39950561523438,78370
2021-11-01,68.91724395751953,102.67266845703125,104.59685516357422,102.42597961425781,102.62332916259766,37130
2021-11-03,68.05615997314453,101.38987731933594,102.62332916259766,101.28133392333984,102.13981628417969,55218
2021-11-04,67.75811767578125,100.94583129882812,101.9917984008789,100.01827239990234,101.44908142089844,52942
2021-11-05,67.95683288574219,101.24185943603516,102.12007904052734,100.94583129882812,100.94583129882812,36362
2021-11-08,67.89058685302734,101.14318084716797,101.88325500488281,101.14318084716797,101.29119873046875,41476
2021-11-09,68.38072204589844,101.8733901977539,101.8733901977539,100.57086181640625,101.4293441772461,38717
2021-11-10,67.83757781982422,101.06423950195312,102.02140045166016,101.00503540039062,101.8733901977539,36642
2021-11-11,68.08930206298828,101.43921661376953,102.08061218261719,100.6498031616211,101.06423950195312,29453
2021-11-12,68.22174072265625,101.63656616210938,101.63656616210938,100.84715270996094,101.43921661376953,34373
2021-11-16,67.72498321533203,100.89649200439453,102.100341796875,100.89649200439453,101.64643096923828,35462
2021-11-17,67.5726547241211,100.66954040527344,101.63656616210938,100.62020111083984,101.06423950195312,32471
2021-11-18,66.43341827392578,98.97230529785156,101.24185943603516,98.92296600341797,100.6498031616211,38927
2021-11-19,67.82432556152344,101.04450988769531,101.14318084716797,98.77495574951172,99.0907211303711,37815
2021-11-22,67.09574890136719,99.95906829833984,100.6498031616211,99.76171875,100.63993835449219,26827
2021-11-23,66.23472595214844,98.67627716064453,100.63006591796875,98.67627716064453,99.95906829833984,37334
2021-11-24,64.9100112915039,96.70275115966797,99.34727478027344,95.3311538696289,98.70587921142578,70470
2021-11-25,63.452857971191406,94.53187561035156,96.80142974853516,93.74246215820312,96.70275115966797,82861
2021-11-26,65.07560729980469,96.9494400024414,96.9494400024414,93.24908447265625,94.53187561035156,72619
2021-11-29,65.09545135498047,96.97904205322266,97.68951416015625,95.14366912841797,97.68951416015625,50317
2021-11-30,66.71158599853516,99.38674926757812,99.58409881591797,97.09745788574219,97.19613647460938,45714
2021-12-01,67.36073303222656,100.35377502441406,102.62332916259766,99.38674926757812,99.38674926757812,65630
2021-12-02,65.63860321044922,97.78819274902344,102.5345230102539,97.19613647460938,100.35377502441406,57485
2021-12-03,67.49979400634766,100.56099700927734,101.13331604003906,98.3901138305664,98.3901138305664,29449
2021-12-06,67.55941009521484,100.6498031616211,101.14318084716797,99.76171875,100.56099700927734,67725
2021-12-07,67.6454849243164,100.77808380126953,101.14318084716797,100.66954040527344,100.66954040527344,49990
2021-12-08,67.91708374023438,101.18265533447266,101.18265533447266,100.44258117675781,101.13331604003906,53839
2021-12-09,67.87067413330078,101.11357879638672,101.18265533447266,100.15642547607422,101.18265533447266,30275
2021-12-10,68.2151107788086,101.62670135498047,101.63656616210938,100.72874450683594,101.14318084716797,35152
2021-12-13,68.44694519042969,101.9720687866211,102.62332916259766,101.62670135498047,101.63656616210938,29729
2021-12-14,68.81787109375,102.52465057373047,103.61009216308594,102.38650512695312,102.38650512695312,32712
2021-12-15,68.70525360107422,102.35690307617188,103.11670684814453,101.63656616210938,102.57398986816406,47033
2021-12-16,68.78473663330078,102.47531127929688,103.4127426147461,101.68590545654297,102.35690307617188,28976
2021-12-17,68.79798126220703,102.49504852294922,102.87989044189453,101.83391571044922,102.62332916259766,29769
2021-12-20,68.79798126220703,102.49504852294922,103.60022735595703,102.0510025024414,102.49504852294922,47086
2021-12-21,68.95036315917969,102.72200775146484,103.5903549194336,102.52465057373047,102.62332916259766,41613
2021-12-22,68.93046569824219,102.6924057006836,103.52128601074219,102.18915557861328,102.7713394165039,31683
2021-12-23,69.1490249633789,103.01803588867188,103.58049011230469,102.0312728881836,102.6924057006836,35317
2021-12-27,69.06953430175781,102.89962005615234,103.5903549194336,102.37664031982422,103.4324722290039,35899
2021-12-28,69.54643249511719,103.61009216308594,103.61009216308594,102.6924057006836,102.89962005615234,42140
2021-12-29,70.20880126953125,104.59685516357422,104.77446746826172,103.4127426147461,103.61009216308594,44916
2021-12-30,70.82477569580078,105.51454162597656,105.85990905761719,104.64619445800781,104.64619445800781,41923
2022-01-03,70.20880126953125,104.59685516357422,106.4124984741211,104.59685516357422,105.51454162597656,55622
2022-01-04,70.18228912353516,104.55738067626953,105.45533752441406,103.70877075195312,104.88301849365234,42174
2022-01-05,68.4866943359375,102.0312728881836,104.56725311279297,101.63656616210938,104.55738067626953,47419
2022-01-06,68.96355438232422,102.74173736572266,103.76797485351562,102.0312728881836,102.44570922851562,39759
2022-01-07,69.46696472167969,103.4916763305664,103.60022735595703,102.74173736572266,103.15618133544922,41619
2022-01-10,69.51332092285156,103.56075286865234,104.47843933105469,103.11670684814453,103.4916763305664,35787
2022-01-11,69.55306243896484,103.61995697021484,104.10346984863281,103.38313293457031,103.56075286865234,38019
2022-01-12,69.52657318115234,103.58049011230469,104.2514877319336,103.32392883300781,104.2021484375,39602
2022-01-13,69.8643569946289,104.083740234375,104.24162292480469,103.58049011230469,103.58049011230469,27160
2022-01-14,69.87761688232422,104.10346984863281,104.2514877319336,103.66929626464844,104.083740234375,46633
2022-01-17,69.6921615600586,103.82717895507812,104.33042907714844,103.3140640258789,104.10346984863281,37736
2022-01-18,69.76499938964844,103.93572235107422,104.0936050415039,103.61009216308594,103.72850036621094,34216
2022-01-19,70.01008605957031,104.30082702636719,104.38963317871094,103.62982940673828,103.92585754394531,49032
2022-01-20,70.01008605957031,104.30082702636719,104.38963317871094,103.72850036621094,104.29095458984375,43314
2022-01-21,70.09619140625,104.42910766601562,104.54751586914062,103.85678100585938,103.87651824951172,41223
2022-01-24,70.07630920410156,104.39950561523438,104.58698272705078,104.2021484375,104.39950561523438,27386
2022-01-25,69.95712280273438,104.22188568115234,104.52777862548828,103.56075286865234,104.39950561523438,32123
2022-01-26,69.74513244628906,103.90612030029297,104.22188568115234,103.4127426147461,103.56075286865234,34708
2022-01-27,69.67891693115234,103.80744171142578,104.68566131591797,103.61009216308594,103.90612030029297,32532
2022-01-28,69.80474853515625,103.99492645263672,104.59685516357422,103.63969421386719,103.80744171142578,30470
2022-01-31,69.73851776123047,103.89625549316406,103.99492645263672,103.4127426147461,103.99492645263672,31212
2022-02-01,69.54643249511719,103.61009216308594,104.49817657470703,103.61009216308594,103.99492645263672,28922
2022-02-02,69.77165985107422,103.94559478759766,104.34029388427734,103.61995697021484,103.89625549316406,28634
2022-02-03,69.54643249511719,103.61009216308594,103.94559478759766,103.61009216308594,103.93572235107422,34179
2022-02-04,70.2021713256836,104.58698272705078,104.6955337524414,103.61009216308594,103.61009216308594,44279
2022-02-07,70.01008605957031,104.30082702636719,104.78433990478516,104.11334228515625,104.58698272705078,32414
2022-02-08,69.92399597167969,104.17254638671875,104.30082702636719,103.80744171142578,104.30082702636719,31590
2022-02-09,69.74513244628906,103.90612030029297,104.24162292480469,103.61009216308594,104.17254638671875,25627
2022-02-10,69.70541381835938,103.84691619873047,104.1922836303711,103.61995697021484,103.90612030029297,23408
2022-02-11,70.16905212402344,104.53765106201172,104.57711791992188,103.71863555908203,103.84691619873047,27061
2022-02-14,68.75160217285156,102.42597961425781,104.7547378540039,101.73524475097656,104.53765106201172,72963
2022-02-15,67.79783630371094,101.00503540039062,103.61009216308594,99.57423400878906,102.7713394165039,62866
2022-02-16,68.12236022949219,101.4885482788086,102.40624237060547,100.65966796875,101.1530532836914,40191
2022-02-17,67.75811767578125,100.94583129882812,102.42597961425781,100.94583129882812,101.4885482788086,41043
2022-02-18,67.95683288574219,101.24185943603516,101.59709167480469,101.03463745117188,101.14318084716797,40425
2022-02-21,67.6256103515625,100.74848175048828,102.12007904052734,100.74848175048828,101.24185943603516,30711
2022-02-22,67.85745239257812,101.0938491821289,101.8141860961914,100.75834655761719,100.75834655761719,41282
2022-02-23,68.00981140136719,101.32080078125,101.61682891845703,101.05437469482422,101.0938491821289,32829
2022-02-24,67.8508529663086,101.08397674560547,101.16291809082031,100.35377502441406,100.94583129882812,33675
2022-02-25,68.22174072265625,101.63656616210938,102.37664031982422,100.63006591796875,101.08397674560547,33243
2022-03-02,67.95683288574219,101.24185943603516,102.11021423339844,100.85702514648438,101.63656616210938,34240
2022-03-03,68.155517578125,101.53788757324219,102.32730102539062,101.05437469482422,101.24185943603516,51730
2022-03-04,68.0959243774414,101.44908142089844,101.84378814697266,101.19252014160156,101.63656616210938,38462
2022-03-07,69.1490249633789,103.01803588867188,103.61009216308594,101.30106353759766,101.63656616210938,73526
2022-03-08,69.16228485107422,103.03776550292969,103.24498748779297,102.29769897460938,103.00816345214844,39673
2022-03-09,68.06708526611328,101.40613555908203,103.12740325927734,100.96098327636719,103.02848052978516,57404
2022-03-10,68.21314239501953,101.62377166748047,102.58332061767578,101.42591857910156,101.58419799804688,26631
2022-03-11,68.39906311035156,101.90074920654297,102.49429321289062,101.62377166748047,101.62377166748047,28490
2022-03-14,68.37915802001953,101.87107849121094,102.73170471191406,101.40613555908203,101.92053985595703,27610
2022-03-15,68.49203491210938,102.03924560546875,102.07881164550781,101.5940933227539,101.87107849121094,33221
2022-03-16,68.57170104980469,102.15795135498047,102.52397155761719,100.96098327636719,101.47537994384766,34740
2022-03-17,68.99005126953125,102.78116607666016,103.32524871826172,101.95021057128906,102.08870697021484,29768
2022-03-18,68.59162902832031,102.18762969970703,102.78116607666016,101.5940933227539,102.78116607666016,36688
2022-03-21,68.59162902832031,102.18762969970703,102.88008880615234,101.88096618652344,102.177734375,28320
2022-03-22,68.5451431274414,102.1183853149414,102.28655242919922,101.62377166748047,102.20741271972656,30200
2022-03-23,68.69121551513672,102.33601379394531,102.63278198242188,101.93042755126953,102.1183853149414,27660
2022-03-24,69.01659393310547,102.82073974609375,102.88008880615234,102.1678466796875,102.58332061767578,27070
2022-03-25,69.28221893310547,103.2164306640625,103.24610900878906,102.54375457763672,102.54375457763672,28207
2022-03-28,69.05644226074219,102.88008880615234,103.2164306640625,102.72181701660156,103.17686462402344,28166
2022-03-29,68.17998504638672,101.57430267333984,102.96912384033203,101.3863525390625,102.88008880615234,66321
2022-03-30,67.7284164428711,100.90162658691406,101.6534423828125,100.90162658691406,101.63365936279297,58212
2022-03-31,68.52525329589844,102.08870697021484,102.32611846923828,100.90162658691406,100.90162658691406,26801
2022-04-01,69.05644226074219,102.88008880615234,103.10761260986328,102.08870697021484,102.09860229492188,36227
2022-04-04,68.97013854980469,102.75149536132812,102.88008880615234,102.39537048339844,102.88008880615234,34663
2022-04-05,68.07372283935547,101.41603088378906,102.83062744140625,100.93130493164062,102.59321594238281,43056
2022-04-06,69.15604400634766,103.02848052978516,103.22632598876953,101.71279907226562,101.71279907226562,59118
2022-04-07,68.73107147216797,102.39537048339844,103.2164306640625,101.6930160522461,103.02848052978516,32772
2022-04-08,68.53853607177734,102.10848999023438,103.5230941772461,101.97988891601562,102.88008880615234,31915
2022-04-11,69.04314422607422,102.86030578613281,102.88008880615234,100.54550170898438,102.83062744140625,52884
2022-04-12,69.14940643310547,103.01858520507812,103.45384979248047,102.40525817871094,102.88008880615234,33506
2022-04-13,68.70450592041016,102.35579681396484,103.29557037353516,102.05902862548828,103.02848052978516,34631
2022-04-14,68.89043426513672,102.63278198242188,103.0086898803711,102.2271957397461,102.88008880615234,39387
2022-04-18,69.17013549804688,102.33601379394531,102.54375457763672,101.92053985595703,101.92053985595703,31261
2022-04-19,69.08992004394531,102.2173080444336,102.3854751586914,102.02935028076172,102.33601379394531,30064
2022-04-20,68.6820297241211,101.61387634277344,102.40525817871094,101.09947204589844,102.2173080444336,29377
2022-04-22,68.85590362548828,101.87107849121094,102.14806365966797,101.6930160522461,101.6930160522461,27845
2022-04-25,68.0735855102539,100.71367645263672,101.90074920654297,99.26939392089844,101.89086151123047,43869
2022-04-26,68.62857818603516,101.53473663330078,101.68312072753906,101.19839477539062,101.29731750488281,27079
2022-04-27,68.41458892822266,101.21818542480469,101.87107849121094,101.14893341064453,101.61387634277344,30821
2022-04-28,68.73552703857422,101.6930160522461,102.06892395019531,101.24786376953125,101.83150482177734,39705
2022-04-29,68.862548828125,101.88096618652344,102.3755874633789,101.79193878173828,101.79193878173828,33670
2022-05-02,68.54163360595703,101.40613555908203,102.3854751586914,101.39624786376953,101.88096618652344,40775
2022-05-03,68.28753662109375,101.03022766113281,102.82073974609375,100.5553970336914,101.82161712646484,43782
2022-05-04,68.78901672363281,101.77215576171875,102.30633544921875,100.99066162109375,101.44570922851562,30460
2022-05-05,68.35440826416016,101.129150390625,102.84052276611328,100.5553970336914,101.79193878173828,61087
2022-05-06,68.52157592773438,101.37645721435547,102.68224334716797,100.9115219116211,101.129150390625,31971
2022-05-09,68.85590362548828,101.87107849121094,101.98978424072266,100.9115219116211,101.49517059326172,31161
2022-05-10,69.17013549804688,102.33601379394531,102.33601379394531,101.49517059326172,101.87107849121094,21778
2022-05-11,68.9026870727539,101.94032287597656,102.29644775390625,101.67323303222656,102.29644775390625,28855
2022-05-12,68.26750946044922,101.00054931640625,101.94032287597656,101.00054931640625,101.94032287597656,26463
2022-05-13,69.1968765258789,102.3755874633789,102.45471954345703,101.08958435058594,101.10936737060547,38504
2022-05-16,69.6805191040039,102.3755874633789,102.3755874633789,102.3755874633789,102.3755874633789,0
2022-05-17,68.74462890625,101.00054931640625,101.29731750488281,100.90162658691406,100.95108795166016,25125
2022-05-18,68.68403625488281,100.9115219116211,101.6435546875,100.51583099365234,101.09947204589844,35378
2022-05-19,68.27332305908203,100.30809020996094,101.49517059326172,99.94207763671875,100.96098327636719,33570
2022-05-20,68.48875427246094,100.62464141845703,101.05001068115234,100.32787322998047,100.70378112792969,26913
2022-05-23,68.5763168334961,100.75324249267578,101.1786117553711,100.14981079101562,100.67410278320312,35712
2022-05-24,68.8725357055664,101.18850708007812,101.18850708007812,100.25862884521484,100.75324249267578,35124
2022-05-25,68.67730712890625,100.90162658691406,101.5940933227539,100.50593566894531,101.29731750488281,26214
2022-05-26,68.71098327636719,100.95108795166016,101.19839477539062,100.40701293945312,100.90162658691406,25097
2022-05-27,69.01396179199219,101.39624786376953,101.6930160522461,100.96098327636719,100.96098327636719,24133
2022-05-30,69.04762268066406,101.44570922851562,101.94032287597656,101.39624786376953,101.39624786376953,32730
2022-05-31,68.67730712890625,100.90162658691406,101.92053985595703,100.72356414794922,101.79193878173828,35167
2022-06-01,68.8119888305664,101.09947204589844,102.08870697021484,100.90162658691406,100.90162658691406,38905
2022-06-02,68.91297912597656,101.24786376953125,101.74247741699219,100.90162658691406,101.19839477539062,36268
2022-06-03,68.60325622558594,100.79281616210938,101.20829010009766,100.75324249267578,101.19839477539062,40698
2022-06-06,68.60325622558594,100.79281616210938,101.09947204589844,100.79281616210938,100.80270385742188,34317
2022-06-07,68.67730712890625,100.90162658691406,101.00054931640625,100.8224868774414,100.89173889160156,29519
2022-06-08,68.66384887695312,100.88184356689453,101.129150390625,100.78292083740234,101.09947204589844,27086
2022-06-09,68.54264831542969,100.70378112792969,100.99066162109375,100.594970703125,100.88184356689453,29757
2022-06-10,68.30699920654297,100.35755157470703,100.8719482421875,100.30809020996094,100.70378112792969,29488
2022-06-13,68.25312805175781,100.27841186523438,100.5553970336914,100.13992309570312,100.40701293945312,31042
2022-06-14,68.29351806640625,100.3377685546875,100.5553970336914,100.13992309570312,100.3971176147461,31752
2022-06-15,68.50897216796875,100.6543197631836,100.68399810791016,100.13992309570312,100.48615264892578,37586
2022-06-17,68.8604507446289,100.45647430419922,100.54550170898438,98.62639617919922,100.32787322998047,43390
2022-06-20,68.480712890625,99.90250396728516,100.45647430419922,99.41777801513672,100.45647430419922,31570
2022-06-21,68.37901306152344,99.75411987304688,100.14981079101562,99.5167007446289,99.91239929199219,29486
2022-06-22,68.18234252929688,99.46723937988281,99.91239929199219,99.46723937988281,99.79368591308594,28631
2022-06-23,68.1484603881836,99.41777801513672,99.78379821777344,98.92316436767578,99.5167007446289,24038
2022-06-24,67.80941772460938,98.92316436767578,99.6057357788086,98.26038360595703,99.41777801513672,45017
2022-06-27,67.80941772460938,98.92316436767578,99.41777801513672,98.92316436767578,99.11112213134766,27245
2022-06-28,67.94503784179688,99.12100982666016,99.36831665039062,97.9339370727539,99.06166076660156,29862
2022-06-29,67.74160766601562,98.8242416381836,99.3386459350586,98.35930633544922,99.13090515136719,22522
2022-06-30,67.80941772460938,98.92316436767578,99.21004486083984,98.31973266601562,99.12100982666016,33703
2022-07-01,67.32795715332031,98.22080993652344,99.21004486083984,96.4698715209961,98.92316436767578,61248
2022-07-04,67.46359252929688,98.41865539550781,98.88359832763672,98.13178253173828,98.88359832763672,27396
2022-07-05,67.05673217773438,97.82511901855469,98.61650085449219,97.54813385009766,98.41865539550781,50153
2022-07-06,65.89717864990234,96.13352966308594,97.43931579589844,94.96623992919922,97.43931579589844,67754
2022-07-07,65.97854614257812,96.25224304199219,96.74685668945312,96.10385131835938,96.45008850097656,37119
2022-07-08,66.5278091430664,97.05352020263672,97.05352020263672,96.25224304199219,96.25224304199219,32553
2022-07-11,66.41930389404297,96.8952407836914,97.22168731689453,96.70729064941406,97.22168731689453,36764
2022-07-12,66.28368377685547,96.69739532470703,97.18212127685547,96.28191375732422,96.90513610839844,32811
2022-07-13,65.95821380615234,96.22256469726562,96.6875,96.05439758300781,96.6875,38841
2022-07-14,66.1819839477539,96.54901123046875,96.54901123046875,95.9554672241211,96.22256469726562,37754
2022-07-15,66.44644165039062,96.93480682373047,97.14254760742188,96.49954986572266,96.55889892578125,44907
2022-07-18,66.59556579589844,96.34127044677734,96.75674438476562,96.12364196777344,96.45008850097656,32288
2022-07-19,66.97846984863281,96.8952407836914,96.9447021484375,96.34127044677734,96.34127044677734,30042
2022-07-20,67.01268005371094,96.9447021484375,96.96448516845703,96.76663970947266,96.8952407836914,34521
2022-07-21,67.92897033691406,98.27027130126953,98.27027130126953,96.76663970947266,96.96448516845703,40208
2022-07-22,67.66229248046875,97.88447570800781,98.19113159179688,97.10298156738281,97.9438247680664,32864
2022-07-25,67.23148345947266,97.2612533569336,97.9339370727539,96.97438049316406,97.88447570800781,38958
2022-07-26,67.76486206054688,98.0328598022461,98.0328598022461,97.53823852539062,97.63716125488281,28448
2022-07-27,67.69649505615234,97.9339370727539,97.9932861328125,97.52835083007812,97.9339370727539,30166
2022-07-28,67.5118408203125,97.66683959960938,97.9833984375,97.53823852539062,97.97350311279297,34363
2022-07-29,68.48287200927734,99.07154846191406,99.21993255615234,98.00318145751953,98.01306915283203,38371
2022-08-01,69.3718032836914,100.35755157470703,100.35755157470703,99.07154846191406,99.11112213134766,39279
2022-08-02,69.05726623535156,99.90250396728516,100.6048583984375,99.07154846191406,100.36744689941406,37977
2022-08-03,69.17347717285156,100.07067108154297,100.07067108154297,99.12100982666016,99.71455383300781,25525
2022-08-04,68.51703643798828,99.12100982666016,100.34765625,99.12100982666016,100.07067108154297,50011
2022-08-05,68.64697265625,99.30896759033203,100.17948913574219,99.12100982666016,99.40789031982422,29597
2022-08-08,68.79056549072266,99.5167007446289,100.01132202148438,99.12100982666016,99.39799499511719,36010
2022-08-09,68.92052459716797,99.70465850830078,99.91239929199219,99.41777801513672,99.5167007446289,38541
2022-08-10,68.76321411132812,99.47713470458984,100.34765625,99.2397232055664,99.88272094726562,64533
2022-08-11,68.94783020019531,99.74422454833984,100.11024475097656,99.31885528564453,99.49691772460938,62365
2022-08-12,68.7153549194336,99.40789031982422,99.88272094726562,99.3386459350586,99.85304260253906,68264
2022-08-15,69.61112976074219,100.70378112792969,100.75324249267578,99.41777801513672,99.80358123779297,63615
2022-08-16,70.03009796142578,100.57518005371094,101.73258209228516,100.02120971679688,100.79281616210938,56229
2022-08-17,70.20230102539062,100.8224868774414,101.66333770751953,100.40701293945312,100.90162658691406,57687
2022-08-18,70.51915740966797,101.27753448486328,101.84140014648438,100.83238220214844,101.0796890258789,54970
2022-08-19,70.8566665649414,101.76226043701172,103.1669692993164,101.28742980957031,101.28742980957031,39349
2022-08-22,71.00819396972656,101.97988891601562,102.3854751586914,101.56441497802734,101.97000122070312,38261
2022-08-23,70.14031982421875,100.73345947265625,102.87020111083984,100.6048583984375,101.97988891601562,47944
2022-08-24,70.25740051269531,100.90162658691406,101.63365936279297,100.25862884521484,101.57430267333984,42531
2022-08-25,70.32630157470703,101.00054931640625,101.3863525390625,100.54550170898438,101.14893341064453,33258
2022-08-26,70.64311218261719,101.45559692382812,102.13816833496094,101.19839477539062,101.54463195800781,48879
2022-08-29,70.59493255615234,101.3863525390625,101.49517059326172,100.70378112792969,101.10936737060547,62838
2022-08-30,70.65003967285156,101.46549224853516,102.09860229492188,101.00054931640625,101.58419799804688,49348
2022-08-31,71.6005630493164,102.83062744140625,102.83062744140625,101.5940933227539,101.78204345703125,60316
2022-09-01,70.33318328857422,101.01044464111328,103.17686462402344,100.54550170898438,102.83062744140625,103058
2022-09-02,71.35260772705078,102.4745101928711,102.62289428710938,101.15882873535156,101.20829010009766,64698
2022-09-05,71.91051483154297,103.27578735351562,103.37471008300781,102.33601379394531,102.88008880615234,57490
2022-09-06,71.91051483154297,103.27578735351562,103.57255554199219,102.83062744140625,103.31535339355469,47182
2022-09-08,71.48345947265625,102.66246032714844,103.86932373046875,102.19752502441406,103.77040100097656,49577
2022-09-09,72.24116516113281,103.75061798095703,103.77040100097656,102.73170471191406,103.2658920288086,47737
2022-09-12,71.82100677490234,103.14718627929688,103.75061798095703,102.52397155761719,103.75061798095703,59982
2022-09-13,71.49727630615234,102.68224334716797,103.24610900878906,102.62289428710938,103.24610900878906,42113
2022-09-14,71.5730209350586,102.79106140136719,103.12740325927734,102.49429321289062,102.692138671875,46438
2022-09-15,71.71077728271484,102.98890686035156,103.51319885253906,102.61299896240234,102.93944549560547,66651
2022-09-16,72.08418273925781,102.79106140136719,103.02848052978516,102.28655242919922,102.58332061767578,42388
2022-09-19,71.9107666015625,102.54375457763672,103.40438842773438,102.50418090820312,102.80095672607422,60256
2022-09-20,72.1050033569336,102.82073974609375,103.0086898803711,102.54375457763672,102.54375457763672,53494
2022-09-21,72.00093078613281,102.67235565185547,102.959228515625,102.44483184814453,102.88008880615234,47505
2022-09-22,72.1466064453125,102.88008880615234,102.97901153564453,102.44483184814453,102.75149536132812,48627
2022-09-23,72.29230499267578,103.08782958984375,103.38459777832031,102.81084442138672,102.88008880615234,46454
2022-09-26,72.1466064453125,102.88008880615234,103.38459777832031,102.4843978881836,103.37471008300781,28001
2022-09-27,71.91766357421875,102.55364227294922,102.88998413085938,102.13816833496094,102.65257263183594,47929
2022-09-28,71.48062896728516,101.93042755126953,103.14718627929688,101.49517059326172,103.01858520507812,37616
2022-09-29,71.33497619628906,101.72269439697266,102.30633544921875,101.39624786376953,102.28655242919922,38992
2022-09-30,71.45289611816406,101.89086151123047,102.26676940917969,101.72269439697266,101.72269439697266,37125
2022-10-03,71.1060562133789,101.39624786376953,101.89086151123047,101.23796844482422,101.89086151123047,73942
2022-10-04,70.89794158935547,101.09947204589844,101.39624786376953,100.8719482421875,101.34678649902344,58156
2022-10-05,70.75916290283203,100.90162658691406,101.39624786376953,100.02120971679688,101.09947204589844,55220
2022-10-06,70.89794158935547,101.09947204589844,101.39624786376953,100.70378112792969,100.89173889160156,57453
2022-10-07,70.89794158935547,101.09947204589844,101.09947204589844,100.8125991821289,101.08958435058594,61188
2022-10-10,70.92569732666016,101.13904571533203,101.89086151123047,100.70378112792969,101.09947204589844,110358
2022-10-11,71.31416320800781,101.6930160522461,101.89086151123047,101.28742980957031,101.54463195800781,41628
2022-10-13,71.44598388671875,101.88096618652344,102.20741271972656,101.30721282958984,101.7029037475586,96316
2022-10-14,71.24478149414062,101.5940933227539,102.3854751586914,101.39624786376953,102.3854751586914,44726
2022-10-17,71.56499481201172,101.31710815429688,101.91064453125,101.13904571533203,101.58419799804688,44792
2022-10-18,71.75366973876953,101.58419799804688,101.83150482177734,101.31710815429688,101.63365936279297,40020
2022-10-19,71.69075012207031,101.49517059326172,101.76226043701172,101.34678649902344,101.5940933227539,46568
2022-10-20,71.66981506347656,101.46549224853516,101.66333770751953,101.29731750488281,101.5940933227539,34648
2022-10-21,71.7256851196289,101.54463195800781,101.6534423828125,101.41603088378906,101.48527526855469,27820
2022-10-24,72.22879791259766,102.25687408447266,102.28655242919922,101.39624786376953,101.51495361328125,37855
2022-10-25,72.10302734375,102.07881164550781,102.09860229492188,101.39624786376953,102.09860229492188,36604
2022-10-26,71.78858947753906,101.63365936279297,102.08870697021484,101.39624786376953,102.07881164550781,28515
2022-10-27,71.56499481201172,101.31710815429688,101.89086151123047,101.30721282958984,101.78204345703125,27681
2022-10-28,71.54402923583984,101.28742980957031,101.83150482177734,100.89173889160156,101.31710815429688,184024
2022-10-31,71.54402923583984,101.28742980957031,101.3863525390625,100.79281616210938,101.28742980957031,186874
2022-11-01,71.0618896484375,100.6048583984375,101.79193878173828,99.91239929199219,101.28742980957031,65711
2022-11-03,70.85228729248047,100.30809020996094,101.00054931640625,100.06078338623047,100.76313781738281,38370
2022-11-04,71.13875579833984,100.71367645263672,100.72356414794922,100.20916748046875,100.3971176147461,31640
2022-11-07,71.62091827392578,101.39624786376953,101.39624786376953,100.30809020996094,100.68399810791016,36574
2022-11-08,71.27849578857422,100.9115219116211,101.49517059326172,100.9115219116211,101.39624786376953,33275
2022-11-09,71.2715072631836,100.90162658691406,101.6435546875,100.41690826416016,101.54463195800781,34275
2022-11-10,70.71952056884766,100.12013244628906,101.49517059326172,99.91239929199219,100.90162658691406,34529
2022-11-11,70.57280731201172,99.91239929199219,100.80270385742188,99.8629379272461,100.12013244628906,29646
2022-11-14,70.55181884765625,99.88272094726562,100.16959381103516,99.68487548828125,99.91239929199219,213759
2022-11-16,70.33942413330078,98.85391998291016,99.88272094726562,98.23070526123047,99.41777801513672,50713
2022-11-17,69.62850952148438,97.85479736328125,99.41777801513672,97.44921112060547,98.94294738769531,43838
2022-11-18,69.76223754882812,98.0427474975586,98.91327667236328,97.9339370727539,97.9339370727539,34319
2022-11-21,69.67776489257812,97.92404174804688,98.71542358398438,97.52835083007812,98.0427474975586,31084
2022-11-22,69.57221984863281,97.7756576538086,98.80445861816406,97.62727355957031,97.95372009277344,29230
2022-11-23,69.1639404296875,97.201904296875,98.4681167602539,97.06340789794922,97.7756576538086,27535
2022-11-24,69.4736328125,97.63716125488281,97.64705657958984,97.201904296875,97.201904296875,20240
2022-11-25,69.45254516601562,97.60749053955078,97.9339370727539,97.09308624267578,97.63716125488281,32447
2022-11-28,69.43844604492188,97.58769989013672,97.86468505859375,97.24147033691406,97.60749053955078,112862
2022-11-29,69.17801666259766,97.22168731689453,97.9339370727539,96.84577941894531,97.58769989013672,192175
2022-11-30,69.19917297363281,97.2513656616211,97.74597930908203,96.45008850097656,97.22168731689453,232486
2022-12-01,69.4736328125,97.63716125488281,97.9339370727539,96.80621337890625,97.2513656616211,49470
2022-12-02,69.67776489257812,97.92404174804688,97.9339370727539,97.63716125488281,97.7261962890625,35340
2022-12-05,69.5440444946289,97.73609161376953,97.9339370727539,97.63716125488281,97.9339370727539,28659
2022-12-06,69.61444091796875,97.83501434326172,97.9339370727539,97.63716125488281,97.73609161376953,32653
2022-12-07,69.31880187988281,97.4195327758789,97.9339370727539,97.35028839111328,97.9339370727539,34560
2022-12-08,69.31880187988281,97.4195327758789,97.6866226196289,97.14254760742188,97.6866226196289,34157
2022-12-09,69.22025299072266,97.28104400634766,97.6866226196289,97.09308624267578,97.4195327758789,22837
2022-12-12,68.88240814208984,96.80621337890625,97.83501434326172,96.80621337890625,97.49867248535156,35256
2022-12-13,69.15692138671875,97.19200897216797,97.9932861328125,96.80621337890625,97.43931579589844,45585
2022-12-14,68.91053771972656,96.84577941894531,97.64705657958984,96.45008850097656,97.24147033691406,38426
2022-12-15,67.39720153808594,94.71893310546875,97.14254760742188,94.47162628173828,96.84577941894531,69302
2022-12-16,67.38175964355469,93.96711730957031,95.46085357666016,93.51206970214844,94.71893310546875,40468
2022-12-19,67.17605590820312,93.68023681640625,93.97700500488281,93.48239135742188,93.96711730957031,48768
2022-12-20,67.81449127197266,94.57054901123047,94.96623992919922,93.5912094116211,93.68023681640625,36733
2022-12-21,67.82157897949219,94.58043670654297,95.9455795288086,94.32323455810547,94.57054901123047,42586
2022-12-22,68.27557373046875,95.21354675292969,96.9447021484375,94.66947174072266,94.66947174072266,34686
2022-12-23,69.6587905883789,97.14254760742188,97.38985443115234,95.35203552246094,95.35203552246094,28383
2022-12-26,69.82904815673828,97.37996673583984,97.73609161376953,96.74685668945312,97.04362487792969,24461
2022-12-27,69.87873840332031,97.44921112060547,98.0427474975586,97.01394653320312,97.38985443115234,31348
2022-12-28,69.89998626708984,97.47888946533203,97.7261962890625,96.97438049316406,97.44921112060547,27653
2022-12-29,71.21937561035156,99.31885528564453,99.31885528564453,97.49867248535156,97.49867248535156,21839
2023-01-02,69.6587905883789,97.14254760742188,99.41777801513672,95.9554672241211,99.2891845703125,54188
2023-01-03,69.5169448852539,96.9447021484375,98.22080993652344,96.1632080078125,97.43931579589844,39225
2023-01-04,68.1195068359375,94.99591827392578,97.40963745117188,94.76839447021484,96.9447021484375,44352
2023-01-05,69.30412292480469,96.64793395996094,96.9447021484375,95.0651626586914,95.0651626586914,25338
2023-01-06,69.05584716796875,96.30170440673828,97.24147033691406,95.73783874511719,96.74685668945312,31133
2023-01-09,69.69429016113281,97.19200897216797,97.19200897216797,95.9554672241211,96.30170440673828,27463
2023-01-10,70.22631072998047,97.9339370727539,97.9339370727539,95.9455795288086,97.19200897216797,31669
2023-01-11,69.85742950439453,97.4195327758789,98.0328598022461,97.10298156738281,97.66683959960938,27191
2023-01-12,69.75101470947266,97.27114868164062,97.6866226196289,96.81610107421875,97.4195327758789,141814
2023-01-13,69.88578796386719,97.4591064453125,98.57693481445312,96.79631805419922,97.27114868164062,207347
2023-01-16,68.79105377197266,95.21354675292969,97.65695190429688,94.96623992919922,97.4591064453125,46145
2023-01-17,69.02691650390625,95.53999328613281,95.9554672241211,95.28279113769531,95.3817138671875,31252
2023-01-18,69.24848175048828,95.8466567993164,96.45008850097656,95.53999328613281,95.80708312988281,32616
2023-01-19,68.65525817871094,95.02559661865234,96.10385131835938,95.02559661865234,95.8565444946289,28746
2023-01-20,68.60523986816406,94.95634460449219,95.36193084716797,94.48151397705078,95.12451934814453,36345
2023-01-23,68.21929168701172,94.42215728759766,94.94645690917969,93.98690032958984,94.94645690917969,44951
2023-01-24,67.57604217529297,93.53185272216797,94.31334686279297,93.53185272216797,94.31334686279297,50494
2023-01-25,67.59033203125,93.5516357421875,93.77915954589844,93.21530151367188,93.77915954589844,35048
2023-01-26,67.56890106201172,93.52195739746094,93.70001983642578,93.36368560791016,93.541748046875,29090
2023-01-27,67.54031372070312,93.48239135742188,93.65055847167969,92.99766540527344,93.48239135742188,35589
2023-01-30,67.26158142089844,93.09658813476562,93.77915954589844,93.00756072998047,93.48239135742188,38108
2023-01-31,67.6546859741211,93.64067077636719,94.47162628173828,93.04712677001953,93.08670043945312,40343
2023-02-01,67.40453338623047,93.29443359375,94.16496276855469,93.08670043945312,93.87808227539062,93483
2023-02-02,67.5474624633789,93.4922866821289,93.94732666015625,92.70089721679688,93.29443359375,47687
2023-02-03,67.32588958740234,93.18562316894531,93.73959350585938,93.02734375,93.4922866821289,32074
2023-02-06,66.99713897705078,92.73057556152344,93.58131408691406,91.99854278564453,93.18562316894531,44976
2023-02-07,67.0042724609375,92.74047088623047,93.3340072631836,92.51294708251953,92.7206802368164,26995
2023-02-08,67.0400161743164,92.78993225097656,93.02734375,92.49315643310547,92.74047088623047,35167
2023-02-09,67.09003448486328,92.85917663574219,92.98777770996094,92.49315643310547,92.78993225097656,31399
2023-02-10,67.2401351928711,93.0669174194336,93.16584014892578,92.62175750732422,92.85917663574219,21734
2023-02-13,67.068603515625,92.82949829101562,93.18562316894531,92.59208679199219,93.0669174194336,104711
2023-02-14,67.1615219116211,92.95809936523438,93.36368560791016,92.33488464355469,92.82949829101562,31925
2023-02-15,67.18294525146484,92.98777770996094,93.27465057373047,92.58219146728516,92.85917663574219,26114
2023-02-16,67.21772766113281,92.30520629882812,92.98777770996094,91.80069732666016,92.78993225097656,28605
2023-02-17,67.04484558105469,92.06778717041016,92.47337341308594,91.99854278564453,92.30520629882812,30496
2023-02-22,67.08087921142578,92.11724853515625,92.41402435302734,91.5138168334961,92.06778717041016,21656
2023-02-23,65.79137420654297,90.34652709960938,92.39423370361328,90.11900329589844,92.39423370361328,133010
2023-02-24,66.4901351928711,91.30608367919922,91.57317352294922,90.59383392333984,90.83125305175781,43125
2023-02-27,66.69184112548828,91.58306884765625,91.93919372558594,91.11812591552734,91.30608367919922,37112
2023-02-28,66.4901351928711,91.30608367919922,93.48239135742188,90.61361694335938,91.59295654296875,38308
2023-03-01,66.75670623779297,91.6720962524414,93.05702209472656,91.30608367919922,91.35554504394531,39092
2023-03-02,66.75670623779297,91.6720962524414,92.9778823852539,91.26651000976562,91.6720962524414,33888
2023-03-03,67.42664337158203,92.59208679199219,92.93831634521484,91.82048034667969,91.82048034667969,26123
2023-03-06,67.92369079589844,93.27465057373047,93.76927185058594,92.64154052734375,92.64154052734375,27762
2023-03-07,67.89488220214844,93.2350845336914,93.96711730957031,92.83939361572266,93.27465057373047,30086
2023-03-08,67.80121612548828,93.10648345947266,93.97700500488281,92.83939361572266,93.2350845336914,27092
2023-03-09,68.27665710449219,93.7593765258789,93.92754364013672,92.98777770996094,93.10648345947266,32373
2023-03-10,68.24786376953125,93.71981048583984,93.97700500488281,93.05702209472656,93.7593765258789,26480
2023-03-13,68.31990051269531,93.81873321533203,94.857421875,93.70991516113281,93.71981048583984,97542
2023-03-14,68.86016082763672,94.56065368652344,94.75849914550781,93.37357330322266,93.97700500488281,34667
2023-03-15,68.86737060546875,94.57054901123047,94.9068832397461,93.48239135742188,94.47162628173828,27044
2023-03-16,68.0965805053711,92.78993225097656,94.00668334960938,92.69100952148438,93.8582992553711,27398
2023-03-17,68.16191101074219,92.87895965576172,93.11637878417969,92.0282211303711,92.78993225097656,33268
2023-03-20,67.87153625488281,92.48326873779297,92.91852569580078,91.9292984008789,92.87895965576172,33389
2023-03-21,67.37786865234375,91.81059265136719,92.58219146728516,91.33576202392578,92.10736083984375,32175
2023-03-22,67.39964294433594,91.84026336669922,92.39423370361328,91.5039291381836,91.81059265136719,30365
2023-03-23,67.35612487792969,91.78091430664062,91.99854278564453,91.02909851074219,91.84026336669922,26257
2023-03-24,67.26171112060547,91.65231323242188,92.87895965576172,91.00931549072266,91.78091430664062,60444
2023-03-27,67.19635772705078,91.56327819824219,92.1963882446289,91.11812591552734,91.65231323242188,30691
2023-03-28,67.56661224365234,92.06778717041016,92.09746551513672,91.10823822021484,91.58306884765625,27637
2023-03-29,67.4504623413086,91.90951538085938,92.47337341308594,91.5039291381836,92.06778717041016,25808
2023-03-30,67.84249114990234,92.44369506835938,92.52283477783203,91.5138168334961,91.89962005615234,25058
2023-03-31,68.5975112915039,93.47249603271484,93.47249603271484,92.39423370361328,92.44369506835938,219351
2023-04-03,67.73358917236328,92.2953109741211,93.44282531738281,91.99854278564453,93.26476287841797,40071
2023-04-04,67.5884017944336,92.09746551513672,92.93831634521484,92.09746551513672,92.30520629882812,25039
2023-04-05,67.39964294433594,91.84026336669922,92.69100952148438,91.63253021240234,92.21617126464844,38180
2023-04-06,67.59566497802734,92.10736083984375,92.64154052734375,92.0282211303711,92.13703918457031,19276
2023-04-10,67.8787841796875,92.49315643310547,92.64154052734375,91.86005401611328,92.05789947509766,28496
2023-04-11,68.93143463134766,93.92754364013672,93.92754364013672,92.08757781982422,92.64154052734375,27093
2023-04-12,68.64832305908203,93.541748046875,93.88797760009766,93.02734375,93.76927185058594,26489
2023-04-13,68.37970733642578,93.17572784423828,93.97700500488281,92.79981994628906,93.541748046875,39449
2023-04-14,68.96775817871094,93.97700500488281,93.97700500488281,92.78993225097656,93.17572784423828,32200
2023-04-17,71.04440307617188,96.05439758300781,96.93480682373047,93.05702209472656,93.74948120117188,39969
2023-04-18,70.16641235351562,94.86731719970703,96.05439758300781,94.03636169433594,95.64881134033203,34615
2023-04-19,69.50791931152344,93.97700500488281,95.64881134033203,93.10648345947266,94.6397933959961,35792
2023-04-20,69.03966522216797,93.34390258789062,95.41139221191406,93.13616180419922,93.97700500488281,35985
2023-04-24,69.5152359008789,93.98690032958984,94.95634460449219,93.48239135742188,93.70991516113281,31578
2023-04-25,69.82254028320312,94.40237426757812,94.5507583618164,93.68023681640625,93.98690032958984,41198
2023-04-26,70.02008819580078,94.66947174072266,94.96623992919922,94.03636169433594,94.39248657226562,98222
2023-04-27,69.87376403808594,94.47162628173828,94.92666625976562,93.72969818115234,94.36280822753906,42825
2023-04-28,70.45906829833984,95.26300811767578,96.9447021484375,94.00668334960938,94.47162628173828,57178
2023-05-02,69.73472595214844,94.2836685180664,95.46085357666016,93.15594482421875,95.26300811767578,78415
2023-05-03,69.18599700927734,93.541748046875,94.49140930175781,93.29443359375,94.26388549804688,55810
2023-05-04,69.7054672241211,94.24410247802734,94.45183563232422,93.74948120117188,93.77915954589844,36475
2023-05-05,70.56883239746094,95.41139221191406,95.41139221191406,93.86819458007812,94.24410247802734,34070
2023-05-08,69.41281127929688,93.84840393066406,96.42041015625,92.49315643310547,95.41139221191406,98744
2023-05-09,70.05668640136719,94.71893310546875,94.96623992919922,93.89786529541016,94.0660400390625,59934
2023-05-10,70.21031188964844,94.92666625976562,95.1640853881836,94.08582305908203,94.43205261230469,45371
2023-05-11,70.6273422241211,95.49053192138672,95.91590118408203,94.45183563232422,94.45183563232422,33807
2023-05-12,71.48340606689453,96.64793395996094,96.6776123046875,95.55977630615234,95.75762176513672,55113
2023-05-15,72.02484893798828,97.37996673583984,97.4195327758789,95.44107055664062,96.64793395996094,52667
2023-05-16,72.23733520507812,96.93480682373047,97.27114868164062,96.05439758300781,96.64793395996094,38094
2023-05-17,72.39214324951172,97.14254760742188,97.35028839111328,96.69739532470703,96.93480682373047,35075
2023-05-18,72.22261810302734,96.91502380371094,97.32061004638672,96.69739532470703,97.07330322265625,27771
2023-05-19,72.53961181640625,97.34039306640625,97.39974975585938,96.25224304199219,96.7369613647461,24550
2023-05-22,72.46586608886719,97.24147033691406,98.42855072021484,96.9447021484375,97.18212127685547,42868
2023-05-23,72.17100524902344,96.84577941894531,98.0328598022461,96.84577941894531,97.24147033691406,27088
2023-05-24,72.09729766845703,96.74685668945312,97.43931579589844,96.74685668945312,97.01394653320312,25770
2023-05-25,72.2520980834961,96.95459747314453,97.28104400634766,96.53911590576172,96.92491912841797,32324
2023-05-26,72.40692901611328,97.1623306274414,97.28104400634766,96.85567474365234,96.9447021484375,206775
2023-05-29,71.97197723388672,96.57868957519531,97.05352020263672,96.17310333251953,96.93480682373047,31629
2023-05-30,72.23733520507812,96.93480682373047,96.9447021484375,96.57868957519531,96.57868957519531,26521
2023-05-31,72.56170654296875,97.37007141113281,97.62727355957031,96.6281509399414,96.93480682373047,206158
2023-06-01,72.51011657714844,97.30082702636719,98.38897705078125,95.47074890136719,97.37007141113281,86746
2023-06-02,72.62808990478516,97.4591064453125,97.83501434326172,96.84577941894531,97.43931579589844,29201
2023-06-05,73.23992919921875,98.28016662597656,98.28016662597656,97.48877716064453,97.83501434326172,47643
2023-06-06,73.56428527832031,98.71542358398438,98.71542358398438,97.9339370727539,98.23070526123047,48617
2023-06-07,73.7190933227539,98.92316436767578,98.92316436767578,98.0328598022461,98.71542358398438,37328
2023-06-09,73.82967376708984,99.07154846191406,99.0814437866211,98.68575286865234,98.91327667236328,47872
2023-06-12,74.08769989013672,99.41777801513672,99.41777801513672,98.81434631347656,99.07154846191406,47887
2023-06-13,74.43416595458984,99.88272094726562,100.20916748046875,99.27928924560547,99.41777801513672,40662
2023-06-14,75.06815338134766,100.73345947265625,100.80270385742188,99.88272094726562,99.88272094726562,33504
2023-06-15,74.987060546875,100.62464141845703,100.73345947265625,99.71455383300781,100.72356414794922,54990
2023-06-16,75.2828369140625,100.2883071899414,100.97087860107422,99.46723937988281,100.32787322998047,77732
2023-06-19,75.37193298339844,100.40701293945312,100.89173889160156,100.01132202148438,100.27841186523438,51206
2023-06-20,75.06747436523438,100.00142669677734,100.84227752685547,100.00142669677734,100.40701293945312,48506
2023-06-21,75.33479309082031,100.35755157470703,100.40701293945312,99.8134765625,100.37733459472656,48442
2023-06-22,75.37193298339844,100.40701293945312,100.69389343261719,99.41777801513672,100.35755157470703,45746
2023-06-23,75.364501953125,100.3971176147461,100.40701293945312,99.8728256225586,99.91239929199219,57887
2023-06-26,75.26055908203125,100.25862884521484,100.3971176147461,99.91239929199219,100.3971176147461,58663
2023-06-27,75.364501953125,100.3971176147461,100.57518005371094,99.93218231201172,100.25862884521484,176873
2023-06-28,75.2828369140625,100.2883071899414,100.58507537841797,99.94207763671875,100.3971176147461,61899
2023-06-29,75.07489776611328,100.01132202148438,100.594970703125,100.01132202148438,100.2883071899414,277260
2023-06-30,76.21846771240234,101.53473663330078,101.6930160522461,100.21906280517578,100.58507537841797,293043
2023-07-03,77.05017852783203,102.6426773071289,102.73170471191406,101.53473663330078,101.53473663330078,106523
2023-07-04,77.67391967773438,103.4736328125,103.75061798095703,101.89086151123047,102.78116607666016,79071
2023-07-05,77.22093963623047,102.87020111083984,104.06716918945312,102.87020111083984,103.49341583251953,69697
2023-07-06,77.37689208984375,103.07793426513672,103.50331115722656,102.3854751586914,102.91966247558594,47909
2023-07-07,77.59967803955078,103.37471008300781,103.67147827148438,102.28655242919922,103.27578735351562,126282
2023-07-10,77.59967803955078,103.37471008300781,103.65169525146484,102.78116607666016,102.9988021850586,67500
2023-07-11,77.36204528808594,103.05815124511719,103.62201690673828,102.85041809082031,103.37471008300781,57713
2023-07-12,77.42887115478516,103.14718627929688,103.82975769042969,102.68224334716797,103.27578735351562,56663
2023-07-13,77.15410614013672,102.78116607666016,103.37471008300781,102.49429321289062,103.13729095458984,51875
2023-07-14,77.2283706665039,102.88008880615234,103.08782958984375,102.692138671875,102.88008880615234,86488
2023-07-17,77.45894622802734,102.4349365234375,102.88008880615234,102.09860229492188,102.87020111083984,52976
2023-07-18,77.38414764404297,102.33601379394531,102.87020111083984,101.89086151123047,102.4349365234375,65830
2023-07-19,77.16719818115234,102.04914093017578,102.33601379394531,101.87107849121094,101.98978424072266,73401
2023-07-20,77.40658569335938,102.36569213867188,102.36569213867188,101.83150482177734,102.00956726074219,37233
2023-07-21,78.65579986572266,104.01770782470703,104.61124420166016,102.04914093017578,102.35579681396484,52120
2023-07-24,79.2916488647461,104.85855865478516,105.10586547851562,103.0086898803711,104.01770782470703,42745
2023-07-25,79.59082794189453,105.2542495727539,105.3531723022461,104.64092254638672,104.95748138427734,37635
2023-07-26,79.71052551269531,105.41252136230469,105.8280029296875,104.80909729003906,105.3531723022461,252219
2023-07-27,79.14949035644531,104.67060089111328,105.76864624023438,103.98802947998047,105.70929718017578,33113
2023-07-28,80.39871978759766,106.32261657714844,106.54025268554688,104.68049621582031,104.68049621582031,202064
2023-07-31,79.51602172851562,105.15532684326172,107.0942153930664,104.9970474243164,106.3028335571289,46931
2023-08-01,79.23926544189453,104.789306640625,105.53123474121094,104.46286010742188,105.50155639648438,54168
2023-08-02,79.27667999267578,104.8387680053711,105.3531723022461,104.53211212158203,105.33338928222656,46829
2023-08-03,79.55342102050781,105.20478820800781,105.76864624023438,104.84866333007812,105.3531723022461,39091
2023-08-04,79.38886260986328,104.9871597290039,105.84778594970703,104.94758605957031,105.34327697753906,47586
2023-08-07,78.64830780029297,104.0078125,104.255126953125,103.28567504882812,103.86932373046875,70561
2023-08-08,78.4687728881836,103.77040100097656,103.96824645996094,103.56266021728516,103.86932373046875,50219
2023-08-09,78.53610229492188,103.85942840576172,103.90888977050781,103.67147827148438,103.77040100097656,53921
2023-08-10,77.52351379394531,102.52033996582031,104.04662322998047,102.52033996582031,104.04662322998047,73193
2023-08-11,77.8478775024414,102.94929504394531,103.23858642578125,102.53031158447266,102.55026245117188,105791
2023-08-14,77.77242279052734,102.84953308105469,103.1787338256836,102.7198486328125,102.94929504394531,87912
2023-08-15,77.62158203125,102.6500244140625,102.83956146240234,102.60014343261719,102.7497787475586,49163
2023-08-16,77.89381408691406,102.25099182128906,102.5003890991211,101.87191772460938,102.5003890991211,134803
2023-08-17,77.69622039794922,101.99162292480469,102.25099182128906,101.75220489501953,102.25099182128906,68097
2023-08-18,78.12938690185547,102.56024169921875,102.69989776611328,101.82203674316406,102.24102020263672,77714
2023-08-21,78.26616668701172,102.73979949951172,103.19868469238281,102.39065551757812,102.56024169921875,84146
2023-08-22,78.190185546875,102.64004516601562,102.9293441772461,102.27094268798828,102.7497787475586,69345
2023-08-23,78.45616912841797,102.98919677734375,102.98919677734375,101.95172119140625,102.64004516601562,112562
2023-08-24,78.41053771972656,102.9293441772461,104.07654571533203,102.72982788085938,102.73979949951172,65849
2023-08-25,78.72972869873047,103.34832000732422,103.68749237060547,102.9293441772461,102.9293441772461,43571
2023-08-28,78.28900146484375,102.76972961425781,103.21863555908203,102.68992614746094,103.1787338256836,45672
2023-08-29,78.7069320678711,103.31838989257812,104.73494720458984,102.6500244140625,102.7497787475586,113384
2023-08-30,79.1552963256836,103.9069595336914,104.13639831542969,103.05902862548828,103.05902862548828,67478
2023-08-31,78.85891723632812,103.51790618896484,104.53543090820312,102.56024169921875,103.9069595336914,51777
2023-09-01,79.25411224365234,104.0366439819336,104.53543090820312,103.5079345703125,103.8570785522461,49489
2023-09-04,79.26927185058594,104.05659484863281,104.44564819335938,104.04662322998047,104.04662322998047,46014
2023-09-05,79.43648529052734,104.27606201171875,104.48554992675781,103.74735260009766,104.05659484863281,50632
2023-09-06,79.36048126220703,104.17630767822266,104.42569732666016,104.04662322998047,104.29601287841797,36710
2023-09-08,79.43648529052734,104.27606201171875,104.47557830810547,104.06657409667969,104.27606201171875,61691
2023-09-11,79.26171112060547,104.04662322998047,104.4655990600586,104.04662322998047,104.30598449707031,48322
2023-09-12,79.36808013916016,104.186279296875,104.35586547851562,104.02667236328125,104.04662322998047,43170
2023-09-13,79.61128234863281,104.50550079345703,104.50550079345703,104.05659484863281,104.19625854492188,48685
2023-09-14,79.58087158203125,104.4655990600586,104.5154800415039,104.19625854492188,104.50550079345703,48950
2023-09-15,79.28449249267578,104.07654571533203,104.5853042602539,102.0115737915039,104.45562744140625,73575
2023-09-18,78.65541076660156,102.5003890991211,103.61766815185547,102.45050811767578,103.31838989257812,70160
2023-09-19,78.5099868774414,102.31084442138672,102.69989776611328,101.79210662841797,102.5003890991211,66279
2023-09-20,77.98942565917969,101.63249969482422,102.25099182128906,101.60256958007812,102.25099182128906,93005
2023-09-21,78.0047378540039,101.65245056152344,101.8918685913086,101.52276611328125,101.8918685913086,66709
2023-09-22,77.69853973388672,101.25342559814453,101.65245056152344,101.21351623535156,101.65245056152344,73982
2023-09-25,77.75979614257812,101.3332290649414,101.55269622802734,101.01400756835938,101.35317993164062,82131
2023-09-26,77.62200164794922,101.1536636352539,101.50281524658203,101.0040283203125,101.35317993164062,65237
2023-09-27,76.82588195800781,100.11619567871094,101.4329833984375,99.83686828613281,101.20354461669922,79165
2023-09-28,77.12442016601562,100.50524139404297,100.8543930053711,100.27580261230469,100.34563446044922,74699
2023-09-29,77.69853973388672,101.25342559814453,101.47288513183594,100.66485595703125,100.754638671875,81872
2023-10-02,77.66790771484375,101.21351623535156,101.47288513183594,100.83444213867188,101.40306091308594,89711
2023-10-03,77.69853973388672,101.25342559814453,101.45293426513672,100.9042739868164,101.29332733154297,78140
2023-10-04,77.29280853271484,100.7247085571289,101.29332733154297,100.3955078125,101.25342559814453,57074
2023-10-05,76.74168395996094,100.00646209716797,100.92422485351562,99.32810974121094,100.7247085571289,97740
2023-10-06,77.20096588134766,100.6050033569336,100.92422485351562,98.92908477783203,100.34563446044922,99589
2023-10-09,77.18566131591797,100.58505249023438,100.59502410888672,100.06631469726562,100.50524139404297,74004
2023-10-10,76.54263305664062,99.7470932006836,100.65487670898438,99.73711395263672,100.58505249023438,79954
2023-10-11,77.39234161376953,100.8543930053711,100.9042739868164,99.896728515625,99.896728515625,60613
2023-10-13,77.30047607421875,100.73468780517578,101.36315155029297,100.56510162353516,100.91424560546875,66691
2023-10-16,77.58447265625,100.34563446044922,100.754638671875,99.75706481933594,100.754638671875,96407
2023-10-17,77.38394927978516,100.08626556396484,100.54515075683594,99.73711395263672,100.34563446044922,72988
2023-10-18,77.16026306152344,99.79696655273438,100.25585174560547,99.73711395263672,100.25585174560547,47969
2023-10-19,77.12171173095703,99.7470932006836,100.00646209716797,99.55754852294922,99.95658111572266,45709
2023-10-20,77.16798400878906,99.80694580078125,100.2458724975586,99.42787170410156,99.75706481933594,64232
2023-10-23,77.10627746582031,99.72714233398438,100.07628631591797,99.55754852294922,99.80694580078125,50343
2023-10-24,77.14483642578125,99.77701568603516,99.95658111572266,99.4677734375,99.65731048583984,64373
2023-10-25,76.77464294433594,99.29818725585938,99.95658111572266,99.0088882446289,99.77701568603516,69180
2023-10-26,76.68208312988281,99.17847442626953,99.66728210449219,98.94903564453125,99.29818725585938,43788
2023-10-27,76.83633422851562,99.37799072265625,99.60742950439453,99.07872009277344,99.17847442626953,45678
2023-10-30,77.00602722167969,99.59745788574219,99.62738037109375,99.2582778930664,99.37799072265625,48955
2023-10-31,76.70521545410156,99.20840454101562,99.66728210449219,99.15852355957031,99.59745788574219,52196
2023-11-01,76.18072509765625,98.5300521850586,99.63735961914062,97.86167907714844,99.59745788574219,83338
2023-11-03,76.52782440185547,98.97895812988281,99.3879623413086,98.64976501464844,98.64976501464844,63315
2023-11-06,76.50467681884766,98.94903564453125,99.30815887451172,98.87920379638672,99.2582778930664,57463
2023-11-07,76.74378967285156,99.2582778930664,99.3879623413086,98.86922454833984,99.3181381225586,67857
2023-11-08,77.06002044677734,99.66728210449219,99.66728210449219,99.02883911132812,99.2582778930664,71514
2023-11-09,76.85946655273438,99.40791320800781,99.66728210449219,99.20840454101562,99.66728210449219,58613
2023-11-10,76.66666412353516,99.15852355957031,99.73711395263672,99.09867095947266,99.40791320800781,57221
2023-11-13,76.83633422851562,99.37799072265625,99.65731048583984,99.15852355957031,99.3181381225586,79001
2023-11-14,77.04460144042969,99.64733123779297,99.75706481933594,99.20840454101562,99.40791320800781,65270
2023-11-16,77.40070343017578,99.34806060791016,99.45779418945312,99.0088882446289,99.108642578125,80478
2023-11-17,77.40070343017578,99.34806060791016,99.64733123779297,99.16850280761719,99.34806060791016,57925
2023-11-20,77.33074951171875,99.2582778930664,99.41789245605469,99.15852355957031,99.39794158935547,64988
2023-11-21,77.416259765625,99.36801147460938,99.95658111572266,99.2582778930664,99.26825714111328,96243
2023-11-22,77.35407257080078,99.2882080078125,99.75706481933594,99.20840454101562,99.37799072265625,98757
2023-11-23,77.01209259033203,98.84927368164062,99.66728210449219,98.56995391845703,99.3181381225586,80071
2023-11-24,77.01209259033203,98.84927368164062,99.47774505615234,98.84927368164062,98.91910552978516,65774
2023-11-27,76.88778686523438,98.68966674804688,99.7470932006836,98.59988403320312,98.96898651123047,93107
2023-11-28,77.06654357910156,98.91910552978516,99.45779418945312,98.76947021484375,98.76947021484375,73504
2023-11-29,77.19086456298828,99.07872009277344,99.48772430419922,99.01886749267578,99.32810974121094,65111
2023-11-30,78.31002807617188,100.51522064208984,100.754638671875,99.11862182617188,99.11862182617188,88248
2023-12-01,77.48621368408203,99.45779418945312,100.754638671875,99.3879623413086,100.51522064208984,123182
2023-12-04,78.27116394042969,100.46533966064453,100.46533966064453,99.65731048583984,99.65731048583984,76898
2023-12-05,77.83594512939453,99.90670013427734,100.46533966064453,99.85682678222656,100.34563446044922,80151
2023-12-06,78.06909942626953,100.20597076416016,100.35560607910156,99.90670013427734,100.05633544921875,57566
2023-12-07,77.97584533691406,100.08626556396484,100.32568359375,100.06631469726562,100.20597076416016,50480
2023-12-08,78.10795593261719,100.25585174560547,100.40548706054688,99.76704406738281,100.15609741210938,52713
2023-12-11,77.74268341064453,99.78699493408203,100.23590087890625,99.77701568603516,100.23590087890625,65694
2023-12-12,77.87479400634766,99.95658111572266,100.23590087890625,99.78699493408203,99.91667938232422,56163
2023-12-13,78.48878479003906,100.74465942382812,100.74465942382812,99.82689666748047,99.966552734375,78467
2023-12-14,78.45769500732422,100.70475769042969,100.754638671875,100.35560607910156,100.74465942382812,93067
2023-12-15,78.43436431884766,100.6748275756836,100.754638671875,100.00646209716797,100.65487670898438,94666
2023-12-18,78.29985809326172,99.7470932006836,100.48529052734375,99.4378433227539,100.15609741210938,107819
2023-12-19,78.44866180419922,99.93663024902344,100.25585174560547,99.76704406738281,99.76704406738281,71980
2023-12-20,79.12992858886719,100.80451202392578,101.38310241699219,99.95658111572266,99.95658111572266,70688
2023-12-21,79.12208557128906,100.79454040527344,101.63249969482422,100.34563446044922,101.05390930175781,81851
2023-12-22,80.34367370605469,102.35075378417969,103.48798370361328,100.78456115722656,100.79454040527344,131216
2023-12-26,80.64126586914062,102.72982788085938,103.41815185546875,102.35075378417969,102.35075378417969,102981
2023-12-27,81.15025329589844,103.37825012207031,103.39820098876953,102.72982788085938,102.72982788085938,49740
2023-12-28,81.33819580078125,103.61766815185547,103.74735260009766,103.11888122558594,103.37825012207031,64378
2024-01-02,81.205078125,103.44807434082031,103.74735260009766,103.31838989257812,103.63761901855469,68824
2024-01-03,81.69060516357422,104.06657409667969,104.24613189697266,103.54783630371094,103.54783630371094,58118
2024-01-04,81.28340148925781,103.54783630371094,104.05659484863281,103.36827087402344,104.05659484863281,64234
2024-01-05,81.35387420654297,103.63761901855469,103.74735260009766,103.21863555908203,103.55780792236328,78863
2024-01-08,81.44784545898438,103.75732421875,104.24613189697266,103.63761901855469,103.64759063720703,95070
2024-01-09,81.0484619140625,103.24856567382812,104.11644744873047,102.5702133178711,103.8570785522461,95207
2024-01-10,80.64908599853516,102.73979949951172,103.4780044555664,102.67994689941406,103.26851654052734,93159
2024-01-11,80.71173858642578,102.81961059570312,103.10890197753906,102.7497787475586,102.7497787475586,66621
2024-01-12,80.65693664550781,102.7497787475586,104.09649658203125,102.6500244140625,102.80963134765625,124159
2024-01-15,81.0484619140625,103.24856567382812,103.4780044555664,102.8994140625,102.8994140625,150513
2024-01-16,81.78885650634766,103.37825012207031,103.39820098876953,102.7497787475586,102.93931579589844,91272
2024-01-17,81.4494857788086,102.94929504394531,103.61766815185547,102.84953308105469,103.34832000732422,94256
2024-01-18,81.85989379882812,103.46802520751953,103.48798370361328,102.7497787475586,102.94929504394531,104974
2024-01-19,82.15978240966797,103.84710693359375,103.94686126708984,102.93931579589844,103.44807434082031,128703
2024-01-22,82.09667205810547,103.76730346679688,103.84710693359375,103.54783630371094,103.84710693359375,102798
2024-01-23,82.08087921142578,103.74735260009766,103.74735260009766,102.95926666259766,103.70744323730469,192449
2024-01-24,81.64679718017578,103.19868469238281,103.74735260009766,103.1488037109375,103.64759063720703,113252
2024-01-25,81.63888549804688,103.18870544433594,103.63761901855469,102.94929504394531,103.2984390258789,72928
2024-01-26,80.50238800048828,101.75220489501953,102.73979949951172,101.69235229492188,102.54029083251953,156671
2024-01-29,80.66813659667969,101.96170043945312,102.24102020263672,101.75220489501953,101.75220489501953,117468
2024-01-30,80.89701843261719,102.25099182128906,102.34077453613281,101.95172119140625,101.96170043945312,106161
2024-01-31,81.04655456542969,102.44000244140625,102.9800033569336,102.0999984741211,102.56999969482422,80924
2024-02-01,80.88040161132812,102.2300033569336,102.61000061035156,102.19999694824219,102.44000244140625,119054
2024-02-02,80.86458587646484,102.20999908447266,102.58999633789062,102.05000305175781,102.30999755859375,115248
2024-02-05,80.84085845947266,102.18000030517578,102.4000015258789,102.18000030517578,102.22000122070312,129730
2024-02-06,80.84085845947266,102.18000030517578,102.29000091552734,102.13999938964844,102.18000030517578,84054
2024-02-07,80.95161437988281,102.31999969482422,102.48999786376953,102.18000030517578,102.18000030517578,71289
2024-02-08,81.01490020751953,102.4000015258789,102.6500015258789,102.31999969482422,102.33000183105469,83921
2024-02-09,81.17314147949219,102.5999984741211,102.5999984741211,102.37000274658203,102.56999969482422,107647
2024-02-14,81.18895721435547,102.62000274658203,102.79000091552734,102.44999694824219,102.5999984741211,118067
2024-02-15,81.45001983642578,102.94999694824219,103.19999694824219,102.62000274658203,102.62000274658203,94357
2024-02-16,81.8710708618164,102.69999694824219,102.94000244140625,102.16999816894531,102.41999816894531,110416
2024-02-19,82.34941101074219,103.30000305175781,103.79000091552734,102.9000015258789,102.94999694824219,164681
2024-02-20,82.09432220458984,102.9800033569336,103.30000305175781,102.73999786376953,103.2699966430664,159312
2024-02-21,82.05445098876953,102.93000030517578,103.06999969482422,102.61000061035156,103.0,152320
2024-02-22,81.99067687988281,102.8499984741211,102.94999694824219,102.68000030517578,102.93000030517578,124097
2024-02-23,81.9667739868164,102.81999969482422,102.93000030517578,102.7699966430664,102.8499984741211,107979
2024-02-26,81.56816101074219,102.31999969482422,102.87999725341797,102.23999786376953,102.81999969482422,188184
2024-02-27,82.45305633544922,103.43000030517578,103.5,102.4000015258789,102.5,128699
2024-02-28,82.57262420654297,103.58000183105469,103.98999786376953,103.11000061035156,103.4000015258789,137157
2024-02-29,82.66828918457031,103.69999694824219,104.0,103.58999633789062,103.62999725341797,116742
2024-03-01,83.54519653320312,104.80000305175781,105.48999786376953,103.69999694824219,103.69999694824219,133529
2024-03-04,83.70462036132812,105.0,105.20999908447266,104.8499984741211,104.8499984741211,124995
2024-03-05,83.62492370605469,104.9000015258789,105.05000305175781,104.6500015258789,105.0,113639
2024-03-06,83.60894775390625,104.87999725341797,105.0,104.62000274658203,104.88999938964844,81872
2024-03-07,83.69664764404297,104.98999786376953,105.05000305175781,104.87999725341797,104.87999725341797,98009
2024-03-08,83.93582153320312,105.29000091552734,105.30000305175781,104.80000305175781,105.0,121906
2024-03-11,84.07133483886719,105.45999908447266,105.58999633789062,104.83000183105469,105.27999877929688,97846
2024-03-12,83.88001251220703,105.22000122070312,105.87000274658203,105.22000122070312,105.61000061035156,125360
2024-03-13,84.33440399169922,105.79000091552734,106.72000122070312,105.33000183105469,105.41999816894531,121082
2024-03-14,84.5655746459961,106.08000183105469,106.47000122070312,105.79000091552734,105.9000015258789,106282
2024-03-15,83.54519653320312,104.80000305175781,108.4800033569336,104.80000305175781,106.12000274658203,2063651
2024-03-18,84.05768585205078,104.68000030517578,105.44999694824219,104.54000091552734,105.36000061035156,108268
2024-03-19,84.18612670898438,104.83999633789062,105.30000305175781,104.22000122070312,104.88999938964844,87880
2024-03-20,84.21827697753906,104.87999725341797,105.44999694824219,104.45999908447266,104.66999816894531,59518
2024-03-21,84.33069610595703,105.0199966430664,105.41999816894531,104.9000015258789,105.0,64688
2024-03-22,84.49932861328125,105.2300033569336,105.5,105.0199966430664,105.48999786376953,73103
2024-03-25,84.83658599853516,105.6500015258789,105.94999694824219,105.2300033569336,105.5,68842
2024-03-26,84.99717712402344,105.8499984741211,106.9000015258789,105.63999938964844,105.63999938964844,71496
2024-03-27,85.49504852294922,106.47000122070312,106.80999755859375,105.91000366210938,106.19999694824219,89136
2024-03-28,85.20596313476562,106.11000061035156,106.72000122070312,106.05000305175781,106.45999908447266,87747
2024-04-01,85.398681640625,106.3499984741211,106.79000091552734,106.11000061035156,106.4000015258789,68757
2024-04-02,85.92867279052734,107.01000213623047,107.30000305175781,106.4000015258789,106.58999633789062,69926
2024-04-03,85.398681640625,106.3499984741211,107.16999816894531,105.1500015258789,107.11000061035156,68925
2024-04-04,85.83228302001953,106.88999938964844,106.94999694824219,106.52999877929688,106.88999938964844,59307
2024-04-05,86.03304290771484,107.13999938964844,107.13999938964844,106.4000015258789,106.97000122070312,69646
2024-04-08,85.76001739501953,106.80000305175781,107.1500015258789,106.55999755859375,106.98999786376953,84196
2024-04-09,85.84033203125,106.9000015258789,107.0,106.51000213623047,106.80000305175781,50715
2024-04-10,85.80017852783203,106.8499984741211,106.98999786376953,106.5999984741211,106.9000015258789,51384
2024-04-11,85.57536315917969,106.56999969482422,106.9000015258789,106.27999877929688,106.9000015258789,58617
2024-04-12,85.84033203125,106.9000015258789,106.94999694824219,106.4000015258789,106.56999969482422,57287
2024-04-15,85.58338165283203,106.58000183105469,106.88999938964844,105.95999908447266,106.88999938964844,101928
2024-04-16,84.2313232421875,104.1500015258789,105.76000213623047,104.06999969482422,105.41999816894531,102326
2024-04-17,83.59239959716797,103.36000061035156,104.98999786376953,103.1500015258789,104.4000015258789,118366
2024-04-18,82.46826934814453,101.97000122070312,102.9000015258789,101.83000183105469,102.9000015258789,183338
2024-04-19,82.41162109375,101.9000015258789,102.12000274658203,101.5999984741211,102.0999984741211,100466
2024-04-22,82.36310577392578,101.83999633789062,102.0,101.80000305175781,102.0,134166
2024-04-23,82.08812713623047,101.5,102.0,100.9800033569336,101.9800033569336,131822
2024-04-24,81.88594055175781,101.25,101.66999816894531,101.06999969482422,101.47000122070312,82908
2024-04-25,81.60287475585938,100.9000015258789,101.33999633789062,100.44999694824219,101.25,118105
2024-04-26,81.68376159667969,101.0,101.48999786376953,100.9000015258789,100.9000015258789,98329
2024-04-29,82.08812713623047,101.5,101.5,101.01000213623047,101.19999694824219,80773
2024-04-30,82.08812713623047,101.5,101.9000015258789,101.19999694824219,101.6500015258789,102290
2024-05-02,82.24986267089844,101.69999694824219,101.69999694824219,101.41999816894531,101.56999969482422,105758
2024-05-03,82.69470977783203,102.25,102.25,101.58000183105469,101.69999694824219,112273
2024-05-06,82.34693145751953,101.81999969482422,102.25,101.80999755859375,102.19999694824219,82425
2024-05-07,82.49250030517578,102.0,102.08999633789062,101.81999969482422,102.0,84061
2024-05-08,83.20421600341797,102.87999725341797,103.0,101.5,102.01000213623047,109095
2024-05-09,82.82410430908203,102.41000366210938,102.91000366210938,102.19999694824219,102.83999633789062,81575
2024-05-10,83.0586166381836,102.69999694824219,102.87000274658203,102.36000061035156,102.62000274658203,74239
2024-05-13,82.5733871459961,102.0999984741211,102.80000305175781,102.02999877929688,102.80000305175781,93634
2024-05-14,82.41162109375,101.9000015258789,102.38999938964844,101.9000015258789,102.1500015258789,77966
2024-05-15,82.41162109375,101.9000015258789,102.3499984741211,101.9000015258789,102.11000061035156,80178
2024-05-16,82.82574462890625,101.6500015258789,102.01000213623047,101.19999694824219,101.5,76551
2024-05-17,82.85831451416016,101.69000244140625,102.0,101.4000015258789,101.86000061035156,90622
2024-05-20,82.62203216552734,101.4000015258789,101.73999786376953,101.25,101.69000244140625,89167
2024-05-21,82.37757873535156,101.0999984741211,101.56999969482422,100.9000015258789,101.30999755859375,88770
2024-05-22,82.53242492675781,101.29000091552734,101.33999633789062,101.0,101.30000305175781,85639
2024-05-23,82.3531494140625,101.06999969482422,101.27999877929688,100.76000213623047,101.19999694824219,69933
2024-05-24,82.3531494140625,101.06999969482422,101.2699966430664,100.94999694824219,101.1500015258789,63322
2024-05-27,82.28794860839844,100.98999786376953,101.27999877929688,100.70999908447266,101.20999908447266,95238
2024-05-28,81.3346176147461,99.81999969482422,101.0,99.80000305175781,100.94000244140625,135663
2024-05-29,82.2146224975586,100.9000015258789,100.9000015258789,99.94999694824219,99.94999694824219,112684
2024-05-31,82.2146224975586,100.9000015258789,100.97000122070312,100.41000366210938,100.83999633789062,94198
2024-06-03,82.2146224975586,100.9000015258789,101.12000274658203,100.5,100.94999694824219,111512
2024-06-04,82.2146224975586,100.9000015258789,100.97000122070312,100.5999984741211,100.95999908447266,65025
2024-06-05,82.2146224975586,100.9000015258789,100.94000244140625,100.69999694824219,100.94000244140625,68429
2024-06-06,82.0924072265625,100.75,100.97000122070312,100.66000366210938,100.80000305175781,58636
2024-06-07,81.668701171875,100.2300033569336,100.87000274658203,99.91000366210938,100.86000061035156,79469
2024-06-10,81.8316650390625,100.43000030517578,100.79000091552734,100.0999984741211,100.5999984741211,62590
2024-06-11,81.36723327636719,99.86000061035156,100.5,99.8499984741211,100.43000030517578,78427
2024-06-12,80.91092681884766,99.30000305175781,100.47000122070312,99.19000244140625,99.94999694824219,99503
2024-06-13,80.74795532226562,99.0999984741211,99.62000274658203,98.5,99.25,103752
2024-06-14,80.66648864746094,99.0,99.58999633789062,98.81999969482422,99.25,109342
2024-06-17,80.484375,98.0199966430664,98.9000015258789,97.80000305175781,98.73999786376953,112763
2024-06-18,79.64685821533203,97.0,98.4000015258789,97.0,98.20999908447266,118158
2024-06-19,80.38584899902344,97.9000015258789,98.0999984741211,97.04000091552734,97.0999984741211,104653
2024-06-20,80.71429443359375,98.30000305175781,98.61000061035156,97.81999969482422,97.9000015258789,96033
2024-06-21,78.80113983154297,95.97000122070312,99.0,95.97000122070312,98.5,472005
2024-06-24,79.31841278076172,96.5999984741211,97.48999786376953,96.4000015258789,96.95999908447266,118819
2024-06-25,79.75360107421875,97.12999725341797,97.48999786376953,96.6500015258789,96.80000305175781,97830
2024-06-26,80.29553985595703,97.79000091552734,98.30000305175781,97.25,97.25,111273
2024-06-27,81.0755844116211,98.73999786376953,99.0,97.80000305175781,97.81999969482422,76309
2024-06-28,81.90486907958984,99.75,99.94000244140625,98.80999755859375,98.97000122070312,140394
2024-07-01,81.14948272705078,98.83000183105469,99.80000305175781,97.80000305175781,99.80000305175781,136103
2024-07-02,81.35474395751953,99.08000183105469,99.4800033569336,98.75,99.02999877929688,69843
2024-07-03,82.76705932617188,100.80000305175781,100.95999908447266,99.01000213623047,99.08000183105469,279004
2024-07-04,82.93125915527344,101.0,101.0,99.83999633789062,100.30000305175781,112382
2024-07-05,82.96411895751953,101.04000091552734,101.6500015258789,101.0,101.01000213623047,89969
2024-07-08,83.18580627441406,101.30999755859375,101.69000244140625,101.11000061035156,101.11000061035156,112986
2024-07-09,83.3007583618164,101.44999694824219,101.63999938964844,101.05000305175781,101.20999908447266,59196
2024-07-10,83.75236511230469,102.0,102.30000305175781,101.44999694824219,101.45999908447266,108113
2024-07-11,83.72773742675781,101.97000122070312,102.33999633789062,101.83000183105469,101.86000061035156,64945
2024-07-12,84.28610229492188,102.6500015258789,102.97000122070312,102.08999633789062,102.18000030517578,63316
2024-07-15,84.080810546875,102.4000015258789,103.16999816894531,102.30000305175781,102.6500015258789,75625
2024-07-16,84.05451965332031,101.61000061035156,102.36000061035156,101.05999755859375,102.19000244140625,85543
2024-07-17,83.82290649414062,101.33000183105469,102.0,101.12999725341797,101.75,68534
2024-07-18,83.82290649414062,101.33000183105469,101.75,101.33000183105469,101.3499984741211,67250
2024-07-19,84.41848754882812,102.05000305175781,102.98999786376953,101.18000030517578,101.19000244140625,86602
2024-07-22,84.5343246459961,102.19000244140625,102.75,102.0,102.05000305175781,66329
2024-07-23,83.90563201904297,101.43000030517578,102.4000015258789,101.43000030517578,102.25,64409
2024-07-24,83.4837417602539,100.91999816894531,102.0999984741211,100.6500015258789,101.61000061035156,67617
2024-07-25,83.5499267578125,101.0,101.9000015258789,100.55000305175781,100.91999816894531,147226
2024-07-26,83.4010009765625,100.81999969482422,101.79000091552734,100.5999984741211,101.0999984741211,73991
2024-07-29,82.71440124511719,99.98999786376953,101.44000244140625,99.58999633789062,101.0,143914
2024-07-30,83.59954833984375,101.05999755859375,101.27999877929688,100.01000213623047,100.55000305175781,89388
2024-07-31,83.25210571289062,100.63999938964844,101.18000030517578,100.05000305175781,100.69999694824219,98401
2024-08-01,84.790771484375,102.5,102.9000015258789,101.33999633789062,101.6500015258789,288730
2024-08-02,83.09491729736328,100.44999694824219,102.19000244140625,99.9000015258789,102.19000244140625,226808
2024-08-05,82.8053970336914,100.0999984741211,100.69999694824219,99.4000015258789,99.88999938964844,85324
2024-08-06,82.75577545166016,100.04000091552734,100.87000274658203,99.94000244140625,100.25,75126
2024-08-07,82.61514282226562,99.87000274658203,100.5,99.8499984741211,100.20999908447266,108800
2024-08-08,82.8053970336914,100.0999984741211,100.30000305175781,99.91000366210938,100.0999984741211,81338
2024-08-09,82.72269439697266,100.0,100.19999694824219,99.5999984741211,100.0999984741211,97189
2024-08-12,83.10319519042969,100.45999908447266,100.55999755859375,100.11000061035156,100.11000061035156,60784
2024-08-13,83.67398071289062,101.1500015258789,101.27999877929688,100.5,100.5,57524
2024-08-14,84.28614807128906,101.88999938964844,101.98999786376953,101.0199966430664,101.0999984741211,73864
2024-08-15,84.71631622314453,102.41000366210938,102.5999984741211,101.69999694824219,101.86000061035156,101030
2024-08-16,85.83157348632812,102.98999786376953,103.0,101.0199966430664,101.91000366210938,130669
2024-08-19,85.53155517578125,102.62999725341797,102.98999786376953,102.29000091552734,102.98999786376953,84948
2024-08-20,85.3648681640625,102.43000030517578,102.8499984741211,102.2300033569336,102.68000030517578,67366
2024-08-21,85.19818878173828,102.2300033569336,102.6500015258789,102.0999984741211,102.44000244140625,59608
2024-08-22,85.3398666381836,102.4000015258789,102.62000274658203,101.95999908447266,102.48999786376953,69383
2024-08-23,85.42321014404297,102.5,102.69000244140625,102.16000366210938,102.4000015258789,69918
2024-08-26,84.71480560302734,101.6500015258789,102.76000213623047,101.58999633789062,102.5999984741211,83960
2024-08-27,85.00651550292969,102.0,102.3499984741211,101.58999633789062,102.1500015258789,67940
2024-08-28,84.95652770996094,101.94000244140625,102.29000091552734,101.2300033569336,101.94999694824219,81266
2024-08-29,85.42321014404297,102.5,102.5,101.80999755859375,101.97000122070312,58662
2024-08-30,85.56489562988281,102.66999816894531,102.80999755859375,102.5,102.58999633789062,53087
2024-09-02,85.13985443115234,102.16000366210938,103.0,102.16000366210938,102.9000015258789,129752
2024-09-03,85.10651397705078,102.12000274658203,102.48999786376953,101.94999694824219,102.30000305175781,71552
2024-09-04,85.00651550292969,102.0,102.20999908447266,101.9000015258789,102.1500015258789,63563
2024-09-05,85.42321014404297,102.5,102.5999984741211,102.0,102.0,46973
2024-09-06,85.42321014404297,102.5,102.79000091552734,102.19999694824219,102.5,70809
2024-09-09,85.21485900878906,102.25,102.80000305175781,101.83000183105469,102.7300033569336,74032
2024-09-10,85.01484680175781,102.01000213623047,102.75,102.0,102.25,65221
2024-09-11,84.90650177001953,101.87999725341797,102.41999816894531,101.5999984741211,102.30000305175781,77059
2024-09-12,84.7898178100586,101.73999786376953,102.08000183105469,100.94000244140625,102.02999877929688,83329
2024-09-13,84.43145751953125,101.30999755859375,101.94999694824219,101.19999694824219,101.61000061035156,89496
2024-09-16,83.98482513427734,100.0,101.70999908447266,100.0,101.13999938964844,103071
2024-09-17,83.90923309326172,99.91000366210938,100.9800033569336,99.81999969482422,100.5,91048
2024-09-18,84.01841735839844,100.04000091552734,100.20999908447266,99.91999816894531,100.19000244140625,109705
2024-09-19,83.92601776123047,99.93000030517578,100.11000061035156,99.0999984741211,100.04000091552734,91394
2024-09-20,83.98482513427734,100.0,100.0,99.0,99.93000030517578,113997
2024-09-23,82.97699737548828,98.80000305175781,100.0,98.80000305175781,99.95999908447266,92365
2024-09-24,82.17913818359375,97.8499984741211,99.0,97.8499984741211,99.0,121965
2024-09-25,82.1623306274414,97.83000183105469,98.30000305175781,97.08000183105469,97.98999786376953,108751
2024-09-26,82.46469116210938,98.19000244140625,99.0,97.12000274658203,97.83999633789062,104663
2024-09-27,83.27093505859375,99.1500015258789,99.19000244140625,98.02999877929688,98.51000213623047,78972
2024-09-30,82.1623306274414,97.83000183105469,100.0199966430664,97.55999755859375,99.1500015258789,88488
2024-10-01,81.89358520507812,97.51000213623047,98.73999786376953,97.44999694824219,98.51000213623047,102145
2024-10-02,84.0016098022461,100.0199966430664,100.48999786376953,97.91000366210938,98.16000366210938,222051
2024-10-03,83.54808807373047,99.4800033569336,99.83999633789062,98.62000274658203,99.58000183105469,80128
2024-10-04,83.08615112304688,98.93000030517578,99.75,98.70999908447266,99.4800033569336,94920
2024-10-07,83.43891906738281,99.3499984741211,99.52999877929688,98.80000305175781,99.0,79081
2024-10-08,83.02738952636719,98.86000061035156,99.4000015258789,98.80000305175781,99.0999984741211,84714
2024-10-09,83.02738952636719,98.86000061035156,99.3499984741211,98.5,99.05000305175781,97461
2024-10-10,81.89358520507812,97.51000213623047,99.08000183105469,97.20999908447266,98.86000061035156,102184
2024-10-11,81.63322448730469,97.19999694824219,97.9800033569336,97.1500015258789,97.75,95514
2024-10-14,81.70881652832031,97.29000091552734,97.81999969482422,97.19999694824219,97.51000213623047,89036
2024-10-15,81.54924774169922,97.0999984741211,97.75,97.05999755859375,97.41999816894531,98024
2024-10-16,81.7000961303711,96.5,97.3499984741211,96.0199966430664,96.48999786376953,149053
2024-10-17,81.9032974243164,96.73999786376953,97.5999984741211,96.52999877929688,96.52999877929688,106166
2024-10-18,82.5467529296875,97.5,98.19999694824219,97.01000213623047,97.06999969482422,92040
2024-10-21,82.5467529296875,97.5,98.44999694824219,97.25,97.5,93567
2024-10-22,82.08108520507812,96.94999694824219,97.79000091552734,96.80000305175781,97.5,88322
2024-10-23,81.02281188964844,95.69999694824219,97.13999938964844,95.5999984741211,96.98999786376953,101193
2024-10-24,80.68412780761719,95.30000305175781,96.26000213623047,95.11000061035156,95.69999694824219,93000
2024-10-25,80.76881408691406,95.4000015258789,95.98999786376953,95.05000305175781,95.48999786376953,105522
2024-10-28,81.44610595703125,96.19999694824219,97.13999938964844,95.44999694824219,95.44999694824219,82174
2024-10-29,81.268310546875,95.98999786376953,96.97000122070312,95.5999984741211,96.3499984741211,90433
2024-10-30,82.02182006835938,96.87999725341797,96.94000244140625,95.9000015258789,95.98999786376953,86226
2024-10-31,81.30218505859375,96.02999877929688,97.95999908447266,96.02999877929688,96.81999969482422,72894
2024-11-01,82.27581024169922,97.18000030517578,97.75,96.9000015258789,96.9000015258789,106630
2024-11-04,81.68314361572266,96.4800033569336,96.88999938964844,95.5999984741211,96.88999938964844,193514
2024-11-05,81.56462097167969,96.33999633789062,96.75,95.80000305175781,96.4800033569336,72086
2024-11-06,81.14978790283203,95.8499984741211,96.48999786376953,95.80000305175781,96.30000305175781,63744
2024-11-07,81.75090026855469,96.55999755859375,96.55999755859375,95.86000061035156,95.9000015258789,70120
2024-11-08,82.75839233398438,97.75,97.88999938964844,96.06999969482422,96.30000305175781,89280
2024-11-11,82.27581024169922,97.18000030517578,98.8499984741211,97.05999755859375,98.05000305175781,97265
2024-11-12,82.14035034179688,97.0199966430664,97.8499984741211,96.80000305175781,97.37000274658203,78652
2024-11-13,81.61544036865234,96.4000015258789,97.79000091552734,96.4000015258789,97.5,74473
2024-11-14,82.37740325927734,97.30000305175781,97.9000015258789,96.5999984741211,96.5999984741211,82049
2024-11-18,82.29904174804688,96.43000030517578,97.83000183105469,95.58999633789062,96.98999786376953,112546
2024-11-19,82.87084197998047,97.0999984741211,97.41999816894531,96.5,96.54000091552734,68891
2024-11-21,82.29904174804688,96.43000030517578,97.56999969482422,96.0999984741211,97.16000366210938,91338
2024-11-22,82.8537826538086,97.08000183105469,97.44000244140625,96.22000122070312,96.5,75561
2024-11-25,82.69164276123047,96.88999938964844,97.5999984741211,96.5,97.4000015258789,97220
2024-11-26,82.35877227783203,96.5,97.05000305175781,96.5,96.88999938964844,87014
2024-11-27,82.03446960449219,96.12000274658203,97.0,96.0,96.94000244140625,78423
2024-11-28,81.07858276367188,95.0,96.94999694824219,94.4000015258789,96.19999694824219,122973
2024-11-29,81.07858276367188,95.0,96.43000030517578,93.75,95.0,127188
2024-12-02,79.79840850830078,93.5,95.47000122070312,93.12000274658203,95.0999984741211,110651
2024-12-03,77.75863647460938,91.11000061035156,93.69000244140625,91.0,93.4800033569336,178067
2024-12-04,76.5296630859375,89.66999816894531,91.70999908447266,89.5199966430664,91.12000274658203,152527
2024-12-05,73.78150939941406,86.44999694824219,90.3499984741211,86.0,89.80000305175781,193264
2024-12-06,77.92080688476562,91.30000305175781,91.95999908447266,86.44999694824219,86.44999694824219,228026
2024-12-09,78.5182113647461,92.0,93.87999725341797,91.20999908447266,91.30000305175781,122640
2024-12-10,76.64059448242188,89.80000305175781,92.9000015258789,89.75,92.0,105778
2024-12-11,76.81130981445312,90.0,91.95999908447266,89.31999969482422,90.69999694824219,111974
2024-12-12,77.4940414428711,90.80000305175781,91.33999633789062,89.62999725341797,89.9000015258789,94850
2024-12-13,77.56233215332031,90.87999725341797,93.73999786376953,90.36000061035156,90.86000061035156,114020
2024-12-16,76.22649383544922,88.55000305175781,91.4800033569336,88.23999786376953,91.4800033569336,179809
2024-12-17,75.00410461425781,87.12999725341797,89.38999938964844,87.05000305175781,88.55000305175781,135638
2024-12-18,75.25373077392578,87.41999816894531,89.80000305175781,86.05000305175781,87.30000305175781,154883
2024-12-19,75.2623519897461,87.43000030517578,88.63999938964844,85.69999694824219,87.8499984741211,157639
2024-12-20,76.3986587524414,88.75,90.41999816894531,87.55000305175781,87.7699966430664,155188
2024-12-23,80.91800689697266,94.0,94.44000244140625,89.0,89.63999938964844,126680
2024-12-26,81.37425231933594,94.52999877929688,94.79000091552734,92.94999694824219,93.94000244140625,96816
2024-12-27,80.745849609375,93.80000305175781,95.86000061035156,93.5,94.97000122070312,88599
2024-12-30,80.79749298095703,93.86000061035156,95.80000305175781,93.86000061035156,94.11000061035156,72022
2025-01-02,81.38285064697266,94.54000091552734,95.0999984741211,93.62000274658203,94.80000305175781,71642
2025-01-03,81.48616790771484,94.66000366210938,95.98999786376953,94.5999984741211,94.9000015258789,74675
2025-01-06,81.52059173583984,94.69999694824219,95.8499984741211,93.6500015258789,95.08000183105469,69917
2025-01-07,82.48472595214844,95.81999969482422,96.86000061035156,94.58000183105469,94.69999694824219,106968
2025-01-08,81.90797424316406,95.1500015258789,96.4800033569336,94.94999694824219,95.9800033569336,53538
2025-01-09,81.21068572998047,94.33999633789062,95.91999816894531,94.19999694824219,95.18000030517578,66892
2025-01-10,82.21785736083984,95.51000213623047,95.83999633789062,94.33999633789062,94.33999633789062,61571
2025-01-13,82.16619873046875,95.44999694824219,96.72000122070312,95.0999984741211,95.61000061035156,60614
2025-01-14,82.20063781738281,95.48999786376953,95.97000122070312,95.22000122070312,95.44999694824219,60355
2025-01-15,82.12318420410156,95.4000015258789,96.0999984741211,94.5,95.48999786376953,103474
2025-01-16,81.32931518554688,93.62000274658203,95.1500015258789,93.62000274658203,94.5999984741211,96601
2025-01-17,79.617919921875,91.6500015258789,93.5999984741211,90.45999908447266,93.5,147941
2025-01-20,79.72216796875,91.7699966430664,92.7699966430664,91.33000183105469,92.30999755859375,96189
2025-01-21,79.49630737304688,91.51000213623047,92.19000244140625,91.31999969482422,92.0,74657
2025-01-22,79.1488265991211,91.11000061035156,92.4000015258789,90.83999633789062,91.83999633789062,91367
2025-01-23,78.9837646484375,90.91999816894531,92.30000305175781,90.62999725341797,91.3499984741211,57313
2025-01-24,79.75691986083984,91.80999755859375,92.08000183105469,90.91999816894531,91.26000213623047,70978
2025-01-27,78.97508239746094,90.91000366210938,92.44999694824219,90.80000305175781,91.80999755859375,91338
2025-01-28,79.27044677734375,91.25,92.06999969482422,90.19999694824219,91.27999877929688,74554
2025-01-29,79.92196655273438,92.0,92.55999755859375,91.25,91.25,59044
2025-01-30,80.69513702392578,92.88999938964844,93.0,92.0,92.0,68281
2025-01-31,81.92003631591797,94.30000305175781,94.5999984741211,92.93000030517578,93.0,70291
2025-02-03,80.3389663696289,92.4800033569336,94.18000030517578,92.12999725341797,93.9000015258789,97116
2025-02-04,81.94609832763672,94.33000183105469,95.12000274658203,92.55000305175781,92.80000305175781,223169
2025-02-05,81.25980377197266,93.54000091552734,94.70999908447266,93.54000091552734,94.25,64733
2025-02-06,81.39881134033203,93.69999694824219,94.0,93.26000213623047,93.66000366210938,59402
2025-02-07,81.52041625976562,93.83999633789062,94.54000091552734,93.72000122070312,94.05000305175781,66870
2025-02-10,82.0937728881836,94.5,94.95999908447266,93.83999633789062,94.0999984741211,62587
2025-02-11,82.33699798583984,94.77999877929688,94.94000244140625,94.44999694824219,94.5,59791
2025-02-12,82.43257904052734,94.88999938964844,95.0,94.43000030517578,94.79000091552734,60129
2025-02-13,81.75497436523438,94.11000061035156,95.19999694824219,94.11000061035156,94.88999938964844,95914
2025-02-14,82.3543930053711,94.80000305175781,95.38999938964844,94.30000305175781,94.41000366210938,69072
2025-02-17,83.0359878540039,94.80000305175781,94.80000305175781,94.80000305175781,94.80000305175781,0
2025-02-18,83.15862274169922,94.94000244140625,95.16999816894531,94.38999938964844,94.55000305175781,67372
2025-02-19,83.29875946044922,95.0999984741211,95.7699966430664,94.94999694824219,95.0,61838
2025-02-20,83.76298522949219,95.62999725341797,95.95999908447266,94.97000122070312,95.0999984741211,57376
2025-02-21,84.24474334716797,96.18000030517578,96.58000183105469,95.61000061035156,95.62999725341797,64953
2025-02-24,84.61262512207031,96.5999984741211,96.80000305175781,96.18000030517578,96.18000030517578,61251
2025-02-25,83.8856201171875,95.7699966430664,97.0,95.13999938964844,96.5,81446
2025-02-26,83.12358093261719,94.9000015258789,96.37999725341797,94.81999969482422,95.87999725341797,89905
2025-02-27,83.13233947753906,94.91000366210938,95.63999938964844,94.45999908447266,94.95999908447266,68515
2025-02-28,83.19365692138672,94.9800033569336,95.98999786376953,94.18000030517578,95.0,94316
2025-03-05,83.21117401123047,95.0,96.0,94.80999755859375,94.98999786376953,71915
2025-03-06,83.87686920166016,95.76000213623047,96.3499984741211,95.12999725341797,95.22000122070312,92432
2025-03-07,84.43746185302734,96.4000015258789,96.4000015258789,95.11000061035156,95.98999786376953,74880
2025-03-10,84.08707427978516,96.0,96.5,95.5999984741211,96.4000015258789,74573
2025-03-11,83.64911651611328,95.5,96.1500015258789,95.01000213623047,96.0,109788
2025-03-12,83.69291687011719,95.55000305175781,95.9000015258789,95.30000305175781,95.56999969482422,64079
2025-03-13,83.59657287597656,95.44000244140625,95.8499984741211,95.0999984741211,95.77999877929688,59505
2025-03-14,84.04329681396484,95.94999694824219,96.68000030517578,95.27999877929688,95.44000244140625,68291
2025-03-17,84.1299819946289,95.2699966430664,96.16000366210938,95.01000213623047,95.8499984741211,95014
2025-03-18,84.50970458984375,95.69999694824219,96.23999786376953,95.36000061035156,95.4000015258789,89215
2025-03-19,84.43905639648438,95.62000274658203,96.1500015258789,95.54000091552734,95.70999908447266,81081
2025-03-20,85.13668823242188,96.41000366210938,97.5,95.76000213623047,95.76000213623047,97562
2025-03-21,86.09040832519531,97.48999786376953,97.80999755859375,96.5999984741211,96.6500015258789,83158
2025-03-24,85.64886474609375,96.98999786376953,97.75,96.98999786376953,97.54000091552734,68062
2025-03-25,86.07272338867188,97.47000122070312,97.5999984741211,97.11000061035156,97.43000030517578,70576
2025-03-26,86.09922790527344,97.5,97.62999725341797,96.9000015258789,97.55000305175781,64676
2025-03-27,86.23169708251953,97.6500015258789,97.66999816894531,97.26000213623047,97.48999786376953,64497
2025-03-28,86.09040832519531,97.48999786376953,97.80000305175781,97.38999938964844,97.80000305175781,78280
2025-03-31,86.09922790527344,97.5,97.79000091552734,97.31999969482422,97.56999969482422,76913
2025-04-01,85.74600219726562,97.0999984741211,97.5999984741211,97.0999984741211,97.5,79618
2025-04-02,86.09922790527344,97.5,97.5999984741211,97.16000366210938,97.25,61826
2025-04-03,86.09040832519531,97.48999786376953,97.6500015258789,97.20999908447266,97.5,93829
2025-04-04,85.53404998779297,96.86000061035156,97.6500015258789,96.2699966430664,97.61000061035156,76370
2025-04-07,84.97773742675781,96.2300033569336,96.98999786376953,95.69999694824219,96.86000061035156,81928
2025-04-08,84.42138671875,95.5999984741211,96.80000305175781,95.19999694824219,96.66999816894531,83103
2025-04-09,84.60684967041016,95.80999755859375,95.87999725341797,95.11000061035156,95.8499984741211,47590
2025-04-10,85.00421142578125,96.26000213623047,96.80000305175781,96.05999755859375,96.26000213623047,53128
2025-04-11,86.09040832519531,97.48999786376953,97.54000091552734,96.26000213623047,96.26000213623047,77340
2025-04-14,86.09040832519531,97.48999786376953,97.69999694824219,97.3499984741211,97.56999969482422,115516
2025-04-15,87.14124298095703,98.68000030517578,98.94000244140625,97.48999786376953,97.62000274658203,72290
2025-04-16,87.93179321289062,98.79000091552734,99.13999938964844,97.9000015258789,97.98999786376953,77839
2025-04-17,89.03550720214844,100.02999877929688,100.16999816894531,98.77999877929688,98.79000091552734,77342
2025-04-22,89.10672760009766,100.11000061035156,100.88999938964844,99.81999969482422,100.08999633789062,68261
2025-04-23,89.9700927734375,101.08000183105469,101.08000183105469,100.01000213623047,100.18000030517578,62105
2025-04-24,89.59626770019531,100.66000366210938,101.38999938964844,100.05000305175781,101.08000183105469,53326
2025-04-25,89.48052978515625,100.52999877929688,101.0,100.11000061035156,100.66000366210938,75513
2025-04-28,89.35594177246094,100.38999938964844,100.97000122070312,100.16999816894531,100.58000183105469,72847
2025-04-29,89.89889526367188,101.0,101.19999694824219,100.4000015258789,100.4000015258789,57803
2025-04-30,89.64966583251953,100.72000122070312,101.55000305175781,100.5999984741211,101.0,66348
2025-05-02,90.69996643066406,101.9000015258789,101.91999816894531,100.55000305175781,101.2699966430664,66135
2025-05-05,89.94339752197266,101.05000305175781,101.80999755859375,100.69999694824219,101.0999984741211,85360
2025-05-06,89.89889526367188,101.0,101.01000213623047,100.08999633789062,101.01000213623047,50906
2025-05-07,89.92559051513672,101.02999877929688,101.16000366210938,100.5199966430664,101.0,45389
2025-05-08,89.32923889160156,100.36000061035156,101.1500015258789,100.19999694824219,101.13999938964844,48206
2025-05-09,89.45384216308594,100.5,100.7699966430664,100.12999725341797,100.7699966430664,61670
2025-05-12,89.78318786621094,100.87000274658203,101.19000244140625,100.36000061035156,100.7699966430664,51608
2025-05-13,89.80988311767578,100.9000015258789,101.19999694824219,100.0,100.87000274658203,61272
2025-05-14,89.51614379882812,100.56999969482422,101.0,100.44999694824219,100.9000015258789,54421
2025-05-15,89.89889526367188,101.0,101.08999633789062,100.5999984741211,100.5999984741211,52816
2025-05-16,90.26502227783203,100.62999725341797,100.66000366210938,100.22000122070312,100.66000366210938,53221
2025-05-19,89.97797393798828,100.30999755859375,100.72000122070312,100.19999694824219,100.62999725341797,63354
2025-05-20,89.94210052490234,100.2699966430664,100.54000091552734,100.2699966430664,100.52999877929688,51844
2025-05-21,90.00489044189453,100.33999633789062,100.70999908447266,100.1500015258789,100.44999694824219,64821
2025-05-22,90.03179931640625,100.37000274658203,100.69000244140625,100.19999694824219,100.37000274658203,50684
2025-05-23,89.87932586669922,100.19999694824219,100.6500015258789,100.16000366210938,100.54000091552734,73670
2025-05-26,89.84342956542969,100.16000366210938,100.44999694824219,100.16000366210938,100.36000061035156,64440
2025-05-27,89.78961944580078,100.0999984741211,100.4000015258789,99.98999786376953,100.30000305175781,68101
2025-05-28,89.99591827392578,100.33000183105469,100.75,100.16000366210938,100.37000274658203,61792
2025-05-29,89.69990539550781,100.0,100.75,99.98999786376953,100.58999633789062,57278
2025-05-30,90.02284240722656,100.36000061035156,101.18000030517578,100.30999755859375,100.33000183105469,64111
2025-06-02,90.596923828125,101.0,102.68000030517578,100.51000213623047,101.37000274658203,117469
2025-06-03,91.40421295166016,101.9000015258789,102.80000305175781,100.45999908447266,101.0,114796
2025-06-04,91.04540252685547,101.5,101.98999786376953,101.0199966430664,101.98999786376953,61504
2025-06-05,91.13511657714844,101.5999984741211,102.47000122070312,101.19000244140625,101.69999694824219,105816
2025-06-06,90.839111328125,101.2699966430664,102.3499984741211,101.0,101.61000061035156,83446
2025-06-09,90.1573715209961,100.51000213623047,101.36000061035156,100.41999816894531,101.02999877929688,71340
2025-06-10,90.38162994384766,100.76000213623047,101.0,100.33000183105469,100.72000122070312,56035
2025-06-11,90.596923828125,101.0,101.19000244140625,100.45999908447266,100.93000030517578,58893
2025-06-12,90.08560943603516,100.43000030517578,101.08999633789062,100.12000274658203,101.0,59921
2025-06-13,90.52515411376953,100.91999816894531,101.05000305175781,100.55000305175781,100.72000122070312,59404
2025-06-16,90.3969497680664,100.0,100.83999633789062,99.9000015258789,100.58000183105469,71694
2025-06-17,90.35174560546875,99.94999694824219,100.26000213623047,99.80999755859375,100.26000213623047,63857
2025-06-18,90.3969497680664,100.0,100.16000366210938,99.83999633789062,99.91999816894531,46954
2025-06-20,90.3065414428711,99.9000015258789,100.0999984741211,99.87999725341797,100.0,57790
2025-06-23,90.08055877685547,99.6500015258789,100.0,99.58000183105469,99.94000244140625,70695
2025-06-24,90.31559753417969,99.91000366210938,100.12000274658203,99.66000366210938,99.80000305175781,52490
2025-06-25,90.1257553100586,99.69999694824219,100.0,99.5199966430664,99.9000015258789,61033
2025-06-26,89.99015808105469,99.55000305175781,100.0,99.5199966430664,99.6500015258789,66383
2025-06-27,90.3969497680664,100.0,100.41000366210938,99.52999877929688,99.81999969482422,79438
2025-06-30,90.34272003173828,99.94000244140625,100.31999969482422,99.83000183105469,100.0,82847
2025-07-01,90.32463073730469,99.91999816894531,100.37999725341797,99.87000274658203,100.0999984741211,89606
2025-07-02,90.3969497680664,100.0,100.1500015258789,99.91000366210938,99.95999908447266,76729
2025-07-03,90.35174560546875,99.94999694824219,100.1500015258789,99.94000244140625,100.0,57260
2025-07-04,90.52349853515625,100.13999938964844,100.44999694824219,99.9000015258789,100.19999694824219,101910
2025-07-07,90.38789367675781,99.98999786376953,100.3499984741211,99.91999816894531,100.12999725341797,92650
2025-07-08,90.37887573242188,99.9800033569336,100.33999633789062,99.9800033569336,100.13999938964844,84187
2025-07-09,90.65006256103516,100.27999877929688,100.48999786376953,100.0,100.19999694824219,39890
2025-07-10,90.57775115966797,100.19999694824219,100.33000183105469,100.01000213623047,100.01000213623047,51132
2025-07-11,90.5867691040039,100.20999908447266,100.83999633789062,100.05000305175781,100.2699966430664,57533
2025-07-14,91.20148468017578,100.88999938964844,101.25,100.30000305175781,100.38999938964844,68495
2025-07-15,91.10204315185547,100.77999877929688,101.2300033569336,100.5,101.0999984741211,52541
2025-07-16,90.90916442871094,99.79000091552734,100.19999694824219,99.75,100.1500015258789,71555
2025-07-17,90.99115753173828,99.87999725341797,100.08000183105469,99.79000091552734,100.0,52409
2025-07-18,90.96381378173828,99.8499984741211,100.0999984741211,99.80000305175781,99.9000015258789,58364
2025-07-21,90.9820327758789,99.87000274658203,100.0,99.6500015258789,99.8499984741211,61906
2025-07-22,90.96381378173828,99.8499984741211,99.98999786376953,99.75,99.87000274658203,49232
2025-07-23,90.86360931396484,99.73999786376953,99.94999694824219,99.70999908447266,99.9000015258789,49928
2025-07-24,90.89093017578125,99.7699966430664,99.9000015258789,99.2699966430664,99.8499984741211,51138
2025-07-25,90.69052124023438,99.55000305175781,99.80000305175781,99.44000244140625,99.7699966430664,62937
2025-07-28,90.28057861328125,99.0999984741211,99.5999984741211,99.0,99.5999984741211,54682
2025-07-29,90.06192016601562,98.86000061035156,99.30000305175781,98.31999969482422,99.30000305175781,77229
2025-07-30,90.0163803100586,98.80999755859375,98.97000122070312,98.3499984741211,98.5999984741211,63280
2025-07-31,90.18948364257812,99.0,99.13999938964844,98.63999938964844,98.88999938964844,54647
2025-08-01,89.82505798339844,98.5999984741211,99.80000305175781,98.5999984741211,99.30999755859375,70445
2025-08-04,90.18035125732422,98.98999786376953,99.5999984741211,98.5999984741211,99.58999633789062,70070
2025-08-05,89.6701889038086,98.43000030517578,99.33999633789062,98.08999633789062,99.19999694824219,74071
2025-08-06,89.73394775390625,98.5,99.06999969482422,98.0999984741211,98.51000213623047,55185
2025-08-07,89.64286041259766,98.4000015258789,99.04000091552734,98.20999908447266,98.5999984741211,58114
2025-08-08,89.82505798339844,98.5999984741211,99.62999725341797,98.4000015258789,99.38999938964844,59343
2025-08-11,89.60643005371094,98.36000061035156,99.5999984741211,98.31999969482422,99.58999633789062,89989
2025-08-12,89.64286041259766,98.4000015258789,98.75,98.11000061035156,98.68000030517578,71859
2025-08-13,89.50619506835938,98.25,98.62000274658203,98.13999938964844,98.41000366210938,65915
2025-08-14,89.61551666259766,98.37000274658203,98.58000183105469,98.19999694824219,98.48999786376953,62287
2025-08-15,89.55176544189453,98.30000305175781,98.66000366210938,98.01000213623047,98.5999984741211,74462
2025-08-18,89.57762908935547,97.55000305175781,97.76000213623047,97.51000213623047,97.5999984741211,81024
2025-08-19,89.99085998535156,98.0,98.19999694824219,97.55000305175781,98.04000091552734,54426
2025-08-20,89.92657470703125,97.93000030517578,98.4000015258789,97.91000366210938,98.25,45851
2025-08-21,90.90913391113281,99.0,99.0,98.08999633789062,98.30000305175781,58042
2025-08-22,90.68875122070312,98.76000213623047,99.23999786376953,98.55999755859375,99.19999694824219,68961
2025-08-25,91.33153533935547,99.45999908447266,99.6500015258789,98.87000274658203,99.27999877929688,57367
2025-08-26,91.6253890991211,99.77999877929688,99.77999877929688,99.11000061035156,99.38999938964844,57751
2025-08-27,91.71720886230469,99.87999725341797,99.94000244140625,99.48999786376953,99.77999877929688,67151
2025-08-28,91.81822204589844,99.98999786376953,100.0999984741211,99.58000183105469,99.87999725341797,54982
2025-08-29,91.82740783691406,100.0,100.48999786376953,99.91999816894531,100.0,79701
2025-09-01,91.80903625488281,99.9800033569336,100.38999938964844,99.83000183105469,100.1500015258789,71307
2025-09-02,91.66211700439453,99.81999969482422,100.37999725341797,99.81999969482422,100.12999725341797,69419
2025-09-03,91.91922760009766,100.0999984741211,100.87999725341797,99.91999816894531,100.12999725341797,79600
2025-09-04,91.75395202636719,99.91999816894531,100.5,99.88999938964844,100.5,58124
2025-09-05,92.6079330444336,100.8499984741211,101.0,100.11000061035156,100.3499984741211,83157
2025-09-08,92.74568176269531,101.0,101.73999786376953,100.61000061035156,100.7699966430664,107513
2025-09-09,93.0027847290039,101.27999877929688,101.5,101.0,101.44000244140625,81744
2025-09-10,93.2048110961914,101.5,101.5,101.06999969482422,101.27999877929688,57894
2025-09-11,93.38845825195312,101.69999694824219,101.8499984741211,101.4000015258789,101.5,69468
2025-09-12,94.35265350341797,102.75,102.83999633789062,101.80999755859375,101.87000274658203,76668
2025-09-15,94.16899871826172,102.55000305175781,103.0999984741211,102.0,102.70999908447266,110394
2025-09-16,94.78731536865234,102.43000030517578,103.16000366210938,101.80000305175781,101.80000305175781,90943
2025-09-17,95.13894653320312,102.80999755859375,103.5999984741211,102.55999755859375,102.80000305175781,80101
2025-09-18,94.90760040283203,102.55999755859375,103.30999755859375,102.43000030517578,102.80000305175781,83383
2025-09-19,94.42640686035156,102.04000091552734,103.31999969482422,102.04000091552734,103.0,285530
2025-09-22,94.28759765625,101.88999938964844,102.93000030517578,101.70999908447266,102.51000213623047,99140
2025-09-23,94.57447052001953,102.19999694824219,102.48999786376953,101.83000183105469,102.05000305175781,82931
2025-09-24,95.12970733642578,102.80000305175781,102.98999786376953,102.19999694824219,102.2300033569336,75569
2025-09-25,95.22224426269531,102.9000015258789,103.13999938964844,102.69000244140625,102.80000305175781,64897
2025-09-26,95.45358276367188,103.1500015258789,103.58999633789062,102.94999694824219,103.0,63413
2025-09-29,95.51835632324219,103.22000122070312,103.80000305175781,102.61000061035156,103.33000183105469,72094
2025-09-30,95.93476867675781,103.66999816894531,103.72000122070312,103.22000122070312,103.66999816894531,72600
2025-10-01,95.61091613769531,103.31999969482422,104.5,103.22000122070312,103.9000015258789,92405
2025-10-02,96.11986541748047,103.87000274658203,104.0,103.19999694824219,103.31999969482422,65606
2025-10-03,96.36971282958984,104.13999938964844,104.18000030517578,103.70999908447266,103.8499984741211,63482
2025-10-06,96.47150421142578,104.25,104.4000015258789,104.0,104.19000244140625,72022
2025-10-07,96.23089599609375,103.98999786376953,104.4000015258789,103.58000183105469,104.3499984741211,68441
2025-10-08,95.9810562133789,103.72000122070312,104.20999908447266,103.56999969482422,104.18000030517578,66920
2025-10-09,95.91626739501953,103.6500015258789,104.19999694824219,103.41000366210938,104.0,55984
2025-10-10,96.06433868408203,103.80999755859375,104.38999938964844,103.5,103.6500015258789,72599
2025-10-13,95.96253967285156,103.69999694824219,104.23999786376953,103.5199966430664,103.80999755859375,70740
2025-10-14,95.97178649902344,103.70999908447266,104.20999908447266,103.55999755859375,103.98999786376953,78729
2025-10-15,96.14761352539062,103.9000015258789,104.19000244140625,103.73999786376953,103.93000030517578,79678
2025-10-16,96.09928894042969,103.05999755859375,103.4800033569336,102.97000122070312,103.29000091552734,83892
2025-10-17,96.4815902709961,103.47000122070312,103.5,102.77999877929688,103.30000305175781,71077
2025-10-20,96.12724304199219,103.08999633789062,103.5999984741211,102.87999725341797,103.5199966430664,87092
2025-10-21,96.64009094238281,103.63999938964844,103.93000030517578,102.87999725341797,103.5199966430664,89273
2025-10-22,96.64942169189453,103.6500015258789,103.81999969482422,103.5,103.69999694824219,76309
2025-10-23,96.7146987915039,103.72000122070312,103.87000274658203,103.5,103.73999786376953,71590
2025-10-24,96.88253784179688,103.9000015258789,104.25,103.69999694824219,103.75,99270
2025-10-27,96.2857666015625,103.26000213623047,104.0999984741211,103.26000213623047,103.98999786376953,89105
2025-10-28,96.1365737915039,103.0999984741211,103.6500015258789,103.0,103.55000305175781,77412
2025-10-29,96.29508972167969,103.2699966430664,103.88999938964844,103.19999694824219,103.30000305175781,71586
2025-10-30,96.41632843017578,103.4000015258789,103.69999694824219,103.19000244140625,103.5999984741211,60714
2025-10-31,95.98738861083984,102.94000244140625,103.69000244140625,102.9000015258789,103.5199966430664,103191
2025-11-03,96.52819061279297,103.5199966430664,103.73999786376953,103.0,103.0999984741211,93002
2025-11-04,96.50956726074219,103.5,103.81999969482422,103.19999694824219,103.69999694824219,71894
2025-11-05,96.76131439208984,103.7699966430664,103.79000091552734,103.30000305175781,103.5,63981
2025-11-06,96.61213684082031,103.61000061035156,103.98999786376953,103.4800033569336,103.7699966430664,73464
2025-11-07,96.88253784179688,103.9000015258789,104.0999984741211,103.55999755859375,103.87999725341797,66766
2025-11-10,96.92915344238281,103.94999694824219,104.22000122070312,103.8499984741211,104.04000091552734,66419
2025-11-11,96.9105224609375,103.93000030517578,104.20999908447266,103.70999908447266,103.94999694824219,63275
2025-11-12,96.88253784179688,103.9000015258789,104.36000061035156,103.9000015258789,103.93000030517578,74643
2025-11-13,96.61213684082031,103.61000061035156,104.30000305175781,103.5,104.18000030517578,98017
2025-11-14,97.08768463134766,104.12000274658203,104.30000305175781,103.79000091552734,104.04000091552734,88253
2025-11-17,97.70606994628906,103.98999786376953,103.98999786376953,103.0,103.69999694824219,105137
2025-11-18,97.82821655273438,104.12000274658203,104.18000030517578,103.70999908447266,104.0,77465
2025-11-19,97.4805679321289,103.75,104.25,103.75,104.12000274658203,71074
2025-11-21,97.76244354248047,104.05000305175781,104.4800033569336,103.75,103.94999694824219,85718
2025-11-24,97.76244354248047,104.05000305175781,104.44999694824219,103.76000213623047,104.19999694824219,104617
2025-11-25,97.58393096923828,103.86000061035156,104.1500015258789,103.5999984741211,104.05000305175781,163176
2025-11-26,97.32084655761719,103.58000183105469,104.0,103.56999969482422,103.9000015258789,91223
2025-11-27,97.43358612060547,103.69999694824219,103.91999816894531,103.58999633789062,103.76000213623047,64917
2025-11-28,97.35842895507812,103.62000274658203,103.86000061035156,103.62000274658203,103.8499984741211,111107
2025-12-01,97.24567413330078,103.5,103.9000015258789,103.37000274658203,103.80000305175781,234791
2025-12-02,97.24567413330078,103.5,103.62000274658203,103.41999816894531,103.51000213623047,109935
2025-12-03,97.17051696777344,103.41999816894531,103.58999633789062,103.38999938964844,103.58999633789062,98154
2025-12-04,97.17051696777344,103.41999816894531,103.55000305175781,103.4000015258789,103.4800033569336,116495
2025-12-05,97.01078796386719,103.25,103.70999908447266,102.80999755859375,103.51000213623047,479113
2025-12-08,96.832275390625,103.05999755859375,103.66999816894531,103.05999755859375,103.5,173247
2025-12-09,96.47522735595703,102.68000030517578,103.30000305175781,102.2300033569336,103.25,174739
2025-12-10,96.68193054199219,102.9000015258789,103.0,102.43000030517578,102.79000091552734,203370
2025-12-11,96.68193054199219,102.9000015258789,103.12999725341797,102.19999694824219,102.94999694824219,179555
2025-12-12,96.29670715332031,102.48999786376953,103.30000305175781,102.19999694824219,102.94999694824219,171915
2025-12-15,96.21214294433594,102.4000015258789,102.76000213623047,102.20999908447266,102.69999694824219,180417
2025-12-16,96.57967376708984,102.0,102.11000061035156,101.61000061035156,101.61000061035156,134839
2025-12-17,96.10623931884766,101.5,102.13999938964844,101.36000061035156,102.06999969482422,136252
2025-12-18,96.15359497070312,101.55000305175781,101.87999725341797,101.31999969482422,101.66000366210938,643818
2025-12-19,96.09677124023438,101.48999786376953,102.30999755859375,101.48999786376953,101.75,304124
2025-12-22,96.56073760986328,101.9800033569336,102.45999908447266,101.75,102.0,183745
2025-12-23,96.68382263183594,102.11000061035156,102.30999755859375,101.91999816894531,102.29000091552734,170284
2025-12-26,97.52653503417969,103.0,103.48999786376953,102.44000244140625,102.58999633789062,172429
2025-12-29,97.6212387084961,103.0999984741211,103.5,102.7699966430664,103.5,134145
2025-12-30,97.19513702392578,102.6500015258789,103.44000244140625,102.6500015258789,103.12000274658203,175878
2026-01-02,98.17986297607422,103.69000244140625,103.79000091552734,103.01000213623047,103.18000030517578,172315
2026-01-05,98.00944519042969,103.51000213623047,103.79000091552734,103.16999816894531,103.68000030517578,130981
2026-01-06,98.18933868408203,103.69999694824219,103.7699966430664,103.30000305175781,103.73999786376953,100530
2026-01-07,97.52653503417969,103.0,103.62999725341797,103.0,103.5,947593
2026-01-08,97.44132232666016,102.91000366210938,103.2699966430664,102.27999877929688,103.0,351114
2026-01-09,97.6685562133789,103.1500015258789,103.45999908447266,102.9800033569336,103.1500015258789,115118
2026-01-12,97.71590423583984,103.19999694824219,103.41000366210938,103.01000213623047,103.4000015258789,117115
2026-01-13,97.87686920166016,103.37000274658203,103.41000366210938,103.0999984741211,103.19999694824219,106973
2026-01-14,97.90528106689453,103.4000015258789,103.58999633789062,103.13999938964844,103.58000183105469,104322
2026-01-15,97.90528106689453,103.4000015258789,103.5199966430664,103.08999633789062,103.5,147092
2026-01-16,97.86534881591797,102.56999969482422,103.0,102.4800033569336,102.69999694824219,113333
2026-01-19,97.78902435302734,102.48999786376953,102.9800033569336,102.36000061035156,102.91999816894531,131116
2026-01-20,97.79856872558594,102.5,102.69000244140625,102.4000015258789,102.48999786376953,155005
2026-01-21,97.7031478881836,102.4000015258789,102.81999969482422,102.4000015258789,102.5999984741211,120946
2026-01-22,97.79856872558594,102.5,102.69000244140625,102.4000015258789,102.69000244140625,130960
2026-01-23,97.9893798828125,102.69999694824219,102.88999938964844,102.3499984741211,102.77999877929688,178239
2026-01-26,98.03709411621094,102.75,102.9000015258789,102.44999694824219,102.79000091552734,154574
2026-01-27,97.97985076904297,102.69000244140625,102.86000061035156,102.48999786376953,102.80000305175781,151515
2026-01-28,97.82717895507812,102.52999877929688,102.8499984741211,102.45999908447266,102.80000305175781,122625
2026-01-29,98.08480834960938,102.80000305175781,102.80000305175781,102.3499984741211,102.62999725341797,136013
2026-01-30,97.90351867675781,102.61000061035156,102.8499984741211,102.45999908447266,102.80000305175781,158515
2026-02-02,97.8558120727539,102.55999755859375,102.83000183105469,102.44999694824219,102.80000305175781,179304
2026-02-03,98.07526397705078,102.79000091552734,102.87000274658203,102.5,102.86000061035156,205345
2026-02-04,97.84626770019531,102.55000305175781,102.79000091552734,102.5,102.7699966430664,114890
2026-02-05,97.79856872558594,102.5,102.79000091552734,102.41999816894531,102.70999908447266,122109
2026-02-06,98.06571197509766,102.77999877929688,102.80000305175781,102.43000030517578,102.73999786376953,134223
2026-02-09,97.76994323730469,102.47000122070312,102.93000030517578,102.45999908447266,102.9000015258789,142797
2026-02-10,97.7031478881836,102.4000015258789,102.75,102.4000015258789,102.69000244140625,518569
2026-02-11,97.95121765136719,102.66000366210938,102.69999694824219,102.45999908447266,102.62999725341797,125991
2026-02-12,97.96075439453125,102.66999816894531,102.80000305175781,102.5,102.69999694824219,132493
2026-02-13,98.2660903930664,102.98999786376953,103.08999633789062,102.51000213623047,102.76000213623047,188582
2026-02-18,98.70661163330078,102.6500015258789,102.72000122070312,102.43000030517578,102.62000274658203,121459
2026-02-19,98.61045837402344,102.55000305175781,102.73999786376953,102.44000244140625,102.66999816894531,112902
2026-02-20,98.74508666992188,102.69000244140625,102.79000091552734,102.48999786376953,102.75,139661
2026-02-23,98.65853881835938,102.5999984741211,102.77999877929688,102.55999755859375,102.69000244140625,146245
2026-02-24,98.65853881835938,102.5999984741211,102.77999877929688,102.5999984741211,102.66000366210938,111130
2026-02-25,98.94701385498047,102.9000015258789,103.05000305175781,102.66000366210938,102.69999694824219,132321
2026-02-26,98.91816711425781,102.87000274658203,103.0199966430664,102.75,102.91000366210938,106888
2026-02-27,99.71627807617188,103.69999694824219,103.9000015258789,102.94999694824219,103.0,149354
2026-03-02,99.13933563232422,103.0999984741211,104.25,102.91000366210938,103.9000015258789,204669
2026-03-03,99.35087585449219,103.31999969482422,103.69999694824219,103.29000091552734,103.4000015258789,163256
2026-03-04,100.02397918701172,104.0199966430664,104.19999694824219,103.47000122070312,103.69000244140625,88754
2026-03-05,99.81243896484375,103.80000305175781,104.4800033569336,103.70999908447266,104.18000030517578,96735
2026-03-06,100.00475311279297,104.0,104.4800033569336,104.0,104.18000030517578,108360
2026-03-09,98.9854736328125,102.94000244140625,104.58000183105469,102.75,104.58000183105469,218785
2026-03-10,99.30278778076172,103.2699966430664,103.38999938964844,102.80000305175781,103.13999938964844,109203
2026-03-11,99.63935089111328,103.62000274658203,103.9800033569336,103.01000213623047,103.29000091552734,94905
2026-03-12,99.9566650390625,103.94999694824219,104.30000305175781,103.66000366210938,104.19000244140625,86279
2026-03-13,100.01436614990234,104.01000213623047,104.58999633789062,103.80000305175781,104.1500015258789,135796
2026-03-16,100.65211486816406,103.87000274658203,104.02999877929688,103.25,103.69000244140625,108356
2026-03-17,100.56488800048828,103.77999877929688,104.19999694824219,103.37000274658203,104.0999984741211,87317
2026-03-18,100.58428192138672,103.80000305175781,103.97000122070312,103.69000244140625,103.9000015258789,75618
2026-03-19,100.36139678955078,103.56999969482422,103.7300033569336,103.0,103.68000030517578,108498
2026-03-20,99.97379302978516,103.16999816894531,103.94999694824219,103.0,103.94999694824219,238721
2026-03-23,100.23543548583984,103.44000244140625,103.69000244140625,103.0199966430664,103.69000244140625,95562
2026-03-24,100.58428192138672,103.80000305175781,103.94000244140625,103.44000244140625,103.56999969482422,65901
2026-03-25,100.48737335205078,103.69999694824219,103.94000244140625,103.16999816894531,103.73999786376953,92135
2026-03-26,100.29357147216797,103.5,103.75,103.2300033569336,103.69999694824219,75058
2026-03-27,100.39046478271484,103.5999984741211,103.69999694824219,103.37999725341797,103.58000183105469,87036
2026-03-30,99.92534637451172,103.12000274658203,103.69999694824219,103.0999984741211,103.5999984741211,88006
2026-03-31,100.14820861816406,103.3499984741211,103.69000244140625,103.12999725341797,103.6500015258789,88188
2026-04-01,100.6714859008789,103.88999938964844,103.88999938964844,103.22000122070312,103.68000030517578,101484
2026-04-02,100.78777313232422,104.01000213623047,104.02999877929688,103.51000213623047,103.98999786376953,99063
2026-04-06,100.63272857666016,103.8499984741211,104.19999694824219,103.72000122070312,104.0999984741211,118221
2026-04-07,100.48737335205078,103.69999694824219,104.01000213623047,103.55000305175781,103.91000366210938,94556
2026-04-08,100.75869750976562,103.9800033569336,105.0,103.52999877929688,104.0,109520
2026-04-09,100.76838684082031,103.98999786376953,104.54000091552734,103.6500015258789,104.54000091552734,98298
2026-04-10,101.11722564697266,104.3499984741211,104.4800033569336,103.9000015258789,104.0,134801
2026-04-13,100.76838684082031,103.98999786376953,104.4000015258789,103.69999694824219,104.4000015258789,131277
2026-04-14,100.6811752319336,103.9000015258789,104.27999877929688,103.80000305175781,104.27999877929688,115018
2026-04-15,100.77808380126953,104.0,104.1500015258789,103.80999755859375,104.08999633789062,128051
2026-04-16,101.58680725097656,104.0199966430664,104.05000305175781,103.5,103.87000274658203,91116
2026-04-17,101.6454086303711,104.08000183105469,104.0999984741211,103.75,104.08000183105469,97766
2026-04-20,101.5672836303711,104.0,104.4800033569336,103.80000305175781,104.0999984741211,137722
2026-04-22,101.5672836303711,104.0,104.29000091552734,103.2699966430664,104.29000091552734,158220
2026-04-23,101.03014373779297,103.44999694824219,104.05999755859375,103.38999938964844,104.05999755859375,142220
2026-04-24,100.76647186279297,103.18000030517578,103.55999755859375,103.11000061035156,103.43000030517578,125043
2026-04-27,100.87173461914062,103.28779602050781,103.4274673461914,102.65927124023438,103.2079849243164,124904
2026-04-28,100.9301986694336,103.34765625,103.52722930908203,102.95856475830078,103.22793579101562,66241
2026-04-29,100.96178436279297,103.37999725341797,103.69999694824219,103.0,103.58999633789062,66822
2026-04-30,101.17662811279297,103.5999984741211,103.81999969482422,103.5,103.5,89444
2026-05-04,100.93247985839844,103.3499984741211,103.80000305175781,103.27999877929688,103.61000061035156,128742
2026-05-05,100.6980972290039,103.11000061035156,103.5,103.01000213623047,103.5,112071
2026-05-06,101.17662811279297,103.5999984741211,103.5999984741211,102.86000061035156,103.1500015258789,141283
2026-05-07,100.63951110839844,103.05000305175781,103.62999725341797,103.05000305175781,103.47000122070312,115633
2026-05-08,101.32312774658203,103.75,103.75,103.16000366210938,103.26000213623047,161906
2026-05-11,100.68833923339844,103.0999984741211,103.75,103.01000213623047,103.75,142530
2026-05-12,100.5809097290039,102.98999786376953,103.30000305175781,102.94000244140625,103.19999694824219,131792
2026-05-13,100.39535522460938,102.80000305175781,103.2300033569336,102.80000305175781,103.08999633789062,128911
2026-05-14,100.6980972290039,103.11000061035156,103.26000213623047,102.94000244140625,103.12000274658203,106750
2026-05-15,100.98131561279297,103.4000015258789,103.55000305175781,103.05000305175781,103.19999694824219,119390
2026-05-18,101.06006622314453,102.66999816894531,103.19999694824219,102.3499984741211,103.13999938964844,150058
2026-05-19,101.08959197998047,102.69999694824219,102.9000015258789,102.55000305175781,102.9000015258789,95191
2026-05-20,101.35536193847656,102.97000122070312,103.0,102.5199966430664,102.5199966430664,114999
2026-05-21,101.58174896240234,103.19999694824219,103.19999694824219,102.69999694824219,102.95999908447266,100410
2026-05-22,101.87704467773438,103.5,103.62000274658203,103.06999969482422,103.25,123835
2026-05-25,101.86720275878906,103.48999786376953,103.69000244140625,102.93000030517578,103.4000015258789,176611
2026-05-26,100.98130798339844,102.58999633789062,103.4000015258789,102.58999633789062,103.30000305175781,193660
2026-05-27,101.47347259521484,103.08999633789062,103.08999633789062,102.6500015258789,102.79000091552734,93396
2026-05-28,101.36520385742188,102.9800033569336,103.29000091552734,102.76000213623047,103.08999633789062,80126
2026-05-29,101.97547912597656,103.5999984741211,103.70999908447266,102.94000244140625,103.19999694824219,112478
2026-06-01,102.29046630859375,103.91999816894531,104.0999984741211,103.12000274658203,103.58999633789062,112604
2026-06-02,101.3356704711914,102.94999694824219,103.91999816894531,102.91999816894531,103.91999816894531,138858
2026-06-03,101.35536193847656,102.97000122070312,103.25,102.5999984741211,103.19999694824219,116022
2026-06-05,101.72940063476562,103.3499984741211,103.43000030517578,103.0199966430664,103.31999969482422,94395
2026-06-08,101.06990051269531,102.68000030517578,103.55000305175781,102.55000305175781,103.3499984741211,126269
2026-06-09,100.57774353027344,102.18000030517578,103.0,102.18000030517578,102.77999877929688,108465
2026-06-10,100.43009185791016,102.02999877929688,102.44000244140625,101.45999908447266,102.3499984741211,114406
2026-06-11,101.17818450927734,102.79000091552734,102.81999969482422,102.02999877929688,102.02999877929688,77941
2026-06-12,101.3356704711914,102.94999694824219,103.29000091552734,102.79000091552734,103.0,86398
2026-06-15,101.3356704711914,102.94999694824219,103.4800033569336,102.9000015258789,103.0199966430664,120072
2026-06-16,101.7325210571289,102.54000091552734,102.80000305175781,102.1500015258789,102.80000305175781,92623
2026-06-17,101.76228332519531,102.56999969482422,102.69000244140625,102.30999755859375,102.54000091552734,153185
2026-06-18,101.43488311767578,102.23999786376953,102.5999984741211,102.16000366210938,102.55999755859375,80468
2026-06-19,101.93093872070312,102.73999786376953,102.73999786376953,102.11000061035156,102.37999725341797,74297
2026-06-22,100.99835205078125,101.80000305175781,102.73999786376953,101.73999786376953,102.73999786376953,117332
2026-06-23,101.0479507446289,101.8499984741211,102.5999984741211,101.83999633789062,102.05000305175781,99045
2026-06-24,100.60150146484375,101.4000015258789,102.48999786376953,101.33000183105469,102.16000366210938,134504
2026-06-25,101.52417755126953,102.33000183105469,102.48999786376953,101.6500015258789,102.02999877929688,79749
2026-06-26,101.43488311767578,102.23999786376953,102.5999984741211,101.91000366210938,102.5999984741211,90379
2026-06-29,101.69283294677734,102.5,102.5999984741211,102.27999877929688,102.58000183105469,62878
2026-06-30,101.52417755126953,102.33000183105469,102.55999755859375,102.11000061035156,102.55999755859375,86158
2026-07-01,101.52417755126953,102.33000183105469,102.55999755859375,102.11000061035156,102.30000305175781,96953
2026-07-02,101.74244689941406,102.55000305175781,102.5999984741211,102.36000061035156,102.55000305175781,89914
2026-07-03,101.78211975097656,102.58999633789062,102.5999984741211,102.44000244140625,102.5999984741211,79176
2026-07-06,101.6729965209961,102.4800033569336,102.5999984741211,102.3499984741211,102.5999984741211,101958
2026-07-07,101.69283294677734,102.5,102.5999984741211,102.48999786376953,102.58999633789062,73162
2026-07-08,101.62338256835938,102.43000030517578,102.5999984741211,102.4000015258789,102.58999633789062,90459
2026-07-09,101.71267700195312,102.5199966430664,102.5999984741211,102.36000061035156,102.5999984741211,61659
2026-07-10,101.6729965209961,102.4800033569336,102.5999984741211,102.4800033569336,102.55000305175781,103063
2026-07-13,101.79204559326172,102.5999984741211,102.5999984741211,102.44999694824219,102.5999984741211,87406
2026-07-14,101.79204559326172,102.5999984741211,102.5999984741211,102.4800033569336,102.5999984741211,96805
2026-07-15,102.05000305175781,102.86000061035156,102.87000274658203,102.5,102.5999984741211,91667
2026-07-16,102.69999694824219,102.69999694824219,102.80999755859375,102.2699966430664,102.55999755859375,98171
2026-07-17,102.52999877929688,102.52999877929688,102.8499984741211,102.44000244140625,102.8499984741211,99103
2026-07-20,102.55999755859375,102.55999755859375,102.86000061035156,102.47000122070312,102.86000061035156,106904
2026-07-21,102.38999938964844,102.38999938964844,102.7699966430664,102.25,102.62000274658203,88270
2026-07-22,101.05999755859375,101.05999755859375,102.37999725341797,100.91000366210938,102.37999725341797,221377
2026-07-23,100.83999633789062,100.83999633789062,101.18000030517578,100.19999694824219,101.0,167854
2026-07-24,100.81999969482422,100.81999969482422,101.27999877929688,100.41999816894531,101.12000274658203,131466
2026-07-27,99.87999725341797,99.87999725341797,100.94000244140625,99.7699966430664,100.87999725341797,191749
2026-07-28,100.37000274658203,100.37000274658203,101.0,99.87999725341797,100.0,252892
2026-07-29,100.20999908447266,100.20999908447266,100.69999694824219,100.05000305175781,100.58000183105469,135094
2026-07-30,100.86000061035156,100.86000061035156,100.9000015258789,100.05999755859375,100.30000305175781,107246
2026-07-31,100.80999755859375,100.80999755859375,101.18000030517578,100.69999694824219,101.16000366210938,122049
2026-08-03,101.0,101.0,101.23999786376953,100.69999694824219,101.08000183105469,149044
2026-08-04,100.5,100.5,101.12999725341797,100.13999938964844,101.04000091552734,173841
2026-08-05,100.80999755859375,100.80999755859375,101.0,100.25,101.0,108820
2026-08-06,100.79000091552734,100.79000091552734,101.01000213623047,100.62000274658203,100.8499984741211,80936
