Date,Adj Close,Close,High,Low,Open,Volume
2011-03-02,68.64604187011719,102.52228546142578,102.52228546142578,102.52228546142578,102.52228546142578,2342
2011-03-03,68.64604187011719,102.52228546142578,102.52228546142578,102.52228546142578,102.52228546142578,0
2011-03-04,68.64604187011719,102.52228546142578,102.52228546142578,102.52228546142578,102.52228546142578,0
2011-03-09,68.64604187011719,102.52228546142578,102.52228546142578,102.52228546142578,102.52228546142578,0
2011-03-10,68.64604187011719,102.52228546142578,102.52228546142578,102.52228546142578,102.52228546142578,0
2011-03-11,68.64604187011719,102.52228546142578,102.52228546142578,102.52228546142578,102.52228546142578,0
2011-03-14,68.64604187011719,102.52228546142578,102.52228546142578,102.52228546142578,102.52228546142578,0
2011-03-15,68.64604187011719,102.52228546142578,102.52228546142578,102.52228546142578,102.52228546142578,0
2011-03-16,68.64604187011719,102.52228546142578,102.52228546142578,102.52228546142578,102.52228546142578,0
2011-03-17,68.64604187011719,102.52228546142578,102.52228546142578,102.52228546142578,102.52228546142578,0
2011-03-18,68.64604187011719,102.52228546142578,102.52228546142578,102.52228546142578,102.52228546142578,0
2011-03-21,68.64604187011719,102.52228546142578,102.52228546142578,102.52228546142578,102.52228546142578,0
2011-03-22,68.64667510986328,102.52326965332031,102.52326965332031,102.52326965332031,102.52326965332031,1018
2011-03-23,68.64667510986328,102.52326965332031,102.52326965332031,102.52326965332031,102.52326965332031,0
2011-03-24,68.64667510986328,102.52326965332031,102.52326965332031,102.52326965332031,102.52326965332031,0
2011-03-25,68.64667510986328,102.52326965332031,102.52326965332031,102.52326965332031,102.52326965332031,0
2011-03-28,68.64738464355469,102.52425384521484,102.52425384521484,102.52326965332031,102.52326965332031,2158
2011-03-29,68.64738464355469,102.52425384521484,102.52425384521484,102.52425384521484,102.52425384521484,0
2011-03-30,68.64738464355469,102.52425384521484,102.52425384521484,102.52425384521484,102.52425384521484,0
2011-03-31,68.64738464355469,102.52425384521484,102.52425384521484,102.52425384521484,102.52425384521484,0
2011-04-01,68.64667510986328,102.52326965332031,102.52326965332031,102.52326965332031,102.52326965332031,5559
2011-04-04,68.64667510986328,102.52326965332031,102.52326965332031,102.52326965332031,102.52326965332031,0
2011-04-05,68.64667510986328,102.52326965332031,102.52326965332031,102.52326965332031,102.52326965332031,0
2011-04-06,68.64667510986328,102.52326965332031,102.52326965332031,102.52326965332031,102.52326965332031,274
2011-04-07,68.64667510986328,102.52326965332031,102.52326965332031,102.52326965332031,102.52326965332031,203
2011-04-08,68.64667510986328,102.52326965332031,102.52326965332031,102.52326965332031,102.52326965332031,203
2011-04-11,68.64667510986328,102.52326965332031,102.52326965332031,102.52326965332031,102.52326965332031,0
2011-04-12,68.64667510986328,102.52326965332031,102.52326965332031,102.52326965332031,102.52326965332031,0
2011-04-13,68.64667510986328,102.52326965332031,102.52326965332031,102.52326965332031,102.52326965332031,0
2011-04-14,68.64667510986328,102.52326965332031,102.52326965332031,102.52326965332031,102.52326965332031,0
2011-04-15,68.64667510986328,102.52326965332031,102.52326965332031,102.52326965332031,102.52326965332031,0
2011-04-18,68.64667510986328,102.52326965332031,102.52326965332031,102.52326965332031,102.52326965332031,407
2011-04-19,68.64667510986328,102.52326965332031,102.52326965332031,102.52326965332031,102.52326965332031,1018
2011-04-20,68.64667510986328,102.52326965332031,102.52326965332031,102.52326965332031,102.52326965332031,1955
2011-04-25,68.64667510986328,102.52326965332031,102.52326965332031,102.52326965332031,102.52326965332031,509
2011-04-26,68.64667510986328,102.52326965332031,102.52326965332031,102.52326965332031,102.52326965332031,6130
2011-04-27,68.64667510986328,102.52326965332031,102.52326965332031,102.52326965332031,102.52326965332031,142
2011-04-28,68.64667510986328,102.52326965332031,102.52326965332031,102.52326965332031,102.52326965332031,0
2011-04-29,68.64667510986328,102.52326965332031,102.52326965332031,102.52326965332031,102.52326965332031,0
2011-05-02,68.3836898803711,102.13046264648438,102.13046264648438,101.7376480102539,101.7376480102539,112
2011-05-03,68.3836898803711,102.13046264648438,102.13046264648438,102.13046264648438,102.13046264648438,0
2011-05-04,68.3836898803711,102.13046264648438,102.13046264648438,102.13046264648438,102.13046264648438,0
2011-05-05,68.3836898803711,102.13046264648438,102.13046264648438,102.13046264648438,102.13046264648438,0
2011-05-06,68.3836898803711,102.13046264648438,102.13046264648438,102.13046264648438,102.13046264648438,40
2011-05-09,68.3836898803711,102.13046264648438,102.13046264648438,102.13046264648438,102.13046264648438,0
2011-05-10,68.3836898803711,102.13046264648438,102.13046264648438,102.13046264648438,102.13046264648438,0
2011-05-11,68.3836898803711,102.13046264648438,102.13046264648438,102.13046264648438,102.13046264648438,0
2011-05-12,68.3836898803711,102.13046264648438,102.13046264648438,102.13046264648438,102.13046264648438,20
2011-05-13,68.3836898803711,102.13046264648438,102.13046264648438,102.13046264648438,102.13046264648438,509
2011-05-16,68.3836898803711,102.13046264648438,102.13046264648438,102.13046264648438,102.13046264648438,0
2011-05-17,68.3836898803711,102.13046264648438,102.13046264648438,102.13046264648438,102.13046264648438,152
2011-05-18,68.3836898803711,102.13046264648438,102.13046264648438,102.13046264648438,102.13046264648438,0
2011-05-19,68.3836898803711,102.13046264648438,102.13046264648438,102.13046264648438,102.13046264648438,560
2011-05-20,68.3836898803711,102.13046264648438,102.13046264648438,102.13046264648438,102.13046264648438,1109
2011-05-23,68.37710571289062,102.12063598632812,102.12063598632812,102.12063598632812,102.12063598632812,30
2011-05-24,68.3836898803711,102.13046264648438,102.13046264648438,102.12554931640625,102.12554931640625,967
2011-05-25,68.41656494140625,102.17955780029297,102.2286605834961,102.13046264648438,102.2286605834961,2932
2011-05-26,68.58094787597656,102.42506408691406,102.42506408691406,102.13046264648438,102.13046264648438,4470
2011-05-27,68.58094787597656,102.42506408691406,102.42506408691406,102.42506408691406,102.42506408691406,0
2011-05-30,68.58094787597656,102.42506408691406,102.42506408691406,102.42506408691406,102.42506408691406,274
2011-05-31,68.58094787597656,102.42506408691406,102.42506408691406,102.42506408691406,102.42506408691406,132
2011-06-01,68.71245574951172,102.62146759033203,102.62146759033203,102.62146759033203,102.62146759033203,458
2011-06-02,68.71245574951172,102.62146759033203,102.62146759033203,102.62146759033203,102.62146759033203,10
2011-06-03,68.3836898803711,102.13046264648438,102.13046264648438,102.13046264648438,102.13046264648438,40
2011-06-06,68.3836898803711,102.13046264648438,102.13046264648438,102.13046264648438,102.13046264648438,0
2011-06-07,68.3836898803711,102.13046264648438,102.13046264648438,102.13046264648438,102.13046264648438,0
2011-06-08,68.3836898803711,102.13046264648438,102.13046264648438,102.13046264648438,102.13046264648438,0
2011-06-09,68.3836898803711,102.13046264648438,102.13046264648438,102.13046264648438,102.13046264648438,0
2011-06-10,68.3836898803711,102.13046264648438,102.13046264648438,102.13046264648438,102.13046264648438,0
2011-06-13,68.77821350097656,102.71967315673828,102.71967315673828,102.62146759033203,102.62146759033203,1670
2011-06-14,68.90972137451172,102.91607666015625,102.91607666015625,102.71967315673828,102.71967315673828,386
2011-06-15,69.69878387451172,104.0945053100586,104.0945053100586,103.6034927368164,103.6034927368164,1771
2011-06-16,69.69878387451172,104.0945053100586,104.0945053100586,104.0945053100586,104.0945053100586,0
2011-06-17,69.69878387451172,104.0945053100586,104.0945053100586,104.0945053100586,104.0945053100586,40
2011-06-20,70.3563003540039,105.07653045654297,105.07653045654297,105.07653045654297,105.07653045654297,672
2011-06-21,70.02752685546875,104.58551788330078,104.58551788330078,104.58551788330078,104.58551788330078,1955
2011-06-22,69.7645034790039,104.19271087646484,105.56754302978516,104.19271087646484,105.56754302978516,1262
2011-06-24,69.7645034790039,104.19271087646484,104.19271087646484,104.19271087646484,104.19271087646484,0
2011-06-27,70.68505859375,105.56754302978516,105.56754302978516,105.56754302978516,105.56754302978516,722
2011-06-28,70.68505859375,105.56754302978516,105.56754302978516,105.56754302978516,105.56754302978516,0
2011-06-29,70.68505859375,105.56754302978516,105.56754302978516,105.56754302978516,105.56754302978516,0
2011-06-30,69.89602661132812,104.38911437988281,106.05855560302734,104.38911437988281,106.05855560302734,488
2011-07-01,69.89602661132812,104.38911437988281,104.38911437988281,104.38911437988281,104.38911437988281,0
2011-07-04,69.89602661132812,104.38911437988281,104.38911437988281,104.38911437988281,104.38911437988281,0
2011-07-05,69.89602661132812,104.38911437988281,104.38911437988281,104.38911437988281,104.38911437988281,0
2011-07-06,69.89602661132812,104.38911437988281,104.38911437988281,104.38911437988281,104.38911437988281,0
2011-07-07,69.89602661132812,104.38911437988281,104.38911437988281,104.38911437988281,104.38911437988281,0
2011-07-08,71.01384735107422,106.05855560302734,106.05855560302734,106.05855560302734,106.05855560302734,142
2011-07-11,71.01384735107422,106.05855560302734,106.05855560302734,106.05855560302734,106.05855560302734,142
2011-07-12,71.01384735107422,106.05855560302734,106.05855560302734,106.05855560302734,106.05855560302734,295
2011-07-13,71.34261322021484,106.54956817626953,106.54956817626953,106.54956817626953,106.54956817626953,1527
2011-07-14,71.34261322021484,106.54956817626953,106.54956817626953,106.54956817626953,106.54956817626953,1384
2011-07-15,71.6713638305664,107.04058074951172,107.04058074951172,104.58551788330078,104.58551788330078,2219
2011-07-18,71.6713638305664,107.04058074951172,107.04058074951172,107.04058074951172,107.04058074951172,0
2011-07-19,71.6713638305664,107.04058074951172,107.04058074951172,107.04058074951172,107.04058074951172,112
2011-07-20,71.6713638305664,107.04058074951172,107.04058074951172,107.04058074951172,107.04058074951172,0
2011-07-21,71.6713638305664,107.04058074951172,107.04058074951172,107.04058074951172,107.04058074951172,1283
2011-07-22,71.6713638305664,107.04058074951172,107.04058074951172,107.04058074951172,107.04058074951172,0
2011-07-25,71.6713638305664,107.04058074951172,107.04058074951172,107.04058074951172,107.04058074951172,0
2011-07-26,71.6713638305664,107.04058074951172,107.04058074951172,107.04058074951172,107.04058074951172,0
2011-07-27,71.6713638305664,107.04058074951172,107.04058074951172,107.04058074951172,107.04058074951172,0
2011-07-28,71.6713638305664,107.04058074951172,107.04058074951172,107.04058074951172,107.04058074951172,0
2011-07-29,71.6713638305664,107.04058074951172,107.04058074951172,107.04058074951172,107.04058074951172,0
2011-08-01,71.6713638305664,107.04058074951172,107.04058074951172,107.04058074951172,107.04058074951172,0
2011-08-02,71.73712158203125,107.13877868652344,108.02259826660156,107.13877868652344,108.02259826660156,2036
2011-08-03,72.32889556884766,108.02259826660156,108.02259826660156,108.02259826660156,108.02259826660156,2942
2011-08-04,72.00012969970703,107.5315933227539,107.5315933227539,107.5315933227539,107.5315933227539,61
2011-08-05,72.00012969970703,107.5315933227539,107.5315933227539,107.5315933227539,107.5315933227539,0
2011-08-08,72.26310729980469,107.92440032958984,107.92440032958984,107.92440032958984,107.92440032958984,50
2011-08-09,72.26310729980469,107.92440032958984,107.92440032958984,107.92440032958984,107.92440032958984,0
2011-08-10,72.26310729980469,107.92440032958984,107.92440032958984,107.92440032958984,107.92440032958984,0
2011-08-11,72.26310729980469,107.92440032958984,107.92440032958984,107.92440032958984,107.92440032958984,0
2011-08-12,73.64398956298828,109.98664855957031,109.98664855957031,108.51361083984375,108.51361083984375,193
2011-08-15,73.64398956298828,109.98664855957031,109.98664855957031,109.98664855957031,109.98664855957031,0
2011-08-16,72.98643493652344,109.00462341308594,109.00462341308594,109.00462341308594,109.00462341308594,305
2011-08-17,72.98643493652344,109.00462341308594,109.00462341308594,109.00462341308594,109.00462341308594,0
2011-08-18,72.98643493652344,109.00462341308594,109.00462341308594,109.00462341308594,109.00462341308594,0
2011-08-19,75.6165771484375,112.9327163696289,112.9327163696289,112.9327163696289,112.9327163696289,50
2011-08-22,75.6165771484375,112.9327163696289,112.9327163696289,112.9327163696289,112.9327163696289,0
2011-08-23,75.6165771484375,112.9327163696289,112.9327163696289,112.9327163696289,112.9327163696289,0
2011-08-24,75.6165771484375,112.9327163696289,112.9327163696289,112.9327163696289,112.9327163696289,1262
2011-08-25,75.6165771484375,112.9327163696289,112.9327163696289,112.9327163696289,112.9327163696289,0
2011-08-26,75.6165771484375,112.9327163696289,114.89676666259766,112.9327163696289,114.89676666259766,112
2011-08-29,75.6165771484375,112.9327163696289,112.9327163696289,112.9327163696289,112.9327163696289,0
2011-08-30,75.6165771484375,112.9327163696289,112.9327163696289,112.9327163696289,112.9327163696289,0
2011-08-31,77.58919525146484,115.87879180908203,115.87879180908203,115.87879180908203,115.87879180908203,101
2011-09-01,77.58919525146484,115.87879180908203,115.87879180908203,115.87879180908203,115.87879180908203,50
2011-09-02,77.58919525146484,115.87879180908203,115.87879180908203,115.87879180908203,115.87879180908203,81
2011-09-05,76.93164825439453,114.89676666259766,114.9949722290039,114.89676666259766,114.9949722290039,906
2011-09-06,76.93164825439453,114.89676666259766,114.89676666259766,114.89676666259766,114.89676666259766,0
2011-09-08,76.93164825439453,114.89676666259766,114.89676666259766,114.89676666259766,114.89676666259766,0
2011-09-09,76.93164825439453,114.89676666259766,114.89676666259766,114.89676666259766,114.89676666259766,0
2011-09-12,76.93164825439453,114.89676666259766,114.89676666259766,114.89676666259766,114.89676666259766,0
2011-09-13,76.93164825439453,114.89676666259766,114.89676666259766,114.89676666259766,114.89676666259766,936
2011-09-14,76.93164825439453,114.89676666259766,114.89676666259766,114.89676666259766,114.89676666259766,0
2011-09-15,76.93164825439453,114.89676666259766,114.89676666259766,114.89676666259766,114.89676666259766,0
2011-09-16,76.93164825439453,114.89676666259766,114.89676666259766,114.89676666259766,114.89676666259766,0
2011-09-19,76.93164825439453,114.89676666259766,114.89676666259766,114.89676666259766,114.89676666259766,0
2011-09-20,76.93164825439453,114.89676666259766,114.89676666259766,114.89676666259766,114.89676666259766,0
2011-09-21,76.93164825439453,114.89676666259766,114.89676666259766,114.89676666259766,114.89676666259766,0
2011-09-22,76.93164825439453,114.89676666259766,114.89676666259766,114.89676666259766,114.89676666259766,0
2011-09-23,76.93164825439453,114.89676666259766,114.89676666259766,114.89676666259766,114.89676666259766,0
2011-09-26,76.93164825439453,114.89676666259766,114.89676666259766,114.89676666259766,114.89676666259766,0
2011-09-27,76.93164825439453,114.89676666259766,114.89676666259766,114.89676666259766,114.89676666259766,0
2011-09-28,76.93164825439453,114.89676666259766,114.89676666259766,114.89676666259766,114.89676666259766,0
2011-09-29,76.93164825439453,114.89676666259766,114.89676666259766,114.89676666259766,114.89676666259766,0
2011-09-30,73.97338104248047,110.47864532470703,110.47864532470703,110.47864532470703,110.47864532470703,132
2011-10-03,74.03849029541016,110.57586669921875,110.57586669921875,110.57586669921875,110.57586669921875,1018
2011-10-04,74.03849029541016,110.57586669921875,110.57586669921875,110.57586669921875,110.57586669921875,0
2011-10-05,74.03849029541016,110.57586669921875,110.57586669921875,110.57586669921875,110.57586669921875,0
2011-10-06,74.03849029541016,110.57586669921875,110.57586669921875,110.57586669921875,110.57586669921875,0
2011-10-07,74.03849029541016,110.57586669921875,110.57586669921875,110.57586669921875,110.57586669921875,0
2011-10-10,74.03849029541016,110.57586669921875,110.57586669921875,110.57586669921875,110.57586669921875,0
2011-10-11,74.03849029541016,110.57586669921875,110.57586669921875,110.57586669921875,110.57586669921875,0
2011-10-13,74.03849029541016,110.57586669921875,110.57586669921875,110.57586669921875,110.57586669921875,0
2011-10-14,74.03849029541016,110.57586669921875,110.57586669921875,110.57586669921875,110.57586669921875,0
2011-10-17,74.03849029541016,110.57586669921875,110.57586669921875,110.57586669921875,110.57586669921875,0
2011-10-18,74.03849029541016,110.57586669921875,110.57586669921875,110.57586669921875,110.57586669921875,0
2011-10-19,73.64398956298828,109.98664855957031,109.98664855957031,109.98664855957031,109.98664855957031,81
2011-10-20,73.64398956298828,109.98664855957031,109.98664855957031,109.98664855957031,109.98664855957031,81
2011-10-21,73.64398956298828,109.98664855957031,109.98664855957031,109.98664855957031,109.98664855957031,0
2011-10-24,73.64398956298828,109.98664855957031,109.98664855957031,109.98664855957031,109.98664855957031,0
2011-10-25,71.6713638305664,107.04058074951172,107.04058074951172,107.04058074951172,107.04058074951172,1028
2011-10-26,71.6713638305664,107.04058074951172,107.04058074951172,107.04058074951172,107.04058074951172,173
2011-10-27,71.6713638305664,107.04058074951172,107.04058074951172,107.04058074951172,107.04058074951172,213
2011-10-28,71.01384735107422,106.05855560302734,107.04058074951172,106.05855560302734,107.04058074951172,1181
2011-10-31,71.01384735107422,106.05855560302734,106.05855560302734,106.05855560302734,106.05855560302734,1069
2011-11-01,71.01384735107422,106.05855560302734,114.89578247070312,106.05855560302734,114.89578247070312,1079
2011-11-03,71.01384735107422,106.05855560302734,106.05855560302734,106.05855560302734,106.05855560302734,1965
2011-11-04,71.6713638305664,107.04058074951172,107.04058074951172,107.04058074951172,107.04058074951172,509
2011-11-07,76.93098449707031,114.89578247070312,114.89578247070312,108.02456665039062,108.02456665039062,529
2011-11-08,76.93098449707031,114.89578247070312,114.89578247070312,114.89578247070312,114.89578247070312,0
2011-11-09,76.27413940429688,113.91474151611328,113.91474151611328,112.9327163696289,113.91474151611328,437
2011-11-10,76.27413940429688,113.91474151611328,113.91474151611328,113.91474151611328,113.91474151611328,0
2011-11-11,76.27413940429688,113.91474151611328,113.91474151611328,113.91474151611328,113.91474151611328,20
2011-11-14,76.27413940429688,113.91474151611328,113.91474151611328,113.91474151611328,113.91474151611328,0
2011-11-16,75.6165771484375,112.9327163696289,112.9327163696289,112.9327163696289,112.9327163696289,112
2011-11-17,72.98643493652344,109.00462341308594,112.9327163696289,106.07328796386719,112.9327163696289,142
2011-11-18,72.98643493652344,109.00462341308594,109.00462341308594,109.00462341308594,109.00462341308594,407
2011-11-21,72.32889556884766,108.02259826660156,109.00462341308594,108.02259826660156,109.00462341308594,285
2011-11-22,72.32889556884766,108.02259826660156,108.02259826660156,108.02259826660156,108.02259826660156,213
2011-11-23,72.32889556884766,108.02259826660156,108.02259826660156,107.04058074951172,107.62979125976562,1822
2011-11-24,72.32889556884766,108.02259826660156,108.02259826660156,108.02259826660156,108.02259826660156,193
2011-11-25,72.32889556884766,108.02259826660156,108.02259826660156,108.02259826660156,108.02259826660156,274
2011-11-28,72.98643493652344,109.00462341308594,109.00462341308594,109.00462341308594,109.00462341308594,1272
2011-11-29,72.65766143798828,108.51361083984375,109.00462341308594,108.51361083984375,109.00462341308594,346
2011-11-30,72.98643493652344,109.00462341308594,109.00462341308594,109.00462341308594,109.00462341308594,661
2011-12-01,72.3295669555664,108.0235824584961,108.51361083984375,108.02259826660156,108.02259826660156,509
2011-12-02,73.64398956298828,109.98664855957031,109.98664855957031,109.98664855957031,109.98664855957031,61
2011-12-05,73.64398956298828,109.98664855957031,109.98664855957031,109.98664855957031,109.98664855957031,142
2011-12-06,73.64398956298828,109.98664855957031,109.98664855957031,109.98664855957031,109.98664855957031,0
2011-12-07,73.64398956298828,109.98664855957031,109.98664855957031,109.98664855957031,109.98664855957031,142
2011-12-08,73.64398956298828,109.98664855957031,109.98664855957031,109.98664855957031,109.98664855957031,0
2011-12-09,73.64398956298828,109.98664855957031,109.98664855957031,109.98664855957031,109.98664855957031,346
2011-12-12,73.64398956298828,109.98664855957031,109.98664855957031,109.98664855957031,109.98664855957031,0
2011-12-13,73.70970153808594,110.08485412597656,110.08485412597656,110.08485412597656,110.08485412597656,2586
2011-12-14,73.70970153808594,110.08485412597656,110.08485412597656,110.08485412597656,110.08485412597656,0
2011-12-15,73.97274780273438,110.4776611328125,110.4776611328125,110.4776611328125,110.4776611328125,183
2011-12-16,73.31523132324219,109.49563598632812,110.4776611328125,109.49563598632812,110.4776611328125,101
2011-12-19,73.31523132324219,109.49563598632812,109.49563598632812,109.49563598632812,109.49563598632812,0
2011-12-20,74.301513671875,110.96867370605469,110.96867370605469,110.4776611328125,110.4776611328125,81
2011-12-21,73.64398956298828,109.98664855957031,110.96867370605469,109.98664855957031,110.96867370605469,173
2011-12-22,74.16999053955078,110.77227020263672,110.96867370605469,110.77227020263672,110.96867370605469,173
2011-12-23,74.16999053955078,110.77227020263672,110.77227020263672,110.77227020263672,110.77227020263672,0
2011-12-26,73.97274780273438,110.4776611328125,110.4776611328125,110.4776611328125,110.4776611328125,81
2011-12-27,76.93098449707031,114.89578247070312,114.89578247070312,110.4776611328125,110.4776611328125,254
2011-12-28,76.93098449707031,114.89578247070312,114.89578247070312,114.89578247070312,114.89578247070312,0
2011-12-29,76.93098449707031,114.89578247070312,114.89578247070312,114.89578247070312,114.89578247070312,0
2012-01-02,76.93098449707031,114.89578247070312,114.89578247070312,114.89578247070312,114.89578247070312,0
2012-01-03,76.93098449707031,114.89578247070312,114.89578247070312,114.89578247070312,114.89578247070312,0
2012-01-04,76.93098449707031,114.89578247070312,114.89578247070312,114.89578247070312,114.89578247070312,0
2012-01-05,76.27413940429688,113.91474151611328,113.91474151611328,113.91474151611328,113.91474151611328,509
2012-01-06,76.27413940429688,113.91474151611328,113.91474151611328,113.91474151611328,113.91474151611328,0
2012-01-09,76.27413940429688,113.91474151611328,113.91474151611328,113.91474151611328,113.91474151611328,0
2012-01-10,76.27413940429688,113.91474151611328,113.91474151611328,113.91474151611328,113.91474151611328,173
2012-01-11,76.27413940429688,113.91474151611328,113.91474151611328,113.91474151611328,113.91474151611328,30
2012-01-12,76.27413940429688,113.91474151611328,113.91474151611328,113.91474151611328,113.91474151611328,2820
2012-01-13,76.27413940429688,113.91474151611328,113.91474151611328,113.91474151611328,113.91474151611328,2138
2012-01-16,75.94535064697266,113.4237289428711,113.71833801269531,113.4237289428711,113.71833801269531,61
2012-01-17,75.94535064697266,113.4237289428711,113.4237289428711,113.4237289428711,113.4237289428711,0
2012-01-18,75.6165771484375,112.9327163696289,112.9327163696289,112.9327163696289,112.9327163696289,285
2012-01-19,75.94535064697266,113.4237289428711,113.4237289428711,111.95069885253906,111.95069885253906,2657
2012-01-20,78.90426635742188,117.84283447265625,117.84283447265625,117.84283447265625,117.84283447265625,356
2012-01-23,77.58919525146484,115.87879180908203,117.84283447265625,115.87879180908203,117.84283447265625,427
2012-01-24,77.58919525146484,115.87879180908203,115.87879180908203,115.87879180908203,115.87879180908203,50
2012-01-26,78.90426635742188,117.84283447265625,117.84283447265625,117.84283447265625,117.84283447265625,224
2012-01-27,78.90426635742188,117.84283447265625,117.84283447265625,117.84283447265625,117.84283447265625,50
2012-01-30,77.58919525146484,115.87879180908203,115.92789459228516,115.87879180908203,115.92789459228516,336
2012-01-31,78.24673461914062,116.8608169555664,116.8608169555664,116.8608169555664,116.8608169555664,366
2012-02-01,78.24673461914062,116.8608169555664,119.806884765625,116.8608169555664,116.8608169555664,2433
2012-02-02,78.57550048828125,117.3518295288086,117.3518295288086,114.40575408935547,117.3518295288086,2250
2012-02-03,78.57550048828125,117.3518295288086,117.3518295288086,117.3518295288086,117.3518295288086,0
2012-02-06,80.15292358398438,119.70770263671875,119.80590057373047,119.70770263671875,119.80590057373047,1374
2012-02-07,80.15292358398438,119.70770263671875,119.70770263671875,119.70770263671875,119.70770263671875,0
2012-02-08,77.58919525146484,115.87879180908203,115.97698974609375,115.87879180908203,115.87977600097656,1160
2012-02-09,80.21931457519531,119.806884765625,119.806884765625,119.806884765625,119.806884765625,50
2012-02-10,80.21931457519531,119.806884765625,119.806884765625,117.3518295288086,119.806884765625,1527
2012-02-13,80.21931457519531,119.806884765625,119.806884765625,119.806884765625,119.806884765625,0
2012-02-14,78.90426635742188,117.84283447265625,119.806884765625,114.40575408935547,119.806884765625,7504
2012-02-15,76.6693115234375,114.50493621826172,119.31587219238281,114.50493621826172,119.31587219238281,2219
2012-02-16,76.6693115234375,114.50493621826172,114.50493621826172,114.50493621826172,114.50493621826172,0
2012-02-17,76.6693115234375,114.50493621826172,114.50493621826172,114.50493621826172,114.50493621826172,0
2012-02-23,79.89056396484375,119.31587219238281,119.31587219238281,119.31489562988281,119.31489562988281,1252
2012-02-24,80.21931457519531,119.806884765625,119.806884765625,119.806884765625,119.806884765625,865
2012-02-27,80.87686157226562,120.78890991210938,120.78890991210938,120.69070434570312,120.78890991210938,1160
2012-02-28,80.87686157226562,120.78890991210938,120.78890991210938,120.78890991210938,120.78890991210938,0
2012-02-29,80.87686157226562,120.78890991210938,120.8871078491211,120.78890991210938,120.8871078491211,264
2012-03-01,80.87686157226562,120.78890991210938,120.78890991210938,120.78890991210938,120.78890991210938,0
2012-03-02,79.89056396484375,119.31587219238281,119.80786895751953,119.31587219238281,119.80786895751953,1069
2012-03-05,80.21931457519531,119.806884765625,119.806884765625,119.806884765625,119.806884765625,498
2012-03-06,81.5344009399414,121.77093505859375,121.77093505859375,121.77093505859375,121.77093505859375,101
2012-03-07,81.5344009399414,121.77093505859375,121.77093505859375,121.77093505859375,121.77093505859375,0
2012-03-08,84.82207489013672,126.6810531616211,126.6810531616211,126.6810531616211,126.6810531616211,20
2012-03-09,84.82207489013672,126.6810531616211,126.6810531616211,124.71700286865234,124.71700286865234,132
2012-03-12,84.82207489013672,126.6810531616211,126.6810531616211,126.6810531616211,126.6810531616211,132
2012-03-13,84.82207489013672,126.6810531616211,126.6810531616211,124.71700286865234,124.71700286865234,733
2012-03-14,84.82207489013672,126.6810531616211,126.6810531616211,126.6810531616211,126.6810531616211,1527
2012-03-15,83.5069808959961,124.71700286865234,126.6810531616211,124.71700286865234,126.6810531616211,1048
2012-03-16,83.5069808959961,124.71700286865234,124.8152084350586,124.71700286865234,124.8152084350586,437
2012-03-19,82.8494644165039,123.73497772216797,123.73497772216797,123.73497772216797,123.73497772216797,580
2012-03-20,82.19192504882812,122.7529525756836,126.6810531616211,122.7529525756836,126.6810531616211,162
2012-03-21,82.19192504882812,122.7529525756836,122.7529525756836,122.7529525756836,122.7529525756836,0
2012-03-22,82.19192504882812,122.7529525756836,123.73497772216797,122.7529525756836,123.73497772216797,1659
2012-03-23,82.19192504882812,122.7529525756836,122.7529525756836,122.7529525756836,122.7529525756836,0
2012-03-26,78.90426635742188,117.84283447265625,120.78890991210938,117.84283447265625,120.78890991210938,1680
2012-03-27,78.90426635742188,117.84283447265625,117.84283447265625,115.87879180908203,117.84283447265625,6079
2012-03-28,78.90426635742188,117.84283447265625,117.84283447265625,115.87879180908203,115.87879180908203,7199
2012-03-29,82.19192504882812,122.7529525756836,122.7529525756836,122.7529525756836,122.7529525756836,20
2012-03-30,82.19192504882812,122.7529525756836,122.7529525756836,122.7529525756836,122.7529525756836,0
2012-04-02,82.19192504882812,122.7529525756836,122.7529525756836,122.7529525756836,122.7529525756836,0
2012-04-03,81.5344009399414,121.77093505859375,121.77093505859375,121.27992248535156,121.27992248535156,549
2012-04-04,81.20561218261719,121.27992248535156,121.27992248535156,121.27992248535156,121.27992248535156,274
2012-04-05,81.27137756347656,121.37812042236328,121.47632598876953,121.37812042236328,121.37812042236328,101
2012-04-09,84.16451263427734,125.69902801513672,125.69902801513672,121.37812042236328,121.37812042236328,376
2012-04-10,84.16451263427734,125.69902801513672,125.69902801513672,125.69902801513672,125.69902801513672,0
2012-04-11,82.19192504882812,122.7529525756836,122.75393676757812,122.7529525756836,122.7529525756836,885
2012-04-12,82.19192504882812,122.7529525756836,122.7529525756836,122.7529525756836,122.7529525756836,0
2012-04-13,82.52073669433594,123.24396514892578,123.24396514892578,123.24396514892578,123.24396514892578,1018
2012-04-16,82.52073669433594,123.24396514892578,123.24396514892578,123.24396514892578,123.24396514892578,0
2012-04-17,83.83577728271484,125.20801544189453,125.69902801513672,123.73497772216797,125.69902801513672,875
2012-04-18,84.16451263427734,125.69902801513672,125.69902801513672,125.69902801513672,125.69902801513672,30
2012-04-19,84.16451263427734,125.69902801513672,125.69902801513672,125.69902801513672,125.69902801513672,0
2012-04-20,82.19192504882812,122.7529525756836,122.75393676757812,122.7529525756836,122.75393676757812,1038
2012-04-23,82.8494644165039,123.73497772216797,125.69705963134766,122.7529525756836,122.7529525756836,3900
2012-04-24,83.5069808959961,124.71700286865234,124.71700286865234,123.73497772216797,123.73497772216797,132
2012-04-25,83.83577728271484,125.20801544189453,125.20801544189453,125.20801544189453,125.20801544189453,10
2012-04-26,84.16388702392578,125.69804382324219,125.69804382324219,125.50262451171875,125.50262451171875,112
2012-04-27,84.16388702392578,125.69804382324219,125.69804382324219,125.69804382324219,125.69804382324219,101
2012-04-30,84.16388702392578,125.69804382324219,125.69804382324219,125.69804382324219,125.69804382324219,0
2012-05-02,84.16388702392578,125.69804382324219,125.69804382324219,125.69804382324219,125.69804382324219,101
2012-05-03,82.8494644165039,123.73497772216797,124.71700286865234,123.73497772216797,124.71700286865234,315
2012-05-04,82.8494644165039,123.73497772216797,123.73497772216797,123.73497772216797,123.73497772216797,0
2012-05-07,82.19192504882812,122.7529525756836,125.20801544189453,122.7529525756836,125.20801544189453,722
2012-05-08,82.19192504882812,122.7529525756836,122.7529525756836,122.7529525756836,122.7529525756836,1558
2012-05-09,83.83577728271484,125.20801544189453,125.20801544189453,125.20801544189453,125.20801544189453,427
2012-05-10,83.83577728271484,125.20801544189453,125.20801544189453,125.20801544189453,125.20801544189453,0
2012-05-11,83.83577728271484,125.20801544189453,125.20801544189453,125.20801544189453,125.20801544189453,0
2012-05-14,82.8494644165039,123.73497772216797,124.22599029541016,123.73497772216797,123.73497772216797,1232
2012-05-15,83.1781997680664,124.22599029541016,124.22599029541016,123.98048400878906,124.22599029541016,1965
2012-05-16,83.1781997680664,124.22599029541016,124.22599029541016,124.22599029541016,124.22599029541016,122
2012-05-17,83.5069808959961,124.71700286865234,124.71700286865234,124.71700286865234,124.71700286865234,10
2012-05-18,83.5069808959961,124.71700286865234,124.71700286865234,124.71700286865234,124.71700286865234,448
2012-05-21,83.5069808959961,124.71700286865234,124.71700286865234,124.71700286865234,124.71700286865234,0
2012-05-22,82.8494644165039,123.73497772216797,124.71700286865234,123.73497772216797,124.71700286865234,4582
2012-05-23,82.8494644165039,123.73497772216797,124.22599029541016,123.73497772216797,124.22599029541016,397
2012-05-24,82.8494644165039,123.73497772216797,123.73497772216797,123.44037628173828,123.73497772216797,1731
2012-05-25,82.71795654296875,123.53857421875,123.73497772216797,123.53857421875,123.73497772216797,254
2012-05-28,81.20561218261719,121.27992248535156,123.73497772216797,121.27992248535156,123.53857421875,427
2012-05-29,82.8494644165039,123.73497772216797,127.66307830810547,123.73497772216797,123.73497772216797,3991
2012-05-30,82.8494644165039,123.73497772216797,123.73497772216797,123.73497772216797,123.73497772216797,1608
2012-05-31,82.8494644165039,123.73497772216797,123.73497772216797,123.73497772216797,123.73497772216797,0
2012-06-01,83.5069808959961,124.71700286865234,124.71700286865234,123.44135284423828,123.44135284423828,356
2012-06-04,85.47895812988281,127.66209411621094,127.66307830810547,127.66209411621094,127.66307830810547,254
2012-06-05,84.16451263427734,125.69902801513672,127.66209411621094,125.69902801513672,127.66209411621094,1150
2012-06-06,84.82207489013672,126.6810531616211,127.66405487060547,126.6810531616211,127.66307830810547,1608
2012-06-08,85.47960662841797,127.66307830810547,127.66307830810547,127.66209411621094,127.66209411621094,875
2012-06-11,85.15082550048828,127.17206573486328,127.17206573486328,126.6810531616211,126.6810531616211,1181
2012-06-12,85.47960662841797,127.66307830810547,127.66307830810547,127.17206573486328,127.17206573486328,865
2012-06-13,85.47960662841797,127.66307830810547,127.66307830810547,127.270263671875,127.66307830810547,448
2012-06-14,85.15082550048828,127.17206573486328,127.66307830810547,127.17206573486328,127.66307830810547,386
2012-06-15,85.47960662841797,127.66307830810547,127.66307830810547,127.66307830810547,127.66307830810547,142
2012-06-18,85.47960662841797,127.66307830810547,127.66307830810547,127.17206573486328,127.17206573486328,1517
2012-06-19,85.47960662841797,127.66307830810547,127.66307830810547,127.66307830810547,127.66307830810547,20
2012-06-20,85.47960662841797,127.66307830810547,127.66307830810547,127.66307830810547,127.66307830810547,40
2012-06-21,85.47960662841797,127.66307830810547,127.66307830810547,127.66307830810547,127.66307830810547,122
2012-06-22,85.47960662841797,127.66307830810547,127.66307830810547,127.66307830810547,127.66307830810547,10
2012-06-25,85.15082550048828,127.17206573486328,127.66307830810547,127.17206573486328,127.66307830810547,193
2012-06-26,85.47960662841797,127.66307830810547,127.66307830810547,127.66307830810547,127.66307830810547,437
2012-06-27,85.47960662841797,127.66307830810547,128.15408325195312,127.66307830810547,128.15408325195312,81
2012-06-28,85.47960662841797,127.66307830810547,127.66307830810547,127.66307830810547,127.66307830810547,0
2012-06-29,85.47960662841797,127.66307830810547,127.66307830810547,127.66307830810547,127.66307830810547,0
2012-07-02,85.47960662841797,127.66307830810547,127.66307830810547,127.66307830810547,127.66307830810547,101
2012-07-03,85.47960662841797,127.66307830810547,127.66307830810547,127.66307830810547,127.66307830810547,0
2012-07-04,85.47960662841797,127.66307830810547,127.66307830810547,127.66307830810547,127.66307830810547,0
2012-07-05,86.46591186523438,129.1361083984375,129.1361083984375,129.1361083984375,129.1361083984375,295
2012-07-06,88.10974884033203,131.59117126464844,131.59117126464844,131.59017944335938,131.59017944335938,162
2012-07-10,87.9124984741211,131.2965545654297,131.59117126464844,131.2965545654297,131.59117126464844,162
2012-07-11,88.10974884033203,131.59117126464844,131.59117126464844,131.59117126464844,131.59117126464844,20
2012-07-12,88.10974884033203,131.59117126464844,131.59117126464844,131.59117126464844,131.59117126464844,40
2012-07-13,88.10974884033203,131.59117126464844,131.59117126464844,131.59117126464844,131.59117126464844,122
2012-07-16,88.76728820800781,132.5731964111328,132.5731964111328,130.60914611816406,131.39476013183594,1323
2012-07-17,88.76728820800781,132.5731964111328,132.5731964111328,128.6450958251953,130.60914611816406,3085
2012-07-18,88.76728820800781,132.5731964111328,132.5731964111328,128.8415069580078,128.8424835205078,1232
2012-07-19,88.76728820800781,132.5731964111328,132.5731964111328,132.5731964111328,132.5731964111328,0
2012-07-20,88.76728820800781,132.5731964111328,132.5731964111328,132.5731964111328,132.5731964111328,0
2012-07-23,88.10974884033203,131.59117126464844,131.59117126464844,129.6271209716797,130.11813354492188,264
2012-07-24,87.45220947265625,130.60914611816406,130.60914611816406,130.60914611816406,130.60914611816406,1323
2012-07-25,88.43854522705078,132.08218383789062,132.08218383789062,131.59117126464844,131.59117126464844,1191
2012-07-26,88.43854522705078,132.08218383789062,132.08218383789062,132.08218383789062,132.08218383789062,132
2012-07-27,88.43854522705078,132.08218383789062,132.08218383789062,131.59117126464844,132.08218383789062,386
2012-07-30,87.12345886230469,130.11813354492188,131.59117126464844,128.8415069580078,131.59117126464844,3737
2012-07-31,87.12345886230469,130.11813354492188,130.11813354492188,129.6271209716797,129.6271209716797,417
2012-08-01,86.79469299316406,129.6271209716797,130.11813354492188,129.6271209716797,130.11813354492188,213
2012-08-02,86.79469299316406,129.6271209716797,129.6271209716797,128.6450958251953,128.6450958251953,1771
2012-08-03,86.53167724609375,129.23431396484375,129.6271209716797,129.23431396484375,129.6271209716797,3217
2012-08-06,86.46524810791016,129.1351318359375,129.1361083984375,128.6450958251953,129.03790283203125,1476
2012-08-07,85.48028564453125,127.66405487060547,129.1351318359375,127.66405487060547,129.1351318359375,458
2012-08-08,86.45866394042969,129.12530517578125,129.12530517578125,129.12530517578125,129.12530517578125,509
2012-08-09,86.45866394042969,129.12530517578125,129.12530517578125,129.12530517578125,129.12530517578125,0
2012-08-10,86.13714599609375,128.6450958251953,129.12530517578125,128.6441192626953,129.12530517578125,173
2012-08-13,86.40016174316406,129.03790283203125,129.1262969970703,129.03790283203125,129.12530517578125,2046
2012-08-14,86.40016174316406,129.03790283203125,129.03790283203125,129.03790283203125,129.03790283203125,0
2012-08-15,86.46524810791016,129.1351318359375,129.1351318359375,128.6450958251953,128.6450958251953,498
2012-08-16,85.54535675048828,127.76127624511719,127.76127624511719,127.76127624511719,127.76127624511719,152
2012-08-17,85.47960662841797,127.66307830810547,128.54689025878906,127.66307830810547,128.54689025878906,967
2012-08-20,86.07073974609375,128.54591369628906,128.54591369628906,128.15310668945312,127.66307830810547,101
2012-08-21,86.07073974609375,128.54591369628906,128.54591369628906,128.54591369628906,128.54591369628906,0
2012-08-22,86.07137298583984,128.54689025878906,128.54689025878906,127.76127624511719,127.76127624511719,1924
2012-08-23,86.07137298583984,128.54689025878906,128.54689025878906,128.54689025878906,128.54689025878906,0
2012-08-24,85.34809112548828,127.46666717529297,127.56487274169922,125.69902801513672,125.69902801513672,2555
2012-08-27,85.2823486328125,127.36846923828125,127.36846923828125,125.69902801513672,125.69902801513672,6232
2012-08-28,85.2823486328125,127.36846923828125,127.36846923828125,127.36846923828125,127.36846923828125,20
2012-08-29,85.47960662841797,127.66307830810547,127.66307830810547,127.56487274169922,127.56487274169922,733
2012-08-30,85.47960662841797,127.66307830810547,127.66307830810547,127.66307830810547,127.66307830810547,1771
2012-08-31,85.41385650634766,127.56487274169922,127.56487274169922,127.56487274169922,127.56487274169922,315
2012-09-03,85.47960662841797,127.66307830810547,127.66307830810547,126.6810531616211,126.6810531616211,234
2012-09-04,85.47960662841797,127.66307830810547,127.66307830810547,127.66307830810547,127.66307830810547,0
2012-09-05,84.75563049316406,126.58186340332031,127.66307830810547,124.71700286865234,125.20801544189453,6028
2012-09-06,84.16451263427734,125.69902801513672,126.6810531616211,125.69902801513672,126.58186340332031,3716
2012-09-10,85.34809112548828,127.46666717529297,127.46666717529297,127.46666717529297,127.56487274169922,20
2012-09-11,85.47960662841797,127.66307830810547,127.66307830810547,126.19102478027344,126.28823852539062,2474
2012-09-12,85.47960662841797,127.66307830810547,127.66307830810547,127.66307830810547,127.66307830810547,0
2012-09-13,85.41385650634766,127.56487274169922,127.56487274169922,126.6810531616211,127.56487274169922,1242
2012-09-14,85.47960662841797,127.66307830810547,127.66307830810547,126.6810531616211,127.56487274169922,2861
2012-09-17,84.82207489013672,126.6810531616211,127.17206573486328,126.6810531616211,127.17206573486328,2118
2012-09-18,85.34809112548828,127.46666717529297,127.66307830810547,127.46666717529297,127.66307830810547,1059
2012-09-19,85.15082550048828,127.17206573486328,127.17206573486328,127.17206573486328,127.17206573486328,1252
2012-09-20,85.15082550048828,127.17206573486328,127.17206573486328,127.17206573486328,127.17206573486328,0
2012-09-21,85.15082550048828,127.17206573486328,127.17206573486328,127.17206573486328,127.17206573486328,122
2012-09-24,84.88780975341797,126.77925109863281,126.77925109863281,126.6810531616211,126.6810531616211,835
2012-09-25,85.47960662841797,127.66307830810547,127.66307830810547,126.6810531616211,126.6810531616211,1405
2012-09-26,84.16451263427734,125.69902801513672,125.69902801513672,121.96733856201172,125.79723358154297,4663
2012-09-27,84.16451263427734,125.69902801513672,125.69902801513672,125.69902801513672,125.69902801513672,0
2012-09-28,84.29605102539062,125.89543151855469,126.6810531616211,126.6810531616211,126.6810531616211,50
2012-10-01,82.25767517089844,122.85115814208984,123.73497772216797,122.85115814208984,123.73497772216797,101
2012-10-02,82.19192504882812,122.7529525756836,122.85115814208984,122.7529525756836,122.85115814208984,590
2012-10-03,82.8494644165039,123.73497772216797,123.73497772216797,122.7529525756836,122.85115814208984,2443
2012-10-04,83.5069808959961,124.71700286865234,124.71700286865234,121.77093505859375,121.77093505859375,1038
2012-10-05,81.5344009399414,121.77093505859375,121.77093505859375,121.77093505859375,121.77093505859375,122
2012-10-08,83.5069808959961,124.71700286865234,124.71700286865234,124.71700286865234,124.71700286865234,1822
2012-10-09,83.5069808959961,124.71700286865234,124.71700286865234,124.71700286865234,124.71700286865234,0
2012-10-10,84.49330139160156,126.1900405883789,126.1900405883789,126.1900405883789,126.1900405883789,285
2012-10-11,85.47960662841797,127.66307830810547,127.66307830810547,126.6810531616211,126.6810531616211,1018
2012-10-15,85.47960662841797,127.66307830810547,127.66307830810547,127.66307830810547,127.66307830810547,0
2012-10-16,85.47960662841797,127.66307830810547,127.66307830810547,127.66307830810547,127.66307830810547,0
2012-10-17,85.47960662841797,127.66307830810547,127.66307830810547,127.07386016845703,127.07386016845703,2464
2012-10-18,85.47960662841797,127.66307830810547,127.66307830810547,127.66307830810547,127.66307830810547,203
2012-10-19,85.47960662841797,127.66307830810547,127.66307830810547,127.66307830810547,127.66307830810547,0
2012-10-22,85.47960662841797,127.66307830810547,127.66307830810547,127.66307830810547,127.66307830810547,0
2012-10-23,85.41385650634766,127.56487274169922,127.56487274169922,127.56487274169922,127.56487274169922,61
2012-10-24,85.41385650634766,127.56487274169922,127.56487274169922,127.56487274169922,127.56487274169922,0
2012-10-25,85.41385650634766,127.56487274169922,127.56487274169922,127.56487274169922,127.56487274169922,0
2012-10-26,82.5864486694336,123.34217071533203,125.69902801513672,123.34217071533203,125.69902801513672,285
2012-10-29,82.5864486694336,123.34217071533203,123.34217071533203,123.34217071533203,123.34217071533203,0
2012-10-30,82.5864486694336,123.34217071533203,123.34217071533203,123.34217071533203,123.34217071533203,0
2012-10-31,82.98097229003906,123.93138122558594,124.71700286865234,123.73497772216797,123.83318328857422,661
2012-11-01,85.41385650634766,127.56487274169922,127.56487274169922,123.73497772216797,123.73497772216797,234
2012-11-05,82.19192504882812,122.7529525756836,124.71700286865234,122.7529525756836,124.71700286865234,2749
2012-11-06,82.19192504882812,122.7529525756836,122.7529525756836,122.7529525756836,122.7529525756836,386
2012-11-07,82.19192504882812,122.7529525756836,122.7529525756836,122.7529525756836,122.7529525756836,916
2012-11-08,82.19192504882812,122.7529525756836,122.7529525756836,122.7529525756836,122.7529525756836,203
2012-11-09,82.19192504882812,122.7529525756836,122.7529525756836,122.7529525756836,122.7529525756836,0
2012-11-12,78.90426635742188,117.84283447265625,117.84283447265625,117.84283447265625,117.84283447265625,529
2012-11-13,78.90426635742188,117.84283447265625,117.84283447265625,117.84283447265625,117.84283447265625,81
2012-11-14,78.90426635742188,117.84283447265625,117.84283447265625,117.84283447265625,117.84283447265625,509
2012-11-16,78.90426635742188,117.84283447265625,117.84283447265625,117.84283447265625,117.84283447265625,5773
2012-11-19,78.90426635742188,117.84283447265625,117.84283447265625,117.84283447265625,117.84283447265625,0
2012-11-21,78.90426635742188,117.84283447265625,117.8526611328125,117.84283447265625,117.84283447265625,9918
2012-11-22,78.90426635742188,117.84283447265625,117.84283447265625,117.84283447265625,117.84283447265625,4562
2012-11-23,82.19192504882812,122.7529525756836,122.7529525756836,122.7529525756836,122.7529525756836,50
2012-11-26,78.90426635742188,117.84283447265625,117.84283447265625,117.84283447265625,117.84283447265625,1018
2012-11-27,78.90426635742188,117.84283447265625,119.806884765625,117.84283447265625,117.84283447265625,8472
2012-11-28,79.56179809570312,118.82485961914062,118.82485961914062,118.82485961914062,118.82485961914062,1934
2012-11-29,80.54810333251953,120.29789733886719,120.29789733886719,120.29789733886719,120.29789733886719,40
2012-11-30,83.96729278564453,125.4044189453125,126.1900405883789,121.37812042236328,121.37812042236328,1150
2012-12-03,84.49330139160156,126.1900405883789,126.1900405883789,124.6187973022461,125.4044189453125,417
2012-12-04,84.16451263427734,125.69902801513672,126.1900405883789,125.69902801513672,126.1900405883789,6955
2012-12-05,84.16451263427734,125.69902801513672,125.69902801513672,125.69902801513672,125.69902801513672,1547
2012-12-06,83.5069808959961,124.71700286865234,124.71700286865234,124.71700286865234,124.71700286865234,1018
2012-12-07,84.82207489013672,126.6810531616211,126.6810531616211,126.6810531616211,126.6810531616211,1415
2012-12-10,84.82207489013672,126.6810531616211,126.6810531616211,126.6810531616211,126.6810531616211,173
2012-12-11,84.16451263427734,125.69902801513672,126.58284759521484,125.69902801513672,126.58284759521484,519
2012-12-12,83.5069808959961,124.71700286865234,124.71700286865234,124.71700286865234,124.71700286865234,1323
2012-12-13,83.44125366210938,124.6187973022461,124.6187973022461,124.6187973022461,124.6187973022461,20
2012-12-14,82.19192504882812,122.7529525756836,124.71700286865234,122.7529525756836,124.6187973022461,997
2012-12-17,82.19192504882812,122.7529525756836,122.7529525756836,121.77093505859375,122.36014556884766,3991
2012-12-18,82.19192504882812,122.7529525756836,122.7529525756836,122.7529525756836,122.7529525756836,0
2012-12-19,82.19192504882812,122.7529525756836,122.7529525756836,122.7529525756836,122.7529525756836,50
2012-12-20,82.19192504882812,122.7529525756836,122.7529525756836,122.7529525756836,122.7529525756836,407
2012-12-21,84.49330139160156,126.1900405883789,126.1900405883789,124.71700286865234,124.71700286865234,3808
2012-12-26,84.16451263427734,125.69902801513672,126.6810531616211,125.69902801513672,126.6810531616211,122
2012-12-27,84.16451263427734,125.69902801513672,125.69902801513672,125.69902801513672,125.69902801513672,763
2012-12-28,84.28287506103516,125.87579345703125,126.6810531616211,125.69902801513672,125.69902801513672,2759
2013-01-02,84.16451263427734,125.69902801513672,127.46666717529297,125.69902801513672,127.46666717529297,71
2013-01-03,84.16451263427734,125.69902801513672,126.6810531616211,125.69902801513672,126.6810531616211,845
2013-01-04,85.34809112548828,127.46666717529297,127.46666717529297,125.69902801513672,125.69902801513672,152
2013-01-07,84.82207489013672,126.6810531616211,127.46666717529297,125.69902801513672,127.46666717529297,4266
2013-01-08,85.34809112548828,127.46666717529297,127.46666717529297,127.46666717529297,127.46666717529297,101
2013-01-09,85.34809112548828,127.46666717529297,127.46666717529297,127.46666717529297,127.46666717529297,0
2013-01-10,85.15082550048828,127.17206573486328,127.4676513671875,127.17206573486328,127.46666717529297,1364
2013-01-11,85.15082550048828,127.17206573486328,127.17206573486328,127.17206573486328,127.17206573486328,203
2013-01-14,84.82207489013672,126.6810531616211,127.17304229736328,126.6810531616211,127.17304229736328,1303
2013-01-15,85.47960662841797,127.66307830810547,127.66307830810547,125.69902801513672,127.17304229736328,8818
2013-01-16,84.82207489013672,126.6810531616211,127.66307830810547,126.6810531616211,126.6810531616211,2729
2013-01-17,86.13714599609375,128.6450958251953,128.6450958251953,127.66307830810547,127.66307830810547,1150
2013-01-18,86.13714599609375,128.6450958251953,128.6450958251953,128.6450958251953,128.6450958251953,366
2013-01-21,86.13714599609375,128.6450958251953,128.6450958251953,128.6450958251953,128.6450958251953,417
2013-01-22,86.13714599609375,128.6450958251953,128.6450958251953,128.6450958251953,128.6450958251953,1476
2013-01-23,85.8083724975586,128.15408325195312,128.6450958251953,127.66307830810547,127.85948181152344,1333
2013-01-24,85.47960662841797,127.66307830810547,127.66307830810547,127.66307830810547,127.66307830810547,152
2013-01-28,84.82207489013672,126.6810531616211,127.66307830810547,126.6810531616211,127.66307830810547,285
2013-01-29,85.47960662841797,127.66307830810547,127.66307830810547,126.6810531616211,126.6810531616211,570
2013-01-30,85.34809112548828,127.46666717529297,127.46666717529297,127.46666717529297,127.46666717529297,152
2013-01-31,84.80233001708984,126.6515884399414,127.46666717529297,127.46666717529297,127.46666717529297,407
2013-02-01,84.82207489013672,126.6810531616211,126.6810531616211,125.69902801513672,125.69902801513672,580
2013-02-04,84.49330139160156,126.1900405883789,127.17206573486328,125.55172729492188,127.17206573486328,1914
2013-02-05,84.49330139160156,126.1900405883789,126.1900405883789,126.1900405883789,126.1900405883789,336
2013-02-06,85.15082550048828,127.17206573486328,127.17206573486328,126.1900405883789,126.1900405883789,2586
2013-02-07,84.82207489013672,126.6810531616211,127.17206573486328,126.38644409179688,127.17206573486328,1466
2013-02-08,84.82207489013672,126.6810531616211,126.6810531616211,126.3962631225586,126.3962631225586,1252
2013-02-13,84.82207489013672,126.6810531616211,126.6810531616211,126.6810531616211,126.6810531616211,488
2013-02-14,85.0850830078125,127.07386016845703,127.07386016845703,126.6810531616211,126.6810531616211,509
2013-02-15,85.0850830078125,127.07386016845703,127.07386016845703,127.0728759765625,127.0728759765625,947
2013-02-18,84.82207489013672,126.6810531616211,127.0728759765625,126.6810531616211,127.0728759765625,458
2013-02-19,84.82207489013672,126.6810531616211,127.07386016845703,126.6810531616211,127.07386016845703,1955
2013-02-20,84.82207489013672,126.6810531616211,127.07386016845703,126.6810531616211,127.07386016845703,824
2013-02-21,84.82207489013672,126.6810531616211,126.6810531616211,126.6810531616211,126.6810531616211,529
2013-02-22,84.82207489013672,126.6810531616211,126.6810531616211,125.69902801513672,126.6810531616211,1435
2013-02-25,84.82207489013672,126.6810531616211,126.6810531616211,125.30622100830078,126.6810531616211,885
2013-02-26,84.75630950927734,126.58284759521484,126.58284759521484,126.58284759521484,126.58284759521484,183
2013-02-27,82.8494644165039,123.73497772216797,126.58284759521484,123.30485534667969,126.58284759521484,2494
2013-02-28,82.30370330810547,122.9198989868164,125.69804382324219,123.53857421875,125.69804382324219,18217
2013-03-01,84.03304290771484,125.50262451171875,125.69902801513672,123.53857421875,123.53857421875,509
2013-03-04,82.8494644165039,123.73497772216797,125.50262451171875,123.73497772216797,125.50164031982422,2586
2013-03-05,82.8494644165039,123.73497772216797,123.73497772216797,123.73497772216797,123.73497772216797,560
2013-03-06,82.8494644165039,123.73497772216797,124.6187973022461,123.73497772216797,123.7359619140625,386
2013-03-07,83.44125366210938,124.6187973022461,124.6187973022461,124.6187973022461,124.6187973022461,845
2013-03-08,83.44125366210938,124.6187973022461,124.6187973022461,124.42239379882812,124.6187973022461,519
2013-03-11,82.8494644165039,123.73497772216797,124.71700286865234,123.73497772216797,124.6187973022461,1761
2013-03-12,83.1781997680664,124.22599029541016,124.22599029541016,123.73497772216797,124.22599029541016,5101
2013-03-13,83.1781997680664,124.22599029541016,124.22599029541016,123.73497772216797,124.22599029541016,3126
2013-03-14,83.1781997680664,124.22599029541016,124.22599029541016,124.22599029541016,124.22599029541016,1537
2013-03-15,83.1775894165039,124.22501373291016,124.22599029541016,123.25379180908203,124.22599029541016,926
2013-03-18,84.09880828857422,125.60082244873047,125.60082244873047,123.7359619140625,123.7359619140625,2820
2013-03-19,84.62479400634766,126.38644409179688,126.38644409179688,123.7359619140625,123.7359619140625,1415
2013-03-20,84.62479400634766,126.38644409179688,126.38644409179688,126.38644409179688,126.38644409179688,916
2013-03-21,84.62479400634766,126.38644409179688,126.6810531616211,126.38644409179688,126.6810531616211,2545
2013-03-22,84.62479400634766,126.38644409179688,126.38644409179688,126.09183502197266,126.09183502197266,213
2013-03-25,82.8494644165039,123.73497772216797,125.70001220703125,123.73497772216797,125.70001220703125,6069
2013-03-26,82.8494644165039,123.73497772216797,124.22599029541016,123.73497772216797,123.7359619140625,3390
2013-03-27,84.62479400634766,126.38644409179688,126.38644409179688,123.73497772216797,123.83318328857422,661
2013-03-28,84.53933715820312,126.25878143310547,127.07386016845703,125.69902801513672,126.38545989990234,549
2013-04-01,84.82207489013672,126.6810531616211,126.6810531616211,126.6810531616211,126.6810531616211,672
2013-04-02,84.82207489013672,126.6810531616211,126.6810531616211,124.02958679199219,126.6810531616211,651
2013-04-03,86.13714599609375,128.6450958251953,128.6450958251953,128.6450958251953,128.6450958251953,1048
2013-04-04,86.13714599609375,128.6450958251953,128.6450958251953,128.6450958251953,128.6450958251953,845
2013-04-05,86.13714599609375,128.6450958251953,128.6450958251953,126.6810531616211,126.77925109863281,3085
2013-04-08,84.82207489013672,126.6810531616211,126.6810531616211,126.6810531616211,126.6810531616211,1700
2013-04-09,84.75630950927734,126.58284759521484,126.58284759521484,126.58284759521484,126.58284759521484,81
2013-04-10,84.82207489013672,126.6810531616211,126.6810531616211,126.6810531616211,126.6810531616211,50
2013-04-11,84.36181640625,125.99363708496094,126.1900405883789,125.69902801513672,126.1900405883789,1364
2013-04-12,84.29605102539062,125.89543151855469,125.89543151855469,125.69902801513672,125.69902801513672,1965
2013-04-15,84.82207489013672,126.6810531616211,127.17206573486328,126.6810531616211,127.17206573486328,1059
2013-04-16,83.3755111694336,124.52059936523438,124.71700286865234,124.52059936523438,124.71700286865234,1048
2013-04-17,83.5069808959961,124.71700286865234,124.71700286865234,124.71700286865234,124.71700286865234,20
2013-04-18,84.16451263427734,125.69902801513672,125.69902801513672,125.69902801513672,125.69902801513672,193
2013-04-19,84.16451263427734,125.69902801513672,125.69902801513672,123.83318328857422,125.69902801513672,1496
2013-04-22,84.16451263427734,125.69902801513672,125.69902801513672,125.69804382324219,125.69804382324219,183
2013-04-23,84.16451263427734,125.69902801513672,125.69902801513672,123.25379180908203,125.69902801513672,2505
2013-04-24,83.5069808959961,124.71700286865234,125.69902801513672,123.73497772216797,124.42239379882812,1283
2013-04-25,86.13714599609375,128.6450958251953,128.6450958251953,125.69902801513672,127.17108154296875,4195
2013-04-26,86.13714599609375,128.6450958251953,128.6450958251953,128.6450958251953,128.6450958251953,0
2013-04-29,86.79469299316406,129.6271209716797,129.6271209716797,128.54689025878906,128.54689025878906,712
2013-04-30,86.72891235351562,129.52891540527344,129.52891540527344,127.66307830810547,127.66307830810547,1130
2013-05-02,87.64815521240234,130.90179443359375,131.1541748046875,130.21633911132812,131.1541748046875,295
2013-05-03,86.86042022705078,129.72532653808594,129.72532653808594,129.6271209716797,129.72532653808594,529
2013-05-06,84.82207489013672,126.6810531616211,127.66307830810547,126.09183502197266,126.09183502197266,3014
2013-05-07,83.57275390625,124.8152084350586,128.64312744140625,124.8152084350586,127.66307830810547,2525
2013-05-08,85.24946594238281,127.31936645507812,127.31936645507812,127.31936645507812,127.31936645507812,81
2013-05-09,85.24946594238281,127.31936645507812,127.31936645507812,127.31936645507812,127.31936645507812,0
2013-05-10,84.82207489013672,126.6810531616211,127.16126251220703,125.79723358154297,126.1900405883789,682
2013-05-13,83.17888641357422,124.22697448730469,124.8152084350586,124.22599029541016,124.8152084350586,539
2013-05-14,83.83577728271484,125.20801544189453,127.66307830810547,124.71700286865234,124.71700286865234,641
2013-05-15,83.90155029296875,125.30622100830078,125.30622100830078,125.30622100830078,125.30622100830078,20
2013-05-16,85.47960662841797,127.66307830810547,127.66307830810547,124.8152084350586,126.6810531616211,5957
2013-05-17,84.82207489013672,126.6810531616211,128.15408325195312,126.6810531616211,128.15408325195312,692
2013-05-20,85.34809112548828,127.46666717529297,128.15408325195312,126.6810531616211,128.15408325195312,1965
2013-05-21,84.82207489013672,126.6810531616211,127.56388854980469,125.69902801513672,126.77925109863281,3543
2013-05-22,85.15082550048828,127.17206573486328,127.56388854980469,127.17206573486328,127.56388854980469,295
2013-05-23,84.42754364013672,126.09183502197266,128.15408325195312,125.9052505493164,127.17206573486328,3207
2013-05-24,84.16451263427734,125.69902801513672,126.09183502197266,124.8152084350586,126.09183502197266,14673
2013-05-27,84.49330139160156,126.1900405883789,127.66307830810547,126.1900405883789,127.17206573486328,3054
2013-05-28,84.55903625488281,126.28823852539062,127.66307830810547,126.28823852539062,127.66307830810547,3360
2013-05-29,84.9542236328125,126.8784408569336,126.8784408569336,126.78023529052734,126.78023529052734,91
2013-05-31,84.49397277832031,126.19102478027344,129.1361083984375,126.19102478027344,129.1361083984375,407
2013-06-03,84.16451263427734,125.69902801513672,127.66209411621094,125.69902801513672,125.79821014404297,4806
2013-06-04,85.47960662841797,127.66307830810547,127.66307830810547,126.1900405883789,127.17108154296875,1069
2013-06-05,84.16388702392578,125.69804382324219,127.66307830810547,122.06553649902344,127.66209411621094,6272
2013-06-06,81.79742431640625,122.16374206542969,125.69902801513672,122.16374206542969,125.69902801513672,743
2013-06-07,83.83577728271484,125.20801544189453,125.20801544189453,125.20801544189453,125.20801544189453,152
2013-06-10,81.73165893554688,122.06553649902344,125.50262451171875,122.06553649902344,125.20801544189453,2026
2013-06-11,81.5344009399414,121.77093505859375,125.20801544189453,121.76995086669922,125.20703125,1242
2013-06-12,81.5344009399414,121.77093505859375,121.77093505859375,121.27992248535156,121.27992248535156,4317
2013-06-13,81.8631820678711,122.26194763183594,122.26194763183594,121.77093505859375,122.26194763183594,142
2013-06-14,81.8631820678711,122.26194763183594,122.26194763183594,121.77093505859375,122.26194763183594,621
2013-06-17,80.87686157226562,120.78890991210938,121.77093505859375,119.806884765625,119.806884765625,1812
2013-06-18,79.10151672363281,118.13744354248047,120.78890991210938,118.13744354248047,120.29789733886719,9775
2013-06-19,79.10151672363281,118.13744354248047,118.82485961914062,118.13744354248047,118.53025817871094,2158
2013-06-20,76.93164825439453,114.89676666259766,117.54823303222656,113.91474151611328,117.45002746582031,6944
2013-06-21,77.26043701171875,115.38777923583984,115.38777923583984,112.9327163696289,114.11114501953125,9887
2013-06-24,74.23575592041016,110.87046813964844,114.89676666259766,109.98664855957031,114.89676666259766,27341
2013-06-25,77.26043701171875,115.38777923583984,115.38777923583984,110.96867370605469,110.96867370605469,3849
2013-06-26,78.24673461914062,116.8608169555664,116.8608169555664,116.8608169555664,116.8608169555664,234
2013-06-27,77.58919525146484,115.87879180908203,117.84283447265625,114.89676666259766,116.36980438232422,2036
2013-06-28,78.83850860595703,117.74463653564453,117.74463653564453,115.38777923583984,117.74365234375,1130
2013-07-01,75.61724090576172,112.93370056152344,118.33384704589844,112.93370056152344,117.74365234375,4847
2013-07-02,76.27413940429688,113.91474151611328,114.40673828125,112.9327163696289,114.40673828125,2067
2013-07-03,78.44397735595703,117.1554183959961,117.1554183959961,111.95167541503906,113.91474151611328,2963
2013-07-04,74.96232604980469,111.95560455322266,117.25362396240234,111.95069885253906,117.25362396240234,6710
2013-07-05,75.0247802734375,112.04889678955078,114.89676666259766,111.95069885253906,112.53990936279297,2861
2013-07-08,74.95902252197266,111.95069885253906,112.53990936279297,110.48748016357422,112.53990936279297,7494
2013-07-10,74.95902252197266,111.95069885253906,111.95069885253906,110.57684326171875,111.94971466064453,27504
2013-07-11,74.95902252197266,111.95069885253906,111.95069885253906,110.96867370605469,110.96965789794922,3065
2013-07-12,74.63025665283203,111.45968627929688,111.95069885253906,110.5817642211914,111.45968627929688,10834
2013-07-15,74.63025665283203,111.45968627929688,111.45968627929688,110.63086700439453,111.45968627929688,5753
2013-07-16,74.9261703491211,111.90159606933594,111.90159606933594,110.77227020263672,111.45968627929688,4490
2013-07-17,74.6960220336914,111.5578842163086,111.85249328613281,110.82333374023438,111.5578842163086,5529
2013-07-18,74.33570098876953,111.01973724365234,111.95069885253906,110.96867370605469,110.9784927368164,20243
2013-07-19,74.76176452636719,111.65608978271484,111.65608978271484,111.16507720947266,111.16507720947266,4327
2013-07-22,74.95902252197266,111.95069885253906,111.95069885253906,111.21417999267578,111.65608978271484,4531
2013-07-23,76.93164825439453,114.89676666259766,114.89676666259766,111.95069885253906,111.95069885253906,2474
2013-07-24,76.3398666381836,114.01294708251953,114.89676666259766,113.03092193603516,113.03092193603516,987
2013-07-25,78.11522674560547,116.66441345214844,116.66441345214844,114.89578247070312,114.89578247070312,2535
2013-07-26,78.18098449707031,116.76261138916016,116.76261138916016,115.87879180908203,116.66441345214844,1843
2013-07-29,77.91793823242188,116.36980438232422,116.66441345214844,115.87977600097656,115.87977600097656,2260
2013-07-30,77.91793823242188,116.36980438232422,116.36980438232422,115.87977600097656,116.3599853515625,1700
2013-07-31,75.71849822998047,113.08493041992188,117.84185791015625,113.91474151611328,117.84185791015625,3258
2013-08-01,77.06315612792969,115.09317016601562,117.73284912109375,113.28329467773438,113.62013244628906,2708
2013-08-02,76.4056167602539,114.11114501953125,114.89971160888672,114.11114501953125,114.89971160888672,651
2013-08-05,78.11522674560547,116.66441345214844,116.76261138916016,114.89676666259766,114.89676666259766,570
2013-08-06,77.58919525146484,115.87879180908203,116.36980438232422,115.33867645263672,115.33966064453125,1109
2013-08-07,76.7666015625,114.65027618408203,115.2895736694336,113.91474151611328,115.19137573242188,2851
2013-08-08,77.91793823242188,116.36980438232422,116.36980438232422,115.4859848022461,115.8778076171875,1517
2013-08-09,77.91793823242188,116.36980438232422,116.36980438232422,115.87879180908203,116.36980438232422,1710
2013-08-12,77.55631256103516,115.8296890258789,117.73481750488281,115.49089050292969,116.36980438232422,1782
2013-08-13,77.98368072509766,116.46800231933594,116.8608169555664,115.87879180908203,116.0751953125,3085
2013-08-14,77.91793823242188,116.36980438232422,116.37471008300781,115.87879180908203,115.87879180908203,498
2013-08-15,78.24673461914062,116.8608169555664,116.8608169555664,116.36980438232422,116.36980438232422,386
2013-08-16,77.3261489868164,115.4859848022461,116.8608169555664,115.4859848022461,116.85983276367188,2973
2013-08-19,77.58919525146484,115.87879180908203,116.36980438232422,115.4859848022461,115.58418273925781,3757
2013-08-20,77.26043701171875,115.38777923583984,115.4859848022461,115.38777923583984,115.4859848022461,2667
2013-08-21,75.95323944091797,113.43551635742188,115.38777923583984,113.28329467773438,115.09317016601562,3564
2013-08-22,75.94535064697266,113.4237289428711,113.91474151611328,111.95069885253906,113.47381591796875,37830
2013-08-23,75.28783416748047,112.44171142578125,112.9327163696289,111.95069885253906,112.9327163696289,7484
2013-08-26,75.28783416748047,112.44171142578125,112.44171142578125,112.44171142578125,112.44171142578125,2535
2013-08-27,74.301513671875,110.96867370605469,112.44171142578125,110.77227020263672,112.44171142578125,6741
2013-08-28,74.89329528808594,111.85249328613281,111.95069885253906,110.73298645019531,111.95069885253906,4124
2013-08-29,74.301513671875,110.96867370605469,111.85249328613281,110.96867370605469,111.5578842163086,4327
2013-08-30,74.301513671875,110.96867370605469,111.85249328613281,109.98664855957031,111.5578842163086,3116
2013-09-02,73.97274780273438,110.4776611328125,112.9317398071289,110.18305206298828,111.45968627929688,5132
2013-09-03,73.64398956298828,109.98664855957031,110.4776611328125,109.3974380493164,110.4776611328125,8441
2013-09-04,73.5782241821289,109.88844299316406,110.37945556640625,109.79024505615234,109.88844299316406,3808
2013-09-05,73.84056091308594,110.2802734375,110.4776611328125,109.79024505615234,110.36963653564453,2270
2013-09-06,73.64398956298828,109.98664855957031,110.37945556640625,109.98664855957031,110.37945556640625,3187
2013-09-09,73.31523132324219,109.49563598632812,109.90808868408203,109.4946517944336,109.90808868408203,835
2013-09-10,72.3295669555664,108.0235824584961,109.2010269165039,108.02259826660156,109.2010269165039,5407
2013-09-11,72.98643493652344,109.00462341308594,109.00462341308594,108.02259826660156,108.90642547607422,2382
2013-09-12,72.00012969970703,107.5315933227539,109.00462341308594,107.13877868652344,108.12080383300781,3350
2013-09-13,72.00012969970703,107.5315933227539,108.02259826660156,107.04058074951172,107.13877868652344,2046
2013-09-16,72.32889556884766,108.02259826660156,108.02259826660156,107.04058074951172,107.04155731201172,3604
2013-09-17,72.32889556884766,108.02259826660156,108.02259826660156,108.02259826660156,108.02259826660156,2179
2013-09-18,71.6713638305664,107.04058074951172,108.02259826660156,106.05855560302734,107.33616638183594,11435
2013-09-19,72.26310729980469,107.92440032958984,107.92440032958984,106.05855560302734,107.04058074951172,13543
2013-09-20,72.32889556884766,108.02259826660156,108.02259826660156,107.5315933227539,107.92440032958984,6720
2013-09-23,72.32889556884766,108.02259826660156,108.02259826660156,107.5315933227539,107.92440032958984,4368
2013-09-24,72.32889556884766,108.02259826660156,108.02259826660156,107.5315933227539,107.92440032958984,3136
2013-09-25,72.32889556884766,108.02259826660156,108.02259826660156,107.92440032958984,108.02259826660156,11007
2013-09-26,73.97274780273438,110.4776611328125,110.4776611328125,108.02259826660156,108.02259826660156,4572
2013-09-27,74.63025665283203,111.45968627929688,112.9327163696289,111.45968627929688,111.95069885253906,4225
2013-09-30,74.07464599609375,110.62987518310547,112.9327163696289,110.96867370605469,111.95069885253906,2240
2013-10-01,75.6165771484375,112.9327163696289,114.89676666259766,112.83451843261719,112.9327163696289,2158
2013-10-02,75.6165771484375,112.9327163696289,112.9327163696289,111.95069885253906,112.9327163696289,6313
2013-10-03,75.6165771484375,112.9327163696289,112.9327163696289,112.63811492919922,112.9327163696289,835
2013-10-04,75.6165771484375,112.9327163696289,112.9327163696289,112.5408935546875,112.9327163696289,845
2013-10-07,75.35356140136719,112.53990936279297,112.9327163696289,112.53990936279297,112.9327163696289,3696
2013-10-08,75.09385681152344,112.15200805664062,112.9327163696289,112.15200805664062,112.9327163696289,1476
2013-10-09,75.6165771484375,112.9327163696289,112.9327163696289,110.97457122802734,112.9327163696289,2179
2013-10-10,74.95902252197266,111.95069885253906,112.9327163696289,111.95069885253906,112.9327163696289,936
2013-10-11,76.27413940429688,113.91474151611328,114.11114501953125,111.95069885253906,111.95069885253906,2464
2013-10-14,76.27413940429688,113.91474151611328,114.01294708251953,113.91474151611328,113.91474151611328,8329
2013-10-15,76.80014038085938,114.70036315917969,114.78874206542969,112.9327163696289,114.78874206542969,3146
2013-10-16,76.80014038085938,114.70036315917969,114.70036315917969,112.9327163696289,112.9327163696289,926
2013-10-17,76.27413940429688,113.91474151611328,114.70036315917969,113.91474151611328,114.70036315917969,3360
2013-10-18,76.20772552490234,113.81555938720703,113.91474151611328,112.9327163696289,113.91474151611328,814
2013-10-21,76.27413940429688,113.91474151611328,114.70036315917969,113.71833801269531,113.91474151611328,1160
2013-10-22,76.27413940429688,113.91474151611328,114.69937896728516,113.91474151611328,113.91474151611328,2260
2013-10-23,76.3398666381836,114.01294708251953,114.70036315917969,113.91474151611328,114.11114501953125,1242
2013-10-24,76.86590576171875,114.79856872558594,114.79856872558594,114.01785278320312,114.79856872558594,325
2013-10-25,77.58853912353516,115.8778076171875,115.8778076171875,113.91474151611328,114.40575408935547,1537
2013-10-28,76.27413940429688,113.91474151611328,116.3599853515625,113.91474151611328,115.87879180908203,4225
2013-10-29,77.58919525146484,115.87879180908203,115.87879180908203,115.78058624267578,115.8778076171875,621
2013-10-30,77.3261489868164,115.4859848022461,115.87879180908203,115.4859848022461,115.87879180908203,733
2013-10-31,77.58919525146484,115.87879180908203,115.87879180908203,115.77764129638672,115.78058624267578,274
2013-11-01,76.93231964111328,114.89775085449219,115.87879180908203,114.89775085449219,115.87879180908203,2189
2013-11-04,77.26043701171875,115.38777923583984,115.4859848022461,114.89676666259766,115.4859848022461,3156
2013-11-05,76.93164825439453,114.89676666259766,115.38777923583984,114.89676666259766,114.9949722290039,1374
2013-11-06,76.734375,114.60215759277344,114.89676666259766,114.50395965576172,114.89676666259766,1873
2013-11-07,76.60355377197266,114.40673828125,114.89676666259766,114.40673828125,114.50395965576172,529
2013-11-08,76.60289764404297,114.40575408935547,114.79856872558594,112.9356689453125,114.79856872558594,3309
2013-11-11,74.95902252197266,111.95069885253906,114.40575408935547,111.95069885253906,114.40575408935547,2026
2013-11-12,74.95902252197266,111.95069885253906,112.83353424072266,111.5578842163086,112.31993865966797,661
2013-11-13,75.28712463378906,112.44072723388672,112.44171142578125,111.45968627929688,111.95069885253906,1741
2013-11-14,74.23575592041016,110.87046813964844,112.44171142578125,110.87046813964844,112.44171142578125,2433
2013-11-18,74.301513671875,110.96867370605469,110.96867370605469,110.48060607910156,110.87046813964844,1680
2013-11-19,74.23640441894531,110.87145233154297,110.96867370605469,110.87046813964844,110.96867370605469,3390
2013-11-21,74.23575592041016,110.87046813964844,110.96867370605469,110.87046813964844,110.96867370605469,1598
2013-11-22,74.23506927490234,110.86949157714844,110.87046813964844,110.4776611328125,110.87046813964844,1731
2013-11-25,72.98643493652344,109.00462341308594,110.18305206298828,109.00462341308594,109.98664855957031,8930
2013-11-26,72.32889556884766,108.02259826660156,109.00462341308594,106.94237518310547,109.00462341308594,6720
2013-11-27,71.6713638305664,107.04058074951172,108.02259826660156,107.04058074951172,108.02259826660156,4480
2013-11-28,71.01384735107422,106.05855560302734,108.02162170410156,106.05855560302734,107.05236053466797,5203
2013-11-29,70.77054595947266,105.69520568847656,107.04058074951172,105.6657485961914,107.04058074951172,8034
2013-12-02,72.32889556884766,108.02259826660156,109.78926086425781,107.04058074951172,107.04058074951172,2168
2013-12-03,72.26310729980469,107.92440032958984,108.02259826660156,105.86705780029297,108.02259826660156,1944
2013-12-04,71.01384735107422,106.05855560302734,107.04058074951172,105.9603500366211,106.60946655273438,3930
2013-12-05,71.04672241210938,106.10765838623047,107.04058074951172,105.9603500366211,106.60946655273438,1435
2013-12-06,70.02752685546875,104.58551788330078,106.06837463378906,103.89810180664062,106.06837463378906,4266
2013-12-09,70.02752685546875,104.58551788330078,104.58551788330078,100.4678955078125,104.58551788330078,3828
2013-12-10,69.10698699951172,103.21068572998047,104.58453369140625,101.83585357666016,104.58453369140625,12586
2013-12-11,69.3699951171875,103.6034927368164,103.6034927368164,102.1402816772461,103.50332641601562,4307
2013-12-12,68.64667510986328,102.52326965332031,103.6034927368164,102.52326965332031,103.6034927368164,9714
2013-12-13,70.02752685546875,104.58551788330078,104.58551788330078,102.80510711669922,103.14488983154297,2606
2013-12-16,69.04122924804688,103.11248016357422,105.07653045654297,102.13046264648438,104.58551788330078,13614
2013-12-17,70.02621459960938,104.58355712890625,104.58355712890625,102.13046264648438,104.0945053100586,8737
2013-12-18,68.71245574951172,102.62146759033203,104.0935287475586,102.62146759033203,104.0935287475586,4276
2013-12-19,69.50148010253906,103.79989624023438,103.99630737304688,102.17955780029297,103.6034927368164,1690
2013-12-20,71.01384735107422,106.05855560302734,106.35218048095703,103.99630737304688,103.99630737304688,2535
2013-12-23,70.3563003540039,105.07653045654297,105.07653045654297,104.11414337158203,105.0735855102539,2433
2013-12-26,69.3699951171875,103.6034927368164,106.05855560302734,103.6034927368164,105.07456970214844,4348
2013-12-27,71.01384735107422,106.05855560302734,106.05855560302734,105.07653045654297,106.04873657226562,2311
2013-12-30,70.4417724609375,105.20419311523438,106.05855560302734,106.05855560302734,106.05855560302734,1415
2014-01-02,74.82095336914062,111.74446868896484,111.74446868896484,107.04058074951172,108.0235824584961,539
2014-01-03,71.6713638305664,107.04058074951172,110.96867370605469,107.04058074951172,110.47864532470703,4908
2014-01-06,72.98643493652344,109.00462341308594,109.98664855957031,107.5364990234375,109.98664855957031,2830
2014-01-07,72.32694244384766,108.0196533203125,109.00462341308594,107.04058074951172,109.00462341308594,1008
2014-01-08,70.4029769897461,105.14625549316406,107.04058074951172,104.10432434082031,107.04058074951172,3808
2014-01-09,71.01384735107422,106.05855560302734,106.05855560302734,104.58551788330078,105.53120422363281,6690
2014-01-10,70.88231658935547,105.86215209960938,106.05855560302734,105.53120422363281,106.05757141113281,1496
2014-01-13,72.32298278808594,108.01376342773438,108.01376342773438,104.1956558227539,106.05855560302734,8594
2014-01-14,70.3563003540039,105.07653045654297,107.97251892089844,105.07653045654297,107.92440032958984,5101
2014-01-15,70.94743347167969,105.9593734741211,107.0356674194336,105.56754302978516,107.03467559814453,2708
2014-01-16,68.64667510986328,102.52326965332031,106.05855560302734,102.52326965332031,105.86215209960938,6232
2014-01-17,69.3699951171875,103.6034927368164,104.57078552246094,102.52326965332031,103.11346435546875,8146
2014-01-20,70.3477554321289,105.06376647949219,105.07653045654297,101.54517364501953,103.11248016357422,10152
2014-01-21,69.69878387451172,104.0945053100586,105.41925811767578,104.0945053100586,104.86048126220703,1140
2014-01-22,69.1727523803711,103.30889129638672,105.47620391845703,103.30889129638672,104.78093719482422,4480
2014-01-23,69.705322265625,104.10432434082031,105.26802825927734,102.52326965332031,104.6827392578125,3126
2014-01-24,69.69878387451172,104.0945053100586,104.09548950195312,103.99630737304688,104.09548950195312,896
2014-01-27,70.02423095703125,104.58061218261719,104.58453369140625,103.11248016357422,104.58355712890625,2179
2014-01-28,68.3836898803711,102.13046264648438,104.0935287475586,102.13046264648438,103.79989624023438,2576
2014-01-29,68.31795501708984,102.03225708007812,103.11248016357422,102.03225708007812,103.11051940917969,8187
2014-01-30,67.72615051269531,101.1484375,102.2286605834961,100.16641235351562,102.13046264648438,14480
2014-01-31,67.74591827392578,101.17789459228516,102.12947845458984,101.1484375,102.12947845458984,1894
2014-02-03,67.92343139648438,101.44304656982422,102.03225708007812,98.20629119873047,102.03225708007812,1517
2014-02-04,65.75353240966797,98.20236206054688,101.44304656982422,96.72933197021484,101.14646911621094,6914
2014-02-05,65.62200927734375,98.0059585571289,98.20236206054688,96.73031616210938,98.20236206054688,3991
2014-02-06,65.09600830078125,97.22034454345703,97.98533630371094,94.76626586914062,96.92573547363281,3818
2014-02-07,63.64942169189453,95.05989074707031,97.02393341064453,94.92927551269531,95.95549774169922,15610
2014-02-10,63.12405014038086,94.27525329589844,95.9908447265625,94.27525329589844,95.2926254272461,4124
2014-02-11,64.29905700683594,96.0301284790039,96.04093170166016,94.37247467041016,94.96168518066406,4409
2014-02-12,64.29905700683594,96.0301284790039,96.0301284790039,94.66708374023438,95.40359497070312,5101
2014-02-13,64.43846130371094,96.23831939697266,96.23831939697266,95.05989074707031,96.02914428710938,5081
2014-02-14,64.30696868896484,96.04191589355469,97.12213897705078,95.5509033203125,95.5509033203125,12637
2014-02-17,65.02960968017578,97.12115478515625,97.12213897705078,95.3053970336914,96.72933197021484,15447
2014-02-18,65.0302734375,97.12213897705078,97.12213897705078,95.94371032714844,97.02295684814453,9490
2014-02-19,64.89807891845703,96.92475128173828,97.12213897705078,96.23831939697266,97.12017059326172,17494
2014-02-20,64.96451568603516,97.02393341064453,97.02393341064453,96.37580108642578,96.88842010498047,20569
2014-02-21,69.04122924804688,103.11248016357422,103.11248016357422,96.7362060546875,96.7362060546875,5865
2014-02-24,67.7248306274414,101.14646911621094,109.39448547363281,97.71134948730469,102.71967315673828,19968
2014-02-25,66.41114044189453,99.18438720703125,101.1484375,98.20236206054688,101.14745330810547,18013
2014-02-26,68.84396362304688,102.81787872314453,102.81787872314453,99.30223083496094,99.48587036132812,5804
2014-02-27,70.68505859375,105.56754302978516,105.56754302978516,101.63945007324219,102.81787872314453,4460
2014-02-28,70.83037567138672,105.7845687866211,108.02259826660156,105.56754302978516,105.76493072509766,2535
2014-03-05,72.32889556884766,108.02259826660156,110.36276245117188,106.05953979492188,107.04058074951172,1048
2014-03-06,73.64398956298828,109.98664855957031,110.96867370605469,106.54956817626953,108.02259826660156,9948
2014-03-07,72.65963745117188,108.51655578613281,110.96670532226562,108.02259826660156,109.98763275146484,4989
2014-03-10,72.32889556884766,108.02259826660156,111.25542449951172,108.02259826660156,111.25444030761719,4388
2014-03-11,73.97274780273438,110.4776611328125,110.4776611328125,109.59874725341797,110.44720458984375,3014
2014-03-12,73.97274780273438,110.4776611328125,110.4776611328125,109.29923248291016,110.47667694091797,4460
2014-03-13,74.95902252197266,111.95069885253906,111.95069885253906,109.1126480102539,110.47667694091797,4246
2014-03-14,74.301513671875,110.96867370605469,111.63546752929688,109.98763275146484,111.63546752929688,1242
2014-03-17,74.63025665283203,111.45968627929688,111.45968627929688,109.00462341308594,109.98763275146484,6018
2014-03-18,74.95902252197266,111.95069885253906,111.95069885253906,108.91624450683594,110.37749481201172,6649
2014-03-19,75.35356140136719,112.53990936279297,112.53990936279297,109.98664855957031,111.94774627685547,11496
2014-03-20,75.48505401611328,112.73631286621094,113.42176818847656,112.10781860351562,112.9327163696289,4103
2014-03-21,75.55081939697266,112.83451843261719,112.92977142333984,111.3153305053711,112.14710235595703,5417
2014-03-24,74.03915405273438,110.57684326171875,112.0979995727539,109.98664855957031,112.0979995727539,10600
2014-03-25,74.95838928222656,111.94971466064453,111.94971466064453,109.6036605834961,110.57684326171875,5478
2014-03-26,73.97274780273438,110.4776611328125,111.45771789550781,110.4776611328125,110.96867370605469,2331
2014-03-27,74.301513671875,110.96867370605469,111.16409301757812,110.48748016357422,111.16409301757812,3105
2014-03-28,74.10425567626953,110.67406463623047,110.77227020263672,110.4776611328125,110.77128601074219,2199
2014-03-31,73.21658325195312,109.34833526611328,110.67406463623047,110.4776611328125,110.67406463623047,5152
2014-04-01,74.10425567626953,110.67406463623047,111.45674133300781,109.29923248291016,111.45674133300781,3472
2014-04-02,73.64398956298828,109.98664855957031,110.7673568725586,109.00462341308594,110.67406463623047,4256
2014-04-03,73.5124740600586,109.79024505615234,110.67406463623047,109.69596862792969,109.98664855957031,4073
2014-04-04,73.5118179321289,109.78926086425781,109.98763275146484,109.49563598632812,109.98664855957031,4337
2014-04-07,73.50589752197266,109.78042602539062,109.78042602539062,109.00462341308594,109.49563598632812,3951
2014-04-08,73.44670104980469,109.6920394897461,109.6920394897461,109.2010269165039,109.29923248291016,2922
2014-04-09,73.31523132324219,109.49563598632812,109.49563598632812,109.1126480102539,109.40725708007812,2474
2014-04-10,73.31851959228516,109.50054931640625,110.4776611328125,109.3974380493164,109.49563598632812,8553
2014-04-11,73.77548217773438,110.18305206298828,110.96965789794922,110.08485412597656,110.4776611328125,3268
2014-04-14,73.97274780273438,110.4776611328125,111.45968627929688,110.4776611328125,110.675048828125,4337
2014-04-15,73.97274780273438,110.4776611328125,110.96867370605469,109.3974380493164,110.77423095703125,7800
2014-04-16,73.31523132324219,109.49563598632812,110.4776611328125,109.49563598632812,110.42169189453125,5081
2014-04-17,73.5782241821289,109.88844299316406,109.88844299316406,109.2962875366211,109.49563598632812,3217
2014-04-22,73.31523132324219,109.49563598632812,109.88844299316406,109.20201110839844,109.88746643066406,4623
2014-04-23,73.11792755126953,109.2010269165039,109.49563598632812,109.2010269165039,109.29923248291016,6588
2014-04-24,72.3295669555664,108.0235824584961,109.49563598632812,106.15675354003906,109.29923248291016,9307
2014-04-25,72.98643493652344,109.00462341308594,109.00462341308594,108.13848876953125,108.97615051269531,7016
2014-04-28,72.98643493652344,109.00462341308594,109.00462341308594,108.81803894042969,109.00462341308594,4612
2014-04-29,72.98643493652344,109.00462341308594,109.00462341308594,108.41541290283203,109.00462341308594,1099
2014-04-30,73.5782241821289,109.88844299316406,109.88844299316406,108.71001434326172,108.9869384765625,9551
2014-05-02,73.24945831298828,109.3974380493164,109.3974380493164,108.02259826660156,109.00462341308594,4562
2014-05-05,72.92728424072266,108.91624450683594,109.3974380493164,108.03438568115234,109.3974380493164,2535
2014-05-06,72.77864837646484,108.69430541992188,108.80625915527344,107.5315933227539,108.12178802490234,3676
2014-05-07,72.98643493652344,109.00462341308594,109.00462341308594,107.62979125976562,107.62979125976562,13380
2014-05-08,72.98643493652344,109.00462341308594,109.83934783935547,108.41541290283203,109.38270568847656,8920
2014-05-09,72.89437866210938,108.86714172363281,109.2010269165039,108.81803894042969,109.00462341308594,2281
2014-05-12,72.98643493652344,109.00462341308594,109.00462341308594,108.82393646240234,109.00462341308594,4052
2014-05-13,73.1173095703125,109.2000503540039,109.4946517944336,108.8092041015625,109.00462341308594,4032
2014-05-14,73.2488021850586,109.39645385742188,109.49563598632812,109.00462341308594,109.2000503540039,8278
2014-05-15,73.2488021850586,109.39645385742188,109.3974380493164,109.00462341308594,109.39645385742188,4409
2014-05-16,73.18367767333984,109.29923248291016,109.3974380493164,109.15193176269531,109.3424301147461,4378
2014-05-19,72.98643493652344,109.00462341308594,109.0547103881836,108.82295227050781,109.0547103881836,4602
2014-05-20,72.98643493652344,109.00462341308594,109.00462341308594,108.90642547607422,109.00462341308594,3951
2014-05-21,72.98643493652344,109.00462341308594,109.00462341308594,108.51557922363281,109.0036392211914,3808
2014-05-22,72.98643493652344,109.00462341308594,109.00462341308594,108.12178802490234,109.00462341308594,5570
2014-05-23,72.98643493652344,109.00462341308594,109.00462341308594,108.72081756591797,109.0036392211914,5152
2014-05-26,73.24945831298828,109.3974380493164,109.3974380493164,109.00462341308594,109.00462341308594,4195
2014-05-27,73.64398956298828,109.98664855957031,109.98664855957031,107.92440032958984,109.15389251708984,14683
2014-05-28,74.301513671875,110.96867370605469,110.96867370605469,108.75911712646484,110.4776611328125,10834
2014-05-29,74.2646713256836,110.91366577148438,110.96867370605469,109.79122924804688,110.4776611328125,6568
2014-05-30,73.66043090820312,110.01119995117188,111.36148071289062,109.6920394897461,110.4776611328125,4500
2014-06-02,72.98643493652344,109.00462341308594,109.40528869628906,108.51361083984375,109.2010269165039,13024
2014-06-03,72.98643493652344,109.00462341308594,109.00462341308594,108.66091918945312,109.00462341308594,6527
2014-06-04,72.98643493652344,109.00462341308594,109.00462341308594,108.51361083984375,109.00462341308594,4185
2014-06-05,72.98643493652344,109.00462341308594,109.00462341308594,108.51361083984375,109.0036392211914,5600
2014-06-06,72.85493469238281,108.80821990966797,108.90642547607422,108.51951599121094,108.90642547607422,6720
2014-06-09,72.85493469238281,108.80821990966797,108.80821990966797,108.51361083984375,108.61181640625,4348
2014-06-10,72.39862823486328,108.126708984375,108.80821990966797,107.92440032958984,108.80821990966797,18797
2014-06-11,71.40838623046875,106.64776611328125,108.0235824584961,105.56754302978516,107.92440032958984,13899
2014-06-13,71.53987884521484,106.84416961669922,106.84416961669922,105.76001739501953,106.7459716796875,7739
2014-06-16,71.99748992919922,107.52766418457031,107.8261947631836,105.57736206054688,106.84319305419922,11435
2014-06-17,72.32889556884766,108.02259826660156,108.02259826660156,105.07653045654297,105.69520568847656,11119
2014-06-18,71.86865234375,107.3351821899414,108.02259826660156,107.13877868652344,107.87431335449219,5865
2014-06-20,70.55421447753906,105.37212371826172,107.1407470703125,105.18455505371094,107.1407470703125,6965
2014-06-23,71.6713638305664,107.04058074951172,107.52864074707031,106.84319305419922,106.93354034423828,2647
2014-06-24,72.11849212646484,107.7083511352539,108.02259826660156,107.04058074951172,107.71522521972656,13248
2014-06-25,72.32823944091797,108.02162170410156,108.02259826660156,107.04352569580078,108.02162170410156,1914
2014-06-26,72.00012969970703,107.5315933227539,108.02063751220703,107.04058074951172,108.02063751220703,3299
2014-06-27,72.32889556884766,108.02259826660156,108.02259826660156,107.5315933227539,107.5315933227539,2698
2014-06-30,71.35901641845703,106.5741195678711,108.0235824584961,107.35580444335938,108.0235824584961,5101
2014-07-01,71.02040100097656,106.06837463378906,108.02162170410156,105.87393188476562,107.5315933227539,3859
2014-07-02,70.88231658935547,105.86215209960938,106.84416961669922,105.86215209960938,106.82648468017578,17362
2014-07-03,71.01384735107422,106.05855560302734,106.05855560302734,105.56754302978516,106.05855560302734,2881
2014-07-04,71.01384735107422,106.05855560302734,106.05855560302734,105.86215209960938,106.05855560302734,2219
2014-07-07,71.01384735107422,106.05855560302734,106.05855560302734,105.27391815185547,106.05855560302734,3981
2014-07-08,71.01384735107422,106.05855560302734,106.05855560302734,105.71484375,106.05757141113281,3136
2014-07-10,71.01317596435547,106.05757141113281,106.05855560302734,105.86215209960938,106.05855560302734,3054
2014-07-11,71.01384735107422,106.05855560302734,106.05855560302734,105.79341125488281,106.05855560302734,3085
2014-07-14,71.01384735107422,106.05855560302734,106.05855560302734,105.86215209960938,106.05855560302734,6150
2014-07-15,71.14534759521484,106.25495910644531,107.81932830810547,105.86705780029297,106.05855560302734,6904
2014-07-16,72.19737243652344,107.8261947631836,107.96759796142578,107.04058074951172,107.5315933227539,3034
2014-07-17,72.32889556884766,108.02259826660156,108.02259826660156,107.63077545166016,107.8261947631836,4185
2014-07-18,72.00012969970703,107.5315933227539,108.16990661621094,107.04254150390625,108.16990661621094,13960
2014-07-21,72.00012969970703,107.5315933227539,108.02162170410156,106.9492416381836,107.53060913085938,7138
2014-07-22,72.32889556884766,108.02259826660156,108.21900939941406,107.54238891601562,107.62979125976562,2189
2014-07-23,72.46041107177734,108.21900939941406,109.6920394897461,108.02555084228516,108.21900939941406,13482
2014-07-24,74.301513671875,110.96867370605469,110.96867370605469,108.71198272705078,109.00462341308594,3289
2014-07-25,76.14259338378906,113.71833801269531,113.71833801269531,109.29923248291016,110.96768951416016,4113
2014-07-28,75.6165771484375,112.9327163696289,113.91474151611328,109.98566436767578,113.91474151611328,12402
2014-07-29,76.27413940429688,113.91474151611328,114.40575408935547,110.98340606689453,113.4227523803711,6486
2014-07-30,76.14259338378906,113.71833801269531,116.56620788574219,112.63614654541016,115.38777923583984,8227
2014-07-31,75.69547271728516,113.0505599975586,114.69937896728516,112.44171142578125,113.71833801269531,2107
2014-08-01,74.63025665283203,111.45968627929688,111.75428771972656,107.04058074951172,108.02259826660156,7423
2014-08-04,74.95902252197266,111.95069885253906,113.41096496582031,110.4776611328125,111.3604965209961,3319
2014-08-05,74.89329528808594,111.85249328613281,112.73631286621094,110.96867370605469,112.73631286621094,4674
2014-08-06,73.77548217773438,110.18305206298828,111.5569076538086,108.12571716308594,110.96867370605469,2036
2014-08-07,73.97999572753906,110.48846435546875,111.54413604736328,110.4776611328125,111.16507720947266,7321
2014-08-08,72.98709869384766,109.00560760498047,110.96867370605469,109.00560760498047,110.57586669921875,4836
2014-08-11,74.8886947631836,111.84562683105469,111.84659576416016,109.00462341308594,109.49563598632812,4327
2014-08-12,74.8275375366211,111.75428771972656,111.84463500976562,110.08975982666016,111.84463500976562,1476
2014-08-13,74.88607025146484,111.84169006347656,111.84169006347656,110.97063446044922,111.70420837402344,2769
2014-08-14,72.39794921875,108.12571716308594,111.45870208740234,108.02456665039062,110.96867370605469,4246
2014-08-15,72.32889556884766,108.02259826660156,109.4946517944336,108.02259826660156,109.4946517944336,2830
2014-08-18,72.98643493652344,109.00462341308594,110.18207550048828,109.00462341308594,109.00462341308594,896
2014-08-19,73.06008911132812,109.11460876464844,110.07502746582031,109.0036392211914,109.0036392211914,621
2014-08-20,73.5124740600586,109.79024505615234,109.79024505615234,109.00462341308594,109.00462341308594,2199
2014-08-21,72.32694244384766,108.0196533203125,109.79024505615234,107.04058074951172,109.79024505615234,5417
2014-08-22,72.3946533203125,108.12080383300781,109.75096130371094,108.03340148925781,109.75096130371094,896
2014-08-25,73.47826385498047,109.73918151855469,109.73918151855469,108.04322052001953,108.04322052001953,1059
2014-08-26,72.40056610107422,108.129638671875,109.79122924804688,108.12080383300781,109.79024505615234,3095
2014-08-27,73.5124740600586,109.79024505615234,109.79024505615234,108.31720733642578,108.31720733642578,264
2014-08-28,73.31523132324219,109.49563598632812,110.96867370605469,109.49563598632812,110.9608154296875,3441
2014-08-29,74.63025665283203,111.45968627929688,111.45968627929688,109.3974380493164,109.3974380493164,2718
2014-09-01,74.301513671875,110.96867370605469,110.96867370605469,108.31819152832031,110.94805145263672,2494
2014-09-02,74.301513671875,110.96867370605469,110.96867370605469,109.05372619628906,110.84984588623047,2240
2014-09-03,74.10425567626953,110.67406463623047,110.96670532226562,109.8894271850586,110.96670532226562,1405
2014-09-04,74.301513671875,110.96867370605469,110.96867370605469,109.15193176269531,110.57586669921875,1639
2014-09-05,74.26862335205078,110.91957092285156,110.96867370605469,110.37945556640625,110.96768951416016,1293
2014-09-08,73.64462280273438,109.98763275146484,110.96867370605469,109.98664855957031,110.96768951416016,1924
2014-09-09,73.90702056884766,110.37945556640625,110.96768951416016,109.99745178222656,110.08485412597656,1659
2014-09-10,74.10293579101562,110.67210388183594,110.91858673095703,110.37945556640625,110.91858673095703,3665
2014-09-11,74.10425567626953,110.67406463623047,110.96867370605469,110.67406463623047,110.67406463623047,3584
2014-09-12,74.10425567626953,110.67406463623047,110.96867370605469,110.67406463623047,110.77227020263672,1619
2014-09-15,74.11740112304688,110.6937026977539,110.82136535644531,110.67406463623047,110.67406463623047,3594
2014-09-16,74.11740112304688,110.6937026977539,110.96670532226562,110.6937026977539,110.82136535644531,1568
2014-09-17,74.15620422363281,110.75164794921875,110.96572875976562,110.7231674194336,110.96572875976562,753
2014-09-18,74.13712310791016,110.7231674194336,110.72415161132812,110.675048828125,110.675048828125,1904
2014-09-19,74.301513671875,110.96867370605469,110.96867370605469,108.90642547607422,110.7231674194336,8370
2014-09-22,74.301513671875,110.96867370605469,110.96867370605469,110.67406463623047,110.96572875976562,5101
2014-09-23,74.30085754394531,110.96768951416016,110.96768951416016,110.77227020263672,110.77227020263672,132
2014-09-24,74.301513671875,110.96867370605469,110.96867370605469,110.77227020263672,110.77227020263672,4429
2014-09-25,74.301513671875,110.96867370605469,110.96867370605469,110.77227020263672,110.77324676513672,4368
2014-09-26,74.16999053955078,110.77227020263672,110.96867370605469,110.77227020263672,110.77521514892578,2617
2014-09-29,74.20287322998047,110.82136535644531,111.16409301757812,110.77227020263672,110.96867370605469,2393
2014-09-30,73.72945404052734,110.11431121826172,110.96867370605469,110.77324676513672,110.77324676513672,162
2014-10-01,74.20287322998047,110.82136535644531,113.91474151611328,107.04058074951172,110.67406463623047,5773
2014-10-02,75.55081939697266,112.83451843261719,112.83451843261719,109.00462341308594,110.82234954833984,6792
2014-10-03,74.89329528808594,111.85249328613281,111.85249328613281,108.03340148925781,109.49563598632812,5539
2014-10-06,73.97274780273438,110.4776611328125,110.96670532226562,109.69302368164062,110.96670532226562,1069
2014-10-07,73.31388854980469,109.4936752319336,109.79024505615234,108.61181640625,109.69400787353516,15040
2014-10-08,73.97274780273438,110.4776611328125,110.4776611328125,109.2039794921875,110.47570037841797,2830
2014-10-09,74.03784942626953,110.57488250732422,110.57488250732422,109.98468780517578,109.98566436767578,2250
2014-10-10,74.22920227050781,110.86064910888672,110.86064910888672,108.21900939941406,109.7931900024414,3441
2014-10-13,74.30085754394531,110.96768951416016,110.96867370605469,109.10577392578125,110.96670532226562,3441
2014-10-14,74.301513671875,110.96867370605469,110.96867370605469,109.49662017822266,110.77227020263672,1955
2014-10-15,73.64398956298828,109.98664855957031,110.86949157714844,109.6429443359375,109.98664855957031,1486
2014-10-16,72.98643493652344,109.00462341308594,109.98664855957031,109.00462341308594,109.98664855957031,5875
2014-10-17,72.98643493652344,109.00462341308594,109.00462341308594,109.00462341308594,109.00462341308594,0
2014-10-20,73.11792755126953,109.2010269165039,109.98664855957031,109.00560760498047,109.98566436767578,661
2014-10-21,72.52619171142578,108.31720733642578,108.31720733642578,108.31720733642578,108.31720733642578,6486
2014-10-22,72.19737243652344,107.8261947631836,108.31720733642578,107.43338775634766,107.8261947631836,1547
2014-10-23,71.01384735107422,106.05855560302734,107.8261947631836,106.05757141113281,107.8261947631836,5519
2014-10-24,72.00012969970703,107.5315933227539,107.5315933227539,105.86509704589844,106.05855560302734,1242
2014-10-27,71.11245727539062,106.20585632324219,107.12895965576172,105.08733367919922,106.54956817626953,2056
2014-10-28,71.6713638305664,107.04058074951172,107.56006622314453,106.0615005493164,107.04058074951172,651
2014-10-29,72.52619171142578,108.31720733642578,108.31720733642578,106.25495910644531,107.04058074951172,2525
2014-10-30,70.68505859375,105.56754302978516,108.31720733642578,105.56754302978516,108.31720733642578,2281
2014-10-31,70.68505859375,105.56754302978516,105.56754302978516,105.56754302978516,105.56754302978516,0
2014-11-03,71.6713638305664,107.04058074951172,107.8261947631836,106.05953979492188,106.05953979492188,631
2014-11-04,71.6713638305664,107.04058074951172,107.72799682617188,105.56754302978516,106.45136260986328,6211
2014-11-05,71.6713638305664,107.04058074951172,108.02259826660156,107.04058074951172,107.72799682617188,3879
2014-11-06,71.6713638305664,107.04058074951172,107.92440032958984,107.04058074951172,107.5315933227539,3054
2014-11-07,71.6713638305664,107.04058074951172,108.02259826660156,107.04058074951172,107.04058074951172,5845
2014-11-10,71.6713638305664,107.04058074951172,107.04058074951172,105.56754302978516,107.03959655761719,4918
2014-11-11,71.60562896728516,106.94237518310547,107.04058074951172,105.56754302978516,107.04058074951172,2667
2014-11-12,71.6713638305664,107.04058074951172,107.04058074951172,103.6034927368164,106.05855560302734,3441
2014-11-13,70.68505859375,105.56754302978516,106.74498748779297,105.56754302978516,105.56852722167969,1486
2014-11-14,70.3563003540039,105.07653045654297,105.56852722167969,104.48829650878906,105.56852722167969,1252
2014-11-17,70.09326934814453,104.68372344970703,105.4693374633789,103.79989624023438,104.87718200683594,5010
2014-11-18,69.35028076171875,103.57403564453125,105.07653045654297,103.57403564453125,104.69550323486328,6690
2014-11-19,69.43705749511719,103.70365905761719,104.97832489013672,103.6034927368164,103.6034927368164,987
2014-11-21,70.35498046875,105.07456970214844,105.07653045654297,103.70661163330078,105.07653045654297,763
2014-11-24,69.83094024658203,104.2918930053711,104.58551788330078,104.0945053100586,104.0945053100586,621
2014-11-25,70.02752685546875,104.58551788330078,104.58551788330078,104.0945053100586,104.58551788330078,855
2014-11-26,69.04122924804688,103.11248016357422,104.58453369140625,102.54095458984375,104.58453369140625,3726
2014-11-27,69.04122924804688,103.11248016357422,103.11248016357422,102.91706085205078,103.11248016357422,1700
2014-11-28,69.04122924804688,103.11248016357422,103.11248016357422,102.54095458984375,103.11150360107422,2688
2014-12-01,68.90972137451172,102.91607666015625,103.11150360107422,101.34778594970703,103.11051940917969,1710
2014-12-02,66.73985290527344,99.67539978027344,102.13046264648438,98.30056762695312,102.13046264648438,1598
2014-12-03,66.41114044189453,99.18438720703125,99.57621765136719,98.88978576660156,99.18438720703125,2413
2014-12-04,66.87135314941406,99.8718032836914,100.65644073486328,98.69337463378906,99.18438720703125,1221
2014-12-05,66.74114227294922,99.6773681640625,103.11150360107422,99.6773681640625,100.1654281616211,3513
2014-12-08,68.18643188476562,101.83585357666016,102.62049102783203,100.16641235351562,101.1484375,672
2014-12-09,69.69153594970703,104.08370208740234,104.58551788330078,101.83585357666016,101.83585357666016,3095
2014-12-10,68.71114349365234,102.6195068359375,103.11150360107422,100.26461791992188,103.11150360107422,1150
2014-12-11,69.36932373046875,103.6025161743164,103.99630737304688,101.94583892822266,102.13046264648438,336
2014-12-12,68.0549087524414,101.63945007324219,103.79891967773438,101.63945007324219,102.13636016845703,9124
2014-12-15,68.08778381347656,101.68854522705078,103.8489990234375,101.63945007324219,102.13046264648438,2067
2014-12-16,68.71245574951172,102.62146759033203,102.86599731445312,101.6492691040039,102.86599731445312,4358
2014-12-17,68.87682342529297,102.86697387695312,102.86697387695312,101.1533432006836,102.13046264648438,3187
2014-12-18,68.18712615966797,101.83683776855469,103.11051940917969,101.1533432006836,102.13046264648438,4399
2014-12-19,68.9754638671875,103.0142822265625,103.11150360107422,101.63945007324219,102.13046264648438,936
2014-12-22,69.04122924804688,103.11248016357422,103.11248016357422,101.15825653076172,103.01329803466797,2851
2014-12-23,69.5652847290039,103.89515686035156,103.89515686035156,103.11248016357422,103.80382537841797,702
2014-12-26,69.69878387451172,104.0945053100586,105.07653045654297,103.11248016357422,103.89417266845703,6914
2014-12-29,71.96724700927734,107.48249053955078,108.02259826660156,105.07554626464844,105.07554626464844,4144
2014-12-30,71.73712158203125,107.13877868652344,107.48249053955078,107.04058074951172,107.48249053955078,1395
2015-01-02,71.73712158203125,107.13877868652344,107.13877868652344,101.1484375,105.07653045654297,509
2015-01-05,72.98643493652344,109.00462341308594,111.65608978271484,107.04058074951172,108.02259826660156,2362
2015-01-06,72.32889556884766,108.02259826660156,108.99480438232422,108.02259826660156,108.99382019042969,285
2015-01-07,71.6713638305664,107.04058074951172,109.2000503540039,106.05855560302734,107.04058074951172,2505
2015-01-08,71.34261322021484,106.54956817626953,108.02162170410156,105.07653045654297,108.02162170410156,1323
2015-01-09,72.32889556884766,108.02259826660156,108.02259826660156,106.45136260986328,106.45136260986328,1476
2015-01-12,71.6713638305664,107.04058074951172,107.92440032958984,106.7459716796875,107.92440032958984,417
2015-01-13,72.00012969970703,107.5315933227539,107.5315933227539,107.04058074951172,107.23698425292969,529
2015-01-14,72.06587982177734,107.62979125976562,107.62979125976562,107.04548645019531,107.53060913085938,1629
2015-01-15,72.06587982177734,107.62979125976562,107.62979125976562,106.54956817626953,107.6288070678711,4460
2015-01-16,72.09877014160156,107.67889404296875,107.67889404296875,106.54956817626953,107.62979125976562,6985
2015-01-19,72.06587982177734,107.62979125976562,107.62979125976562,106.05855560302734,107.43240356445312,3614
2015-01-20,71.6713638305664,107.04058074951172,108.02162170410156,107.04058074951172,107.62979125976562,3757
2015-01-21,71.35706329345703,106.57117462158203,107.04155731201172,106.5701904296875,107.04155731201172,1537
2015-01-22,71.6713638305664,107.04058074951172,107.04058074951172,105.22383117675781,106.55349731445312,2820
2015-01-23,71.6713638305664,107.04058074951172,107.04058074951172,106.05855560302734,107.04058074951172,529
2015-01-26,71.34261322021484,106.54956817626953,107.53060913085938,106.25495910644531,107.04058074951172,2902
2015-01-27,71.07959747314453,106.15675354003906,106.548583984375,105.67556762695312,106.548583984375,2352
2015-01-28,71.01384735107422,106.05855560302734,106.15675354003906,102.32686614990234,106.15577697753906,6751
2015-01-29,70.3563003540039,105.07653045654297,105.56754302978516,103.26469421386719,105.27293395996094,2708
2015-01-30,70.3563003540039,105.07653045654297,105.07653045654297,105.07554626464844,105.07554626464844,2138
2015-02-02,69.04122924804688,103.11248016357422,105.07653045654297,103.11248016357422,105.07653045654297,1435
2015-02-03,68.6861343383789,102.58219146728516,105.07456970214844,101.19754028320312,104.0945053100586,2871
2015-02-04,67.39737701416016,100.65742492675781,102.58219146728516,99.18635559082031,102.58219146728516,6843
2015-02-05,67.06795501708984,100.1654281616211,101.63945007324219,98.4046630859375,101.1484375,7698
2015-02-06,68.18643188476562,101.83585357666016,101.83585357666016,100.16641235351562,101.14745330810547,722
2015-02-09,68.0549087524414,101.63945007324219,102.11965942382812,100.75660705566406,101.78675079345703,1089
2015-02-10,68.0549087524414,101.63945007324219,101.63945007324219,100.26461791992188,101.1484375,2586
2015-02-11,68.0549087524414,101.63945007324219,101.63945007324219,100.26461791992188,101.1484375,2454
2015-02-12,68.3836898803711,102.13046264648438,102.13046264648438,100.65742492675781,100.75563049316406,3299
2015-02-13,68.3836898803711,102.13046264648438,102.13046264648438,102.12947845458984,102.12947845458984,2494
2015-02-18,68.3836898803711,102.13046264648438,102.13046264648438,101.63945007324219,102.13046264648438,1863
2015-02-19,68.3836898803711,102.13046264648438,102.13046264648438,100.75563049316406,102.13046264648438,5427
2015-02-20,68.0549087524414,101.63945007324219,102.07154083251953,100.66724395751953,101.63945007324219,1109
2015-02-23,67.463134765625,100.75563049316406,101.63945007324219,100.17132568359375,101.63945007324219,2189
2015-02-24,68.0549087524414,101.63945007324219,101.63945007324219,101.24663543701172,101.34484100341797,3462
2015-02-25,67.72615051269531,101.1484375,101.63945007324219,98.20236206054688,101.63846588134766,6506
2015-02-26,67.72615051269531,101.1484375,101.1484375,98.20825958251953,101.14745330810547,3258
2015-02-27,67.6603775024414,101.05023193359375,101.14745330810547,99.2825927734375,100.16739654541016,2861
2015-03-02,67.06795501708984,100.1654281616211,103.11248016357422,100.1654281616211,100.65742492675781,3726
2015-03-03,67.06861114501953,100.16641235351562,101.1484375,100.04267883300781,100.06820678710938,2779
2015-03-04,67.07386779785156,100.17427062988281,101.14745330810547,100.17427062988281,100.65742492675781,977
2015-03-05,67.06861114501953,100.16641235351562,100.65742492675781,99.38079071044922,100.46102142333984,16343
2015-03-06,67.06861114501953,100.16641235351562,100.16641235351562,99.67539978027344,100.1644515991211,6975
2015-03-09,67.00286102294922,100.06820678710938,100.16641235351562,99.72744750976562,100.1654281616211,1792
2015-03-10,66.4123764038086,99.18635559082031,100.06820678710938,99.07734680175781,100.06820678710938,10152
2015-03-11,66.41114044189453,99.18438720703125,99.6744155883789,98.3123550415039,99.6744155883789,3991
2015-03-12,66.40450286865234,99.17456817626953,99.18438720703125,98.69534301757812,99.18438720703125,2240
2015-03-13,65.2281723022461,97.417724609375,99.18438720703125,97.417724609375,99.18438720703125,5295
2015-03-16,64.24121856689453,95.94371032714844,99.18438720703125,95.84550476074219,96.23831939697266,7270
2015-03-17,63.78096008300781,95.25629425048828,98.59517669677734,95.15808868408203,98.59419250488281,7036
2015-03-18,66.0165786743164,98.59517669677734,98.69239807128906,95.25629425048828,95.25629425048828,5610
2015-03-19,66.27960205078125,98.98798370361328,98.98798370361328,97.51494598388672,97.71134948730469,1731
2015-03-20,65.88505554199219,98.39877319335938,99.08618927001953,98.10416412353516,98.98798370361328,3401
2015-03-23,66.24669647216797,98.93888092041016,98.93888092041016,97.36764526367188,98.79059600830078,865
2015-03-24,65.49054718017578,97.80955505371094,98.69337463378906,97.22034454345703,98.57062530517578,4460
2015-03-25,65.49054718017578,97.80955505371094,97.80955505371094,97.22034454345703,97.22034454345703,2128
2015-03-26,65.75353240966797,98.20236206054688,98.98798370361328,97.24488830566406,97.24488830566406,2250
2015-03-27,66.27629852294922,98.98307037353516,98.98307037353516,97.71134948730469,97.71134948730469,2667
2015-03-30,66.27565002441406,98.98209381103516,99.6744155883789,98.98209381103516,98.98798370361328,1608
2015-03-31,66.80563354492188,99.77360534667969,100.06820678710938,97.71134948730469,99.62629699707031,5366
2015-04-01,67.06861114501953,100.16641235351562,101.1484375,98.74346160888672,99.77262115478516,7616
2015-04-02,66.40975952148438,99.18242645263672,100.1654281616211,98.39877319335938,99.18438720703125,3839
2015-04-06,66.40450286865234,99.17456817626953,99.57621765136719,98.79256439208984,99.18242645263672,2474
2015-04-07,66.73985290527344,99.67539978027344,99.8718032836914,99.2825927734375,99.2825927734375,4175
2015-04-08,66.74774932861328,99.68718719482422,100.16641235351562,99.38079071044922,99.38079071044922,1466
2015-04-09,66.47750854492188,99.2835693359375,100.1654281616211,99.2835693359375,99.6960220336914,8655
2015-04-10,67.00286102294922,100.06820678710938,100.1644515991211,99.45935821533203,99.6744155883789,977
2015-04-13,67.06795501708984,100.1654281616211,100.1654281616211,99.28553771972656,99.67539978027344,4857
2015-04-14,67.06861114501953,100.16641235351562,100.16641235351562,99.4406967163086,100.1644515991211,2168
2015-04-15,68.97482299804688,103.01329803466797,105.5174560546875,100.20569610595703,100.20569610595703,5722
2015-04-16,69.69549560546875,104.089599609375,105.5174560546875,102.62146759033203,103.0142822265625,2861
2015-04-17,69.69878387451172,104.0945053100586,104.0945053100586,103.11248016357422,104.0945053100586,4429
2015-04-20,70.02752685546875,104.58551788330078,104.58551788330078,103.6034927368164,104.0935287475586,3655
2015-04-22,70.32340240478516,105.02742767333984,105.07653045654297,103.70169830322266,104.58551788330078,5020
2015-04-23,70.35562133789062,105.07554626464844,105.07653045654297,104.63756561279297,105.02644348144531,2820
2015-04-24,70.3563003540039,105.07653045654297,106.05757141113281,104.69354248046875,105.07653045654297,4287
2015-04-27,72.32889556884766,108.02259826660156,108.02259826660156,104.58551788330078,106.05658721923828,5906
2015-04-28,72.92070770263672,108.90642547607422,109.49563598632812,106.7459716796875,106.74695587158203,6537
2015-04-29,72.3295669555664,108.0235824584961,111.95069885253906,107.53060913085938,109.00462341308594,9134
2015-04-30,74.8268814086914,111.75331115722656,111.75331115722656,109.446533203125,109.49563598632812,3889
2015-05-04,73.31523132324219,109.49563598632812,112.73042297363281,109.49563598632812,110.4776611328125,5234
2015-05-05,72.3946533203125,108.12080383300781,109.98664855957031,108.12080383300781,109.49760437011719,3869
2015-05-06,72.9897232055664,109.00953674316406,112.26887512207031,108.02259826660156,108.02259826660156,5162
2015-05-07,73.64398956298828,109.98664855957031,112.24530029296875,109.49563598632812,109.88746643066406,6853
2015-05-08,73.10479736328125,109.18138885498047,110.96867370605469,106.55054473876953,109.98664855957031,6008
2015-05-11,73.64527893066406,109.98860931396484,111.45870208740234,108.90642547607422,109.2010269165039,4113
2015-05-12,73.18367767333984,109.29923248291016,111.16409301757812,109.29923248291016,111.16409301757812,4083
2015-05-13,72.32889556884766,108.02259826660156,111.16311645507812,107.13976287841797,109.98566436767578,10213
2015-05-14,72.32889556884766,108.02259826660156,108.02259826660156,107.5325698852539,108.02259826660156,4307
2015-05-15,71.73776245117188,107.13976287841797,109.98468780517578,107.13976287841797,108.02162170410156,13339
2015-05-18,72.32889556884766,108.02259826660156,108.02259826660156,106.84416961669922,107.28608703613281,9144
2015-05-19,71.99949645996094,107.53060913085938,109.98468780517578,107.53060913085938,108.02162170410156,10519
2015-05-20,73.05219268798828,109.10282897949219,109.93656921386719,108.02259826660156,108.02259826660156,2209
2015-05-21,73.61112213134766,109.93754577636719,110.96768951416016,109.89532470703125,109.96209716796875,2973
2015-05-22,73.64398956298828,109.98664855957031,109.98664855957031,109.00462341308594,109.93656921386719,4439
2015-05-25,73.5124740600586,109.79024505615234,109.98664855957031,109.0036392211914,109.97977447509766,10834
2015-05-26,73.05219268798828,109.10282897949219,109.4936752319336,108.12276458740234,109.3974380493164,2606
2015-05-27,73.64329528808594,109.98566436767578,109.98664855957031,109.10282897949219,109.49563598632812,8462
2015-05-28,74.29559326171875,110.95983123779297,110.96572875976562,109.98566436767578,109.98664855957031,5468
2015-05-29,74.36725616455078,111.0668716430664,111.0668716430664,109.98664855957031,110.67799377441406,3390
2015-06-01,73.64398956298828,109.98664855957031,110.4776611328125,109.20201110839844,110.4776611328125,5621
2015-06-02,73.31523132324219,109.49563598632812,110.46292877197266,109.49563598632812,110.03575134277344,3777
2015-06-03,74.02531433105469,110.55622100830078,110.77227020263672,109.59384155273438,109.59384155273438,4816
2015-06-05,73.77548217773438,110.18305206298828,110.57586669921875,109.69695281982422,109.98763275146484,498
2015-06-08,73.90702056884766,110.37945556640625,110.57291412353516,109.69891357421875,110.18305206298828,5264
2015-06-09,73.31523132324219,109.49563598632812,110.37847900390625,109.49563598632812,110.37847900390625,6700
2015-06-10,72.92070770263672,108.90642547607422,109.98566436767578,108.90642547607422,109.49563598632812,8584
2015-06-11,73.18040466308594,109.29431915283203,109.3974380493164,108.02456665039062,109.39645385742188,2627
2015-06-12,72.37821197509766,108.09625244140625,109.29727172851562,108.09625244140625,108.80821990966797,4857
2015-06-15,72.98643493652344,109.00462341308594,109.00462341308594,108.10116577148438,108.10116577148438,4674
2015-06-16,73.05416107177734,109.10577392578125,109.39645385742188,108.71591186523438,109.00462341308594,3024
2015-06-17,72.92333221435547,108.91035461425781,109.3974380493164,108.77876281738281,109.39645385742188,6598
2015-06-18,73.24945831298828,109.3974380493164,109.3974380493164,109.00462341308594,109.29923248291016,6557
2015-06-19,73.24945831298828,109.3974380493164,109.3974380493164,109.10282897949219,109.3974380493164,6710
2015-06-22,73.10413360595703,109.18040466308594,109.29923248291016,108.12080383300781,109.29923248291016,4287
2015-06-23,73.05219268798828,109.10282897949219,109.2010269165039,108.99971771240234,109.2010269165039,7423
2015-06-24,73.11792755126953,109.2010269165039,109.2010269165039,108.41638946533203,109.00462341308594,4317
2015-06-25,72.98643493652344,109.00462341308594,109.10871887207031,108.80821990966797,109.10871887207031,12209
2015-06-26,73.1173095703125,109.2000503540039,109.2010269165039,108.71001434326172,108.80821990966797,25315
2015-06-29,75.28783416748047,112.44171142578125,112.44171142578125,109.88648223876953,109.88648223876953,8533
2015-06-30,74.301513671875,110.96867370605469,111.94971466064453,109.98664855957031,111.94971466064453,2281
2015-07-01,73.31451416015625,109.4946517944336,110.96376037597656,108.02259826660156,109.59481811523438,6069
2015-07-02,73.64398956298828,109.98664855957031,112.44072723388672,109.2010269165039,109.6920394897461,7525
2015-07-03,73.5124740600586,109.79024505615234,110.96572875976562,109.79024505615234,110.4776611328125,4439
2015-07-06,73.92343139648438,110.40400695800781,110.57488250732422,109.9768295288086,110.57488250732422,6955
2015-07-07,73.70904541015625,110.08386993408203,112.42108154296875,109.79024505615234,109.98664855957031,4164
2015-07-08,74.301513671875,110.96867370605469,112.39260864257812,109.98664855957031,109.98664855957031,1700
2015-07-10,74.29953002929688,110.96572875976562,110.96867370605469,110.675048828125,110.96867370605469,2077
2015-07-13,74.301513671875,110.96867370605469,110.96867370605469,109.98664855957031,110.96572875976562,7708
2015-07-14,74.17132568359375,110.77423095703125,111.36148071289062,110.4776611328125,110.86949157714844,4979
2015-07-15,74.301513671875,110.96867370605469,111.94971466064453,110.49729919433594,111.45968627929688,9470
2015-07-16,74.89329528808594,111.85249328613281,111.85249328613281,110.57586669921875,110.57586669921875,2566
2015-07-17,73.64398956298828,109.98664855957031,111.85249328613281,109.98664855957031,111.85249328613281,9022
2015-07-20,73.5124740600586,109.79024505615234,110.87046813964844,109.79024505615234,110.87046813964844,2291
2015-07-21,73.5782241821289,109.88844299316406,110.762451171875,109.79024505615234,110.762451171875,4806
2015-07-22,73.97405242919922,110.47962188720703,111.5569076538086,110.4776611328125,110.61514282226562,3849
2015-07-23,75.02216339111328,112.04496765136719,112.343505859375,110.47864532470703,110.47962188720703,5926
2015-07-24,74.301513671875,110.96867370605469,112.44072723388672,109.2010269165039,111.94971466064453,5529
2015-07-27,74.43301391601562,111.16507720947266,111.91828918457031,110.96867370605469,111.65608978271484,1578
2015-07-28,74.301513671875,110.96867370605469,111.95069885253906,109.2010269165039,111.95069885253906,3737
2015-07-29,74.63025665283203,111.45968627929688,111.95069885253906,110.97554779052734,111.94971466064453,2861
2015-07-30,73.64398956298828,109.98664855957031,111.95069885253906,109.98664855957031,111.36246490478516,6486
2015-07-31,73.97929382324219,110.48748016357422,111.45968627929688,110.18305206298828,111.45968627929688,2993
2015-08-03,73.97274780273438,110.4776611328125,110.4776611328125,107.04155731201172,110.08386993408203,3859
2015-08-04,74.301513671875,110.96867370605469,110.96867370605469,108.86419677734375,109.00462341308594,7077
2015-08-05,73.5782241821289,109.88844299316406,110.37847900390625,109.007568359375,110.37847900390625,2830
2015-08-06,73.31523132324219,109.49563598632812,109.88746643066406,108.02259826660156,109.88746643066406,3716
2015-08-07,72.98643493652344,109.00462341308594,109.88746643066406,106.7459716796875,109.78533172607422,2423
2015-08-10,73.31523132324219,109.49563598632812,109.88746643066406,107.14270782470703,109.00462341308594,2973
2015-08-11,73.31523132324219,109.49563598632812,109.49563598632812,107.5315933227539,107.5315933227539,4042
2015-08-12,74.04835510253906,110.59059143066406,110.59059143066406,107.15056610107422,108.02259826660156,13899
2015-08-13,73.8359603881836,110.27339935302734,111.114990234375,109.98664855957031,110.58960723876953,5020
2015-08-14,73.70970153808594,110.08485412597656,110.18305206298828,108.21900939941406,110.18207550048828,2331
2015-08-17,73.44670104980469,109.6920394897461,109.98468780517578,108.51361083984375,109.98468780517578,2576
2015-08-18,73.64398956298828,109.98664855957031,110.08386993408203,109.49956512451172,109.49956512451172,5325
2015-08-19,73.44670104980469,109.6920394897461,110.4737319946289,109.49563598632812,109.9768295288086,5040
2015-08-20,73.64398956298828,109.98664855957031,110.37945556640625,109.20201110839844,109.79024505615234,2107
2015-08-21,73.12451171875,109.21085357666016,110.47667694091797,109.21085357666016,110.37356567382812,9704
2015-08-24,73.38096618652344,109.59384155273438,110.0779800415039,109.00462341308594,109.21183013916016,1751
2015-08-25,72.46041107177734,108.21900939941406,109.2000503540039,107.04058074951172,109.00462341308594,1191
2015-08-26,73.5124740600586,109.79024505615234,109.98664855957031,107.5315933227539,107.5315933227539,2006
2015-08-27,73.70841979980469,110.0828857421875,110.0828857421875,108.51361083984375,108.51361083984375,3686
2015-08-28,74.301513671875,110.96867370605469,110.96867370605469,109.99253845214844,110.4776611328125,10183
2015-08-31,72.92070770263672,108.90642547607422,114.79856872558594,108.90642547607422,111.09829711914062,7851
2015-09-01,68.38499450683594,102.1324234008789,109.00462341308594,99.97000885009766,108.88677978515625,4317
2015-09-02,70.02752685546875,104.58551788330078,104.58551788330078,103.12918090820312,104.58453369140625,1354
2015-09-03,70.36288452148438,105.08634948730469,108.02259826660156,105.07653045654297,106.93058776855469,1395
2015-09-04,70.02752685546875,104.58551788330078,106.47787475585938,104.58551788330078,105.08733367919922,1405
2015-09-08,70.02621459960938,104.58355712890625,104.68470001220703,103.11543273925781,104.19271087646484,1333
2015-09-09,67.06861114501953,100.16641235351562,106.04873657226562,99.18438720703125,104.97832489013672,2841
2015-09-10,65.75353240966797,98.20236206054688,102.12849426269531,95.74730682373047,102.12849426269531,6883
2015-09-11,68.3836898803711,102.13046264648438,103.11150360107422,97.37059020996094,98.20040130615234,4134
2015-09-14,68.0549087524414,101.63945007324219,102.13046264648438,100.16641235351562,100.16641235351562,549
2015-09-15,67.72615051269531,101.1484375,103.10757446289062,100.3628158569336,102.13046264648438,1181
2015-09-16,67.39737701416016,100.65742492675781,100.65742492675781,98.20236206054688,100.16739654541016,1344
2015-09-17,67.39737701416016,100.65742492675781,100.65742492675781,100.36380004882812,100.65644073486328,2474
2015-09-18,67.39737701416016,100.65742492675781,100.65742492675781,98.79158020019531,100.65644073486328,3105
2015-09-21,67.39737701416016,100.65742492675781,100.65742492675781,99.18438720703125,99.77556610107422,712
2015-09-22,67.06861114501953,100.16641235351562,100.46102142333984,99.2825927734375,99.97000885009766,1507
2015-09-23,67.06861114501953,100.16641235351562,100.16641235351562,99.18341064453125,100.16641235351562,1242
2015-09-24,66.41114044189453,99.18438720703125,99.18438720703125,98.4085922241211,99.18438720703125,590
2015-09-25,66.41114044189453,99.18438720703125,99.18438720703125,98.69337463378906,99.18341064453125,2270
2015-09-28,66.08232116699219,98.69337463378906,99.18438720703125,98.30056762695312,99.18341064453125,1731
2015-09-29,66.34532165527344,99.08618927001953,99.08618927001953,98.69337463378906,98.98798370361328,997
2015-09-30,66.41114044189453,99.18438720703125,99.18438720703125,98.69337463378906,99.08618927001953,1272
2015-10-01,66.34532165527344,99.08618927001953,102.12947845458984,99.08618927001953,102.12947845458984,3238
2015-10-02,65.75353240966797,98.20236206054688,102.13046264648438,97.71626281738281,102.0302963256836,2433
2015-10-05,65.9508285522461,98.4969711303711,101.13861846923828,97.81053924560547,98.20236206054688,4572
2015-10-06,65.75353240966797,98.20236206054688,98.4969711303711,97.90776062011719,98.33002471923828,2851
2015-10-07,65.62200927734375,98.0059585571289,100.55921936035156,97.71134948730469,98.1149673461914,7443
2015-10-08,65.62200927734375,98.0059585571289,99.18438720703125,97.31854248046875,99.18438720703125,977
2015-10-09,65.12889862060547,97.26943969726562,98.0059585571289,96.34830474853516,98.0059585571289,2779
2015-10-13,64.43846130371094,96.23831939697266,97.22034454345703,94.56986236572266,97.22034454345703,11659
2015-10-14,64.43846130371094,96.23831939697266,96.23831939697266,95.25629425048828,95.25629425048828,1008
2015-10-15,65.12824249267578,97.26846313476562,97.26943969726562,95.45269775390625,96.21769714355469,3105
2015-10-16,65.75353240966797,98.20236206054688,100.1565933227539,97.26943969726562,97.26943969726562,2443
2015-10-19,64.6357421875,96.53292846679688,99.0812759399414,96.53292846679688,99.0812759399414,4633
2015-10-20,66.33153533935547,99.06556701660156,99.06556701660156,97.71626281738281,98.25146484375,1232
2015-10-21,67.06861114501953,100.16641235351562,100.16641235351562,98.98798370361328,98.98798370361328,814
2015-10-22,66.27960205078125,98.98798370361328,99.18438720703125,98.20236206054688,99.18438720703125,824
2015-10-23,65.75353240966797,98.20236206054688,98.59517669677734,96.82752990722656,98.20236206054688,5865
2015-10-26,65.75353240966797,98.20236206054688,98.20236206054688,97.76045227050781,98.20236206054688,1934
2015-10-27,65.75353240966797,98.20236206054688,98.20236206054688,97.51494598388672,98.20236206054688,967
2015-10-28,66.01325988769531,98.59026336669922,98.59026336669922,98.41742706298828,98.41742706298828,234
2015-10-29,66.14938354492188,98.79354095458984,103.11248016357422,98.79158020019531,98.79158020019531,3472
2015-10-30,68.18643188476562,101.83585357666016,101.83585357666016,99.1912612915039,101.14745330810547,2830
2015-11-03,65.22752380371094,97.416748046875,102.91607666015625,97.27042388916016,102.91607666015625,4236
2015-11-04,65.43135070800781,97.72117614746094,101.6355209350586,97.71134948730469,100.16641235351562,2179
2015-11-05,65.42477416992188,97.71134948730469,98.69828796386719,97.22034454345703,98.00694274902344,4674
2015-11-06,64.89942932128906,96.92671966552734,100.85284423828125,96.92573547363281,98.19745635986328,5071
2015-11-09,65.5477523803711,97.89498901367188,99.86984252929688,96.92573547363281,96.92573547363281,1863
2015-11-10,66.0816650390625,98.69239807128906,98.69337463378906,97.23114776611328,98.69141387939453,3584
2015-11-11,65.75353240966797,98.20236206054688,98.69239807128906,98.20040130615234,98.20138549804688,2953
2015-11-12,66.41114044189453,99.18438720703125,99.38079071044922,98.20236206054688,98.20236206054688,1089
2015-11-13,67.06861114501953,100.16641235351562,100.26461791992188,98.0059585571289,99.8708267211914,1568
2015-11-16,67.52759552001953,100.85186767578125,100.95006561279297,98.48715209960938,100.16641235351562,2168
2015-11-17,68.10030364990234,101.70720672607422,101.86040496826172,99.18438720703125,100.85186767578125,3828
2015-11-18,67.06861114501953,100.16641235351562,101.73470306396484,99.2865219116211,101.73470306396484,1120
2015-11-19,67.72615051269531,101.1484375,101.83486938476562,100.26461791992188,101.16807556152344,4358
2015-11-23,68.4034194946289,102.15991973876953,103.01133728027344,100.3628158569336,101.1484375,3085
2015-11-24,65.76014709472656,98.21218872070312,102.13046264648438,98.21218872070312,100.58082580566406,4989
2015-11-25,67.72615051269531,101.1484375,101.1484375,99.57916259765625,100.65447998046875,1853
2015-11-26,68.71245574951172,102.62146759033203,103.00347900390625,101.63846588134766,101.63846588134766,1690
2015-11-27,67.39737701416016,100.65742492675781,102.95830535888672,99.2825927734375,102.80609130859375,1069
2015-11-30,69.04122924804688,103.11248016357422,103.11248016357422,99.38079071044922,102.62146759033203,3370
2015-12-01,64.777099609375,96.74405670166016,108.98400115966797,96.53292846679688,108.02259826660156,9358
2015-12-02,69.04122924804688,103.11248016357422,103.11248016357422,97.2193603515625,97.22034454345703,3889
2015-12-03,67.72747039794922,101.15039825439453,102.6195068359375,98.39877319335938,102.13046264648438,448
2015-12-04,68.9754638671875,103.0142822265625,104.29090881347656,100.65742492675781,102.12358856201172,2179
2015-12-07,68.18643188476562,101.83585357666016,102.91510009765625,99.98866271972656,102.91510009765625,1904
2015-12-08,65.7548599243164,98.20433044433594,101.14745330810547,97.36764526367188,101.14745330810547,3900
2015-12-09,67.65972900390625,101.04925537109375,101.13959503173828,98.39974975585938,98.39974975585938,2790
2015-12-10,66.41114044189453,99.18438720703125,100.9471206665039,98.69337463378906,100.9471206665039,2515
2015-12-11,67.72615051269531,101.1484375,104.08468627929688,99.67539978027344,100.65055084228516,5122
2015-12-14,67.06861114501953,100.16641235351562,102.12849426269531,100.16641235351562,101.1484375,1079
2015-12-15,67.06861114501953,100.16641235351562,103.11248016357422,100.16641235351562,102.62146759033203,1822
2015-12-16,64.80799865722656,96.79021453857422,102.62932586669922,96.73030853271484,102.13143920898438,6873
2015-12-17,65.43135070800781,97.72117614746094,100.16346740722656,92.31022644042969,92.31022644042969,4755
2015-12-18,64.51604461669922,96.35419464111328,99.18341064453125,96.14698791503906,98.20138549804688,1486
2015-12-21,64.43846130371094,96.23831939697266,98.10416412353516,93.34134674072266,98.10416412353516,6272
2015-12-22,65.75353240966797,98.20236206054688,98.20236206054688,94.7652816772461,97.2193603515625,4205
2015-12-23,63.78752899169922,95.26611328125,98.20040130615234,95.26611328125,98.20040130615234,1639
2015-12-28,65.6805648803711,98.0933609008789,98.10317993164062,95.748291015625,95.748291015625,437
2015-12-29,65.68712615966797,98.10317993164062,98.10317993164062,97.23114776611328,98.1021957397461,1242
2015-12-30,65.48460388183594,97.80072021484375,98.0933609008789,95.748291015625,98.0933609008789,1344
2016-01-04,65.67989349365234,98.09237670898438,98.20138549804688,97.12213897705078,97.21739196777344,1547
2016-01-05,64.12286376953125,95.7669448852539,98.00497436523438,95.7669448852539,97.22034454345703,977
2016-01-06,65.75160217285156,98.19941711425781,98.20236206054688,94.32337188720703,96.72933197021484,7280
2016-01-07,65.75353240966797,98.20236206054688,98.20236206054688,97.71134948730469,97.71134948730469,407
2016-01-08,65.09600830078125,97.22034454345703,97.22034454345703,94.2742691040039,95.25629425048828,3034
2016-01-11,65.0966796875,97.22132110595703,98.20236206054688,97.22034454345703,98.20236206054688,498
2016-01-12,65.0966796875,97.22132110595703,98.19941711425781,97.22132110595703,97.22132110595703,1364
2016-01-13,65.1617660522461,97.31854248046875,97.7064437866211,97.31854248046875,97.7064437866211,203
2016-01-14,65.09600830078125,97.22034454345703,97.70938873291016,97.22034454345703,97.31952667236328,2708
2016-01-15,65.42477416992188,97.71134948730469,97.71134948730469,97.22034454345703,97.22034454345703,2270
2016-01-18,65.1617660522461,97.31854248046875,97.71134948730469,97.31854248046875,97.71037292480469,488
2016-01-19,65.09600830078125,97.22034454345703,98.0059585571289,97.22034454345703,97.71037292480469,4480
2016-01-20,63.782257080078125,95.25825500488281,97.22034454345703,95.25629425048828,97.22034454345703,794
2016-01-21,64.1083984375,95.7453384399414,95.74730682373047,92.31022644042969,94.7652816772461,2056
2016-01-22,63.64942169189453,95.05989074707031,95.7453384399414,94.17607116699219,95.7453384399414,173
2016-01-26,60.36241912841797,90.15074920654297,95.74239349365234,89.85516357421875,95.74239349365234,6028
2016-01-27,58.524600982666016,87.40599822998047,90.15074920654297,86.51726531982422,90.15074920654297,3869
2016-01-28,59.17819595336914,88.38212585449219,88.87117767333984,85.4360580444336,88.38212585449219,2973
2016-01-29,59.17819595336914,88.38212585449219,88.38212585449219,84.45403289794922,86.71268463134766,4511
2016-02-01,58.39048385620117,87.2056655883789,88.87215423583984,86.53199768066406,88.87215423583984,3553
2016-02-02,58.189239501953125,86.90516662597656,87.39912414550781,83.5702133178711,87.39912414550781,3726
2016-02-03,58.189910888671875,86.90614318847656,86.90614318847656,83.47299194335938,85.43704223632812,6527
2016-02-04,57.20558547973633,85.4360580444336,86.80990600585938,82.489990234375,86.80990600585938,3910
2016-02-05,57.20558547973633,85.4360580444336,85.4360580444336,83.96694946289062,85.43408966064453,2056
2016-02-10,57.204933166503906,85.43507385253906,85.63246154785156,84.071044921875,85.63246154785156,610
2016-02-11,56.876827239990234,84.9450454711914,86.41808319091797,84.45403289794922,85.43704223632812,5895
2016-02-12,57.86376953125,86.41905975341797,86.90614318847656,84.94406127929688,86.80892944335938,4215
2016-02-15,57.86313247680664,86.41808319091797,88.38212585449219,85.54408264160156,86.90516662597656,10783
2016-02-16,58.48778533935547,87.35100555419922,88.87313842773438,86.4239730834961,87.89111328125,8075
2016-02-17,59.506954193115234,88.87313842773438,92.30924224853516,87.10648345947266,88.18670654296875,4449
2016-02-18,58.652164459228516,87.59651184082031,89.85614776611328,87.59651184082031,89.85614776611328,682
2016-02-19,59.17819595336914,88.38212585449219,88.38212585449219,86.90909576416016,87.40010833740234,2128
2016-02-22,58.191917419433594,86.90909576416016,90.98448944091797,86.90909576416016,88.38212585449219,2260
2016-02-23,57.53435516357422,85.92707061767578,87.39912414550781,85.4360580444336,86.41709899902344,7474
2016-02-24,57.86313247680664,86.41808319091797,86.41808319091797,84.55419921875,85.92707061767578,6354
2016-02-25,57.86313247680664,86.41808319091797,86.41808319091797,85.14144897460938,85.92707061767578,5397
2016-02-26,57.86313247680664,86.41808319091797,90.93146514892578,85.92707061767578,86.41808319091797,3502
2016-02-29,57.86313247680664,86.41808319091797,90.44339752197266,86.12445831298828,87.89013671875,4989
2016-03-01,57.655982971191406,86.1087417602539,87.89013671875,86.1087417602539,86.42102813720703,6669
2016-03-02,57.533695220947266,85.92608642578125,85.92707061767578,84.9450454711914,85.92707061767578,8360
2016-03-03,58.191917419433594,86.90909576416016,90.3442153930664,85.92608642578125,85.92707061767578,5285
2016-03-04,58.71791076660156,87.69470977783203,90.14878845214844,87.4992904663086,90.14878845214844,1649
2016-03-07,60.164493560791016,89.85516357421875,90.08692169189453,88.38212585449219,88.38311004638672,519
2016-03-08,60.23024368286133,89.953369140625,90.34716033935547,88.87313842773438,89.84927368164062,3350
2016-03-09,60.49327087402344,90.34617614746094,90.34617614746094,89.36415100097656,89.953369140625,1568
2016-03-10,61.47957992553711,91.8192138671875,93.24314880371094,89.36415100097656,90.34617614746094,3859
2016-03-11,62.794647216796875,93.78325653076172,96.04093170166016,90.64078521728516,92.30825805664062,3075
2016-03-14,63.12339782714844,94.2742691040039,96.63014221191406,93.88146209716797,95.25531005859375,3523
2016-03-15,63.78096008300781,95.25629425048828,96.6311264038086,94.2742691040039,95.15711212158203,6781
2016-03-16,63.12339782714844,94.2742691040039,96.72834777832031,93.58685302734375,94.27328491210938,3421
2016-03-17,65.0302734375,97.12213897705078,97.22034454345703,93.78325653076172,96.23733520507812,4063
2016-03-18,65.75353240966797,98.20236206054688,101.12879180908203,97.22034454345703,97.22034454345703,1191
2016-03-21,65.68846130371094,98.10514831542969,99.67539978027344,97.22034454345703,98.20236206054688,4898
2016-03-22,66.08232116699219,98.69337463378906,102.71672821044922,96.72933197021484,97.31854248046875,2372
2016-03-23,66.87135314941406,99.8718032836914,102.03225708007812,96.82752990722656,102.03225708007812,5010
2016-03-24,66.87135314941406,99.8718032836914,99.8718032836914,98.30155181884766,99.77360534667969,2443
2016-03-28,66.87135314941406,99.8718032836914,99.8718032836914,98.34967041015625,99.6744155883789,3452
2016-03-29,65.75353240966797,98.20236206054688,99.97000885009766,98.20236206054688,99.8718032836914,2107
2016-03-30,66.41040802001953,99.18341064453125,99.18341064453125,98.0059585571289,98.20236206054688,4287
2016-03-31,66.87135314941406,99.8718032836914,100.55921936035156,98.20236206054688,99.62629699707031,1975
2016-04-01,66.41114044189453,99.18438720703125,99.18438720703125,98.20236206054688,98.20236206054688,1384
2016-04-04,65.75353240966797,98.20236206054688,98.98798370361328,97.02393341064453,98.6943588256836,2454
2016-04-05,65.68780517578125,98.10416412353516,99.18438720703125,94.27721405029297,96.83047485351562,2067
2016-04-06,66.08232116699219,98.69337463378906,98.69337463378906,96.24519348144531,98.10416412353516,2647
2016-04-07,65.0953598022461,97.2193603515625,98.69337463378906,95.74730682373047,98.69239807128906,2158
2016-04-08,65.42477416992188,97.71134948730469,98.54508972167969,97.21837615966797,97.22034454345703,1883
2016-04-11,65.42477416992188,97.71134948730469,99.67539978027344,96.2579574584961,97.22034454345703,2708
2016-04-12,65.42477416992188,97.71134948730469,98.0933609008789,97.71134948730469,97.71233367919922,407
2016-04-13,65.9475326538086,98.4920654296875,99.085205078125,97.22034454345703,98.0059585571289,1466
2016-04-14,65.62200927734375,98.0059585571289,98.44689178466797,97.22034454345703,98.39877319335938,1384
2016-04-15,67.06861114501953,100.16641235351562,101.05023193359375,97.12312316894531,98.00497436523438,3238
2016-04-18,69.04058074951172,103.11150360107422,103.11150360107422,98.69337463378906,100.16641235351562,1558
2016-04-19,67.06795501708984,100.1654281616211,101.93405151367188,99.18537139892578,101.1484375,3401
2016-04-20,67.72615051269531,101.1484375,102.12849426269531,99.2825927734375,100.65742492675781,6415
2016-04-22,66.42224884033203,99.20108032226562,100.06723022460938,98.69337463378906,99.67638397216797,3126
2016-04-25,67.06795501708984,100.1654281616211,101.04925537109375,99.67638397216797,100.06820678710938,1466
2016-04-26,67.72615051269531,101.1484375,101.54124450683594,99.8718032836914,100.1654281616211,2729
2016-04-27,68.38301849365234,102.12947845458984,102.13046264648438,100.16641235351562,101.1484375,4368
2016-04-28,68.05689239501953,101.64239501953125,103.11150360107422,101.63945007324219,102.13046264648438,3370
2016-04-29,67.06861114501953,100.16641235351562,103.11150360107422,100.16641235351562,102.13046264648438,6089
2016-05-02,66.73985290527344,99.67539978027344,101.04925537109375,99.18438720703125,100.3628158569336,1303
2016-05-03,67.06861114501953,100.16641235351562,100.16641235351562,98.69927215576172,99.67539978027344,1944
2016-05-04,67.1507797241211,100.2891616821289,105.56754302978516,99.6783447265625,100.06820678710938,3706
2016-05-05,71.01384735107422,106.05855560302734,106.548583984375,100.65938568115234,103.11248016357422,1252
2016-05-06,71.53987884521484,106.84416961669922,107.86449432373047,102.13046264648438,102.91607666015625,641
2016-05-09,69.04122924804688,103.11248016357422,106.84416961669922,102.62146759033203,106.84416961669922,4979
2016-05-10,68.84396362304688,102.81787872314453,103.11248016357422,101.1484375,103.11150360107422,13584
2016-05-11,69.3699951171875,103.6034927368164,106.05855560302734,102.81787872314453,104.97734832763672,4887
2016-05-12,70.3563003540039,105.07653045654297,105.9603500366211,102.9219741821289,102.9219741821289,3716
2016-05-13,70.88231658935547,105.86215209960938,106.7459716796875,105.86215209960938,105.86215209960938,845
2016-05-16,71.40838623046875,106.64776611328125,107.04058074951172,106.05855560302734,106.64776611328125,4592
2016-05-17,72.26248168945312,107.92341613769531,107.92341613769531,106.75579071044922,107.8252182006836,2891
2016-05-18,72.19673919677734,107.8252182006836,107.92341613769531,106.76266479492188,107.92341613769531,1873
2016-05-19,72.00012969970703,107.5315933227539,107.82423400878906,106.93058776855469,107.82423400878906,2708
2016-05-20,71.24396514892578,106.40225982666016,107.04254150390625,105.17768096923828,107.04254150390625,3329
2016-05-23,71.34261322021484,106.54956817626953,106.54956817626953,105.37408447265625,106.39636993408203,3523
2016-05-24,70.35562133789062,105.07554626464844,106.548583984375,105.07554626464844,106.05855560302734,3930
2016-05-25,70.3563003540039,105.07653045654297,106.05855560302734,103.55439758300781,105.07653045654297,8961
2016-05-27,70.3563003540039,105.07653045654297,105.9603500366211,104.38911437988281,105.9603500366211,2311
2016-05-30,71.01384735107422,106.05855560302734,106.45037841796875,105.07653045654297,105.07653045654297,1904
2016-05-31,69.89602661132812,104.38911437988281,106.4425277709961,104.28993225097656,106.4425277709961,5834
2016-06-01,69.89602661132812,104.38911437988281,107.92341613769531,103.30889129638672,104.38911437988281,3971
2016-06-02,68.64667510986328,102.52326965332031,104.38813018798828,101.64042663574219,104.0945053100586,4745
2016-06-03,68.38436126708984,102.13143920898438,102.52326965332031,101.78773498535156,102.52228546142578,2260
2016-06-06,68.64604187011719,102.52228546142578,102.52326965332031,101.64042663574219,102.52326965332031,6344
2016-06-07,68.64667510986328,102.52326965332031,102.52326965332031,102.03225708007812,102.52326965332031,1374
2016-06-08,68.37380981445312,102.11573028564453,104.04933166503906,101.83683776855469,102.08332061767578,5539
2016-06-09,69.04122924804688,103.11248016357422,103.11248016357422,101.63945007324219,102.32784271240234,6323
2016-06-10,70.3563003540039,105.07653045654297,105.4693374633789,102.23062896728516,104.07682800292969,3258
2016-06-13,69.69878387451172,104.0945053100586,105.07653045654297,103.21068572998047,105.07554626464844,5590
2016-06-14,69.2457046508789,103.41789245605469,105.07653045654297,103.211669921875,105.07653045654297,4816
2016-06-15,69.69878387451172,104.0945053100586,104.68175506591797,103.30986785888672,104.68175506591797,2189
2016-06-16,70.1590347290039,104.78192138671875,104.8369140625,103.31871032714844,104.0935287475586,4643
2016-06-17,70.15838623046875,104.78093719482422,104.78192138671875,103.79989624023438,104.78093719482422,3156
2016-06-20,70.1590347290039,104.78192138671875,104.78192138671875,103.70169830322266,104.77996063232422,4337
2016-06-21,70.02752685546875,104.58551788330078,104.73184204101562,104.0945053100586,104.73184204101562,1364
2016-06-22,69.69878387451172,104.0945053100586,104.58551788330078,103.89810180664062,104.58453369140625,3024
2016-06-23,69.69878387451172,104.0945053100586,104.38911437988281,103.70169830322266,104.38911437988281,3635
2016-06-24,70.02752685546875,104.58551788330078,104.78192138671875,103.8008804321289,104.38911437988281,5610
2016-06-27,69.50148010253906,103.79989624023438,104.58453369140625,103.79989624023438,104.58453369140625,2779
2016-06-28,69.3699951171875,103.6034927368164,104.0945053100586,103.30889129638672,104.0935287475586,6792
2016-06-29,69.69878387451172,104.0945053100586,104.0945053100586,104.0945053100586,104.0945053100586,2627
2016-06-30,70.3563003540039,105.07653045654297,105.56754302978516,104.24279022216797,104.97832489013672,1038
2016-07-01,70.3563003540039,105.07653045654297,110.47667694091797,104.29090881347656,107.82423400878906,7138
2016-07-04,69.3699951171875,103.6034927368164,105.07653045654297,102.91607666015625,104.87718200683594,5712
2016-07-05,69.96111297607422,104.48633575439453,104.48731231689453,103.0142822265625,104.38813018798828,3065
2016-07-06,69.30423736572266,103.50529479980469,107.62979125976562,103.50529479980469,104.58650207519531,3798
2016-07-07,69.04122924804688,103.11248016357422,103.99532318115234,102.71967315673828,103.50529479980469,3319
2016-07-08,69.04122924804688,103.11248016357422,103.11248016357422,102.71967315673828,103.11248016357422,9052
2016-07-11,69.3699951171875,103.6034927368164,103.6034927368164,102.27972412109375,103.11150360107422,11415
2016-07-12,69.3699951171875,103.6034927368164,104.0945053100586,103.3619155883789,103.6025161743164,5458
2016-07-13,69.10698699951172,103.21068572998047,103.6034927368164,102.9219741821289,103.6025161743164,3706
2016-07-14,70.02752685546875,104.58551788330078,104.58551788330078,103.60447692871094,104.09156036376953,7769
2016-07-15,70.68570709228516,105.56852722167969,108.02259826660156,104.09745025634766,104.58453369140625,4419
2016-07-18,73.5124740600586,109.79024505615234,109.79024505615234,104.11022186279297,109.78926086425781,4959
2016-07-19,75.41931915283203,112.63811492919922,112.9327163696289,108.03536987304688,109.78926086425781,7515
2016-07-20,74.96232604980469,111.95560455322266,113.76449584960938,111.95560455322266,112.44171142578125,1731
2016-07-21,74.89329528808594,111.85249328613281,117.05623626708984,110.96867370605469,113.52193450927734,3278
2016-07-22,75.94535064697266,113.4237289428711,113.42471313476562,111.16606140136719,111.85249328613281,2749
2016-07-25,77.45767974853516,115.68238830566406,117.05034637451172,113.91474151611328,114.30460357666016,1680
2016-07-26,78.57550048828125,117.3518295288086,120.78105163574219,114.89676666259766,115.68238830566406,1069
2016-07-27,78.57550048828125,117.3518295288086,117.3518295288086,114.99791717529297,117.348876953125,1710
2016-07-28,78.24673461914062,116.8608169555664,117.74463653564453,115.09415435791016,117.3518295288086,1883
2016-07-29,78.11522674560547,116.66441345214844,120.10050964355469,115.38777923583984,116.85884857177734,2993
2016-08-01,76.93231964111328,114.89775085449219,120.29789733886719,112.04988098144531,112.04988098144531,5285
2016-08-02,78.83850860595703,117.74463653564453,117.74463653564453,114.9949722290039,114.9949722290039,2270
2016-08-03,77.78643798828125,116.17340087890625,117.74365234375,114.89676666259766,117.74365234375,1089
2016-08-04,77.58919525146484,115.87879180908203,116.6634292602539,114.70919799804688,116.17241668701172,1089
2016-08-05,76.93164825439453,114.89676666259766,115.87879180908203,114.21033477783203,115.87879180908203,1700
2016-08-08,78.11522674560547,116.66441345214844,116.66441345214844,114.40673828125,114.40673828125,916
2016-08-09,78.11522674560547,116.66441345214844,116.66441345214844,114.89971160888672,116.66441345214844,1690
2016-08-10,78.70698547363281,117.54823303222656,117.54823303222656,115.87879180908203,116.66441345214844,997
2016-08-11,77.12958526611328,115.19235229492188,116.76261138916016,115.19235229492188,116.76162719726562,509
2016-08-12,76.2747573852539,113.91572570800781,115.09513854980469,112.44171142578125,115.09513854980469,4327
2016-08-15,76.60289764404297,114.40575408935547,114.40575408935547,112.9327163696289,113.91375732421875,3004
2016-08-16,76.99738311767578,114.9949722290039,114.9949722290039,113.4237289428711,114.40575408935547,3299
2016-08-17,77.05000305175781,115.07353210449219,115.07353210449219,113.91474151611328,114.99398803710938,2525
2016-08-18,77.05000305175781,115.07353210449219,115.07353210449219,113.42962646484375,113.43453216552734,1038
2016-08-19,77.05000305175781,115.07353210449219,115.07353210449219,114.01490783691406,114.89676666259766,3380
2016-08-22,75.68230438232422,113.03092193603516,115.07254791259766,113.03092193603516,115.07254791259766,4144
2016-08-23,76.93164825439453,114.89676666259766,114.89676666259766,113.52193450927734,114.11114501953125,1272
2016-08-24,76.93164825439453,114.89676666259766,114.89676666259766,113.03092193603516,113.91474151611328,1914
2016-08-25,76.93164825439453,114.89676666259766,114.89676666259766,113.08395385742188,114.7975845336914,5478
2016-08-26,76.93164825439453,114.89676666259766,114.89676666259766,114.01785278320312,114.7975845336914,2739
2016-08-29,76.60289764404297,114.40575408935547,114.89676666259766,114.40575408935547,114.40673828125,1171
2016-08-30,76.27413940429688,113.91474151611328,114.9164047241211,113.91474151611328,114.89676666259766,3930
2016-08-31,76.07683563232422,113.62013244628906,113.91474151611328,113.33043670654297,113.81654357910156,4042
2016-09-01,75.1431655883789,112.22566223144531,115.87879180908203,110.96867370605469,114.40575408935547,2922
2016-09-02,74.89329528808594,111.85249328613281,112.04889678955078,110.18698120117188,110.96867370605469,4225
2016-09-05,74.89329528808594,111.85249328613281,112.04792022705078,110.97260284423828,112.04792022705078,1578
2016-09-06,74.95902252197266,111.95069885253906,111.95069885253906,111.16606140136719,111.85150909423828,1313
2016-09-08,74.95902252197266,111.95069885253906,112.83451843261719,110.96867370605469,112.04792022705078,2036
2016-09-09,74.63025665283203,111.45968627929688,111.96346282958984,111.12579345703125,111.96346282958984,1171
2016-09-12,74.8275375366211,111.75428771972656,111.95069885253906,110.96867370605469,111.95069885253906,1008
2016-09-13,74.63025665283203,111.45968627929688,111.94774627685547,108.02652740478516,111.94774627685547,1252
2016-09-14,73.71630096435547,110.09467315673828,110.86949157714844,109.00462341308594,109.59384155273438,2118
2016-09-15,74.301513671875,110.96867370605469,111.84954833984375,110.77227020263672,110.77227020263672,4337
2016-09-16,74.35868835449219,111.05410766601562,111.45870208740234,110.4776611328125,110.47864532470703,5458
2016-09-19,74.81439208984375,111.73464965820312,111.94087219238281,109.88844299316406,111.0531234741211,12382
2016-09-20,74.92549896240234,111.9006118774414,111.9006118774414,110.96867370605469,111.73170471191406,1120
2016-09-21,74.43301391601562,111.16507720947266,112.92584228515625,111.16507720947266,111.465576171875,1771
2016-09-22,75.61460876464844,112.92977142333984,113.81555938720703,108.62359619140625,112.73631286621094,9622
2016-09-23,77.58919525146484,115.87879180908203,115.87879180908203,112.24530029296875,112.73533630371094,10111
2016-09-26,76.27413940429688,113.91474151611328,115.77764129638672,113.71833801269531,115.77764129638672,1853
2016-09-27,76.27413940429688,113.91474151611328,115.58123779296875,113.32553100585938,113.91572570800781,1252
2016-09-28,76.93164825439453,114.89676666259766,114.89676666259766,112.05577087402344,114.89087677001953,3645
2016-09-29,76.86459350585938,114.79660034179688,114.89676666259766,113.91670989990234,114.89578247070312,1059
2016-09-30,76.27413940429688,113.91474151611328,114.89480590820312,111.0668716430664,114.79856872558594,3146
2016-10-03,75.8138656616211,113.22732543945312,114.89480590820312,112.255126953125,114.60215759277344,1619
2016-10-04,76.27413940429688,113.91474151611328,114.40476989746094,112.9327163696289,113.91474151611328,1395
2016-10-05,76.60289764404297,114.40575408935547,114.40575408935547,113.42765808105469,114.11016845703125,2250
2016-10-06,76.60289764404297,114.40575408935547,114.40575408935547,113.43060302734375,114.40476989746094,1517
2016-10-07,76.47136688232422,114.2093505859375,116.85983276367188,114.11114501953125,114.40476989746094,2637
2016-10-10,75.28783416748047,112.44171142578125,116.85884857177734,111.2632827758789,114.94586944580078,6537
2016-10-11,75.94535064697266,113.4237289428711,114.30362701416016,112.44465637207031,112.44465637207031,9103
2016-10-13,75.74810028076172,113.1291275024414,113.42078399658203,108.02259826660156,113.42078399658203,4836
2016-10-14,75.61591339111328,112.9317398071289,113.32454681396484,111.16606140136719,111.16606140136719,2759
2016-10-17,75.28712463378906,112.44072723388672,112.83451843261719,111.2632827758789,112.83353424072266,5335
2016-10-18,75.94535064697266,113.4237289428711,113.4237289428711,111.95069885253906,112.44072723388672,4409
2016-10-19,75.28910064697266,112.44367218017578,113.4237289428711,112.24628448486328,113.4227523803711,3818
2016-10-20,75.87960052490234,113.32553100585938,113.4237289428711,112.9317398071289,113.32454681396484,7525
2016-10-21,75.94535064697266,113.4237289428711,113.4237289428711,112.9327163696289,113.4227523803711,5020
2016-10-24,75.94535064697266,113.4237289428711,113.4237289428711,113.04663848876953,113.4227523803711,1853
2016-10-25,75.94535064697266,113.4237289428711,113.4237289428711,112.9327163696289,113.4227523803711,1751
2016-10-26,75.94535064697266,113.4237289428711,113.4237289428711,112.73729705810547,113.41783905029297,4439
2016-10-27,75.94535064697266,113.4237289428711,113.4237289428711,112.73631286621094,112.9317398071289,4836
2016-10-28,75.94535064697266,113.4237289428711,113.4237289428711,112.94254302978516,113.4227523803711,5437
2016-10-31,75.28712463378906,112.44072723388672,113.4237289428711,111.95069885253906,113.4237289428711,5111
2016-11-01,74.66315460205078,111.5087890625,112.44072723388672,109.98664855957031,112.44072723388672,2535
2016-11-03,75.28783416748047,112.44171142578125,117.35084533691406,110.08485412597656,111.36148071289062,9032
2016-11-04,76.27413940429688,113.91474151611328,114.8938217163086,112.44171142578125,112.44268798828125,3645
2016-11-07,77.98307800292969,116.46702575683594,116.8608169555664,113.23518371582031,113.91375732421875,4307
2016-11-08,75.61527252197266,112.93075561523438,116.36882019042969,110.96867370605469,116.36882019042969,8421
2016-11-09,74.63025665283203,111.45968627929688,112.83451843261719,110.18403625488281,112.83353424072266,2281
2016-11-10,75.61527252197266,112.93075561523438,112.93075561523438,110.96867370605469,112.92977142333984,4959
2016-11-11,73.65188598632812,109.9984359741211,111.45968627929688,109.99745178222656,110.29696655273438,4449
2016-11-14,74.63025665283203,111.45968627929688,111.45968627929688,110.18403625488281,111.09829711914062,6130
2016-11-16,74.23575592041016,110.87046813964844,111.45870208740234,110.48551940917969,111.45870208740234,4409
2016-11-17,74.28839111328125,110.94903564453125,111.40763854980469,109.00462341308594,110.96867370605469,7474
2016-11-18,72.98643493652344,109.00462341308594,110.94903564453125,107.163330078125,110.94903564453125,8146
2016-11-21,73.51115417480469,109.78827667236328,109.78827667236328,106.16068267822266,109.0036392211914,5458
2016-11-22,73.11792755126953,109.2010269165039,111.84758758544922,109.01248168945312,109.78827667236328,3553
2016-11-23,74.03849029541016,110.57586669921875,111.65608978271484,109.01346588134766,109.01346588134766,1160
2016-11-24,74.580322265625,111.38504791259766,111.38504791259766,110.57586669921875,110.57586669921875,366
2016-11-25,73.70970153808594,110.08485412597656,111.38407135009766,109.10282897949219,111.38407135009766,3054
2016-11-28,73.31523132324219,109.49563598632812,110.08485412597656,108.71099853515625,110.0828857421875,5570
2016-11-29,72.32889556884766,108.02259826660156,109.49563598632812,107.63077545166016,109.49563598632812,3655
2016-11-30,72.39598846435547,108.12276458740234,109.4946517944336,107.43338775634766,109.48385620117188,1853
2016-12-01,73.0515365600586,109.10184478759766,112.93075561523438,108.02259826660156,109.4936752319336,1374
2016-12-02,73.11792755126953,109.2010269165039,109.2010269165039,108.02259826660156,109.10184478759766,763
2016-12-05,72.32823944091797,108.02162170410156,109.2000503540039,106.7459716796875,109.2000503540039,4999
2016-12-06,71.73712158203125,107.13877868652344,110.96867370605469,107.06414794921875,108.02259826660156,5020
2016-12-07,71.47412109375,106.7459716796875,109.0036392211914,106.16461181640625,108.02162170410156,2107
2016-12-08,71.07959747314453,106.15675354003906,106.7459716796875,106.06051635742188,106.74498748779297,5366
2016-12-09,72.00012969970703,107.5315933227539,108.02259826660156,106.1577377319336,106.1577377319336,2168
2016-12-12,72.32889556884766,108.02259826660156,108.02259826660156,106.05855560302734,107.5325698852539,5692
2016-12-13,72.72014617919922,108.60690307617188,110.18207550048828,106.35708618164062,108.02162170410156,3788
2016-12-14,72.59188079833984,108.41541290283203,110.18207550048828,107.04058074951172,108.51263427734375,3319
2016-12-15,72.32889556884766,108.02259826660156,108.4144287109375,107.04058074951172,108.4144287109375,2830
2016-12-16,73.70970153808594,110.08485412597656,110.08485412597656,107.37348175048828,108.02162170410156,3065
2016-12-19,72.32889556884766,108.02259826660156,109.4946517944336,107.63666534423828,109.4946517944336,4826
2016-12-20,71.86865234375,107.3351821899414,108.02162170410156,106.25495910644531,108.02162170410156,4623
2016-12-21,71.86865234375,107.3351821899414,107.3351821899414,107.3351821899414,107.3351821899414,5335
2016-12-22,71.14662170410156,106.25691986083984,107.3342056274414,106.25691986083984,107.3342056274414,7667
2016-12-23,71.86865234375,107.3351821899414,107.3351821899414,106.20585632324219,107.1377944946289,4745
2016-12-26,72.32889556884766,108.02259826660156,108.02259826660156,106.64776611328125,107.04058074951172,3788
2016-12-27,72.29601287841797,107.97350311279297,108.02162170410156,107.04155731201172,107.92341613769531,1700
2016-12-28,72.29601287841797,107.97350311279297,107.97350311279297,107.43927764892578,107.97251892089844,2148
2016-12-29,72.32889556884766,108.02259826660156,108.02259826660156,107.92440032958984,107.97350311279297,4755
2017-01-02,72.32889556884766,108.02259826660156,108.02259826660156,106.35316467285156,108.02259826660156,1863
2017-01-03,72.32889556884766,108.02259826660156,108.02259826660156,107.5315933227539,108.02063751220703,3095
2017-01-04,72.32889556884766,108.02259826660156,108.02259826660156,107.5315933227539,108.0196533203125,2281
2017-01-05,72.32889556884766,108.02259826660156,108.02259826660156,107.73880004882812,108.02162170410156,2535
2017-01-06,72.32889556884766,108.02259826660156,108.02259826660156,107.5325698852539,108.02162170410156,2627
2017-01-09,72.32889556884766,108.02259826660156,108.02259826660156,107.67889404296875,108.02162170410156,2209
2017-01-10,72.32889556884766,108.02259826660156,108.02259826660156,107.34107971191406,108.02162170410156,7392
2017-01-11,72.07443237304688,107.6425552368164,109.0026626586914,107.5315933227539,107.72799682617188,5274
2017-01-12,72.98643493652344,109.00462341308594,109.00462341308594,107.8261947631836,109.0026626586914,2046
2017-01-13,72.65835571289062,108.51459503173828,109.00462341308594,108.21900939941406,109.0026626586914,4765
2017-01-16,73.64398956298828,109.98664855957031,109.98664855957031,108.61280059814453,109.0026626586914,8737
2017-01-17,73.77548217773438,110.18305206298828,112.83157348632812,109.10381317138672,109.98566436767578,5254
2017-01-18,73.77548217773438,110.18305206298828,112.44171142578125,109.6920394897461,112.44171142578125,5600
2017-01-19,76.27413940429688,113.91474151611328,113.91474151611328,110.57684326171875,111.0668716430664,5580
2017-01-20,74.6894760131836,111.54806518554688,114.60118103027344,109.98664855957031,114.35076141357422,8126
2017-01-23,74.95902252197266,111.95069885253906,111.95069885253906,110.48060607910156,110.48060607910156,7830
2017-01-24,76.10977172851562,113.66923522949219,113.71735382080078,111.95167541503906,111.95167541503906,2586
2017-01-26,76.07683563232422,113.62013244628906,115.8778076171875,112.343505859375,113.4237289428711,5529
2017-01-27,77.85088348388672,116.26963806152344,116.33936309814453,113.86662292480469,114.79660034179688,2087
2017-01-30,78.44397735595703,117.1554183959961,121.67174530029297,115.38777923583984,116.26570892333984,4643
2017-01-31,78.67408752441406,117.49913024902344,120.29495239257812,117.0591812133789,120.29495239257812,824
2017-02-01,80.21802520751953,119.80492401123047,120.4697494506836,116.8608169555664,120.4697494506836,3401
2017-02-02,82.8494644165039,123.73497772216797,123.73497772216797,118.43401336669922,118.92208099365234,3900
2017-02-03,83.1781997680664,124.22599029541016,127.0728759765625,123.88326263427734,127.0728759765625,3085
2017-02-06,82.25838470458984,122.85214233398438,126.67515563964844,122.7529525756836,124.2367935180664,3472
2017-02-07,84.16191864013672,125.69509887695312,126.68006896972656,122.85214233398438,124.71601867675781,1435
2017-02-08,84.16451263427734,125.69902801513672,125.69902801513672,123.9814682006836,125.69509887695312,4327
2017-02-09,83.9008560180664,125.30523681640625,125.50262451171875,123.73497772216797,125.50164031982422,8798
2017-02-10,84.16451263427734,125.69902801513672,125.69902801513672,123.78800964355469,125.30523681640625,7535
2017-02-13,84.16451263427734,125.69902801513672,125.69902801513672,124.3251724243164,125.69804382324219,6364
2017-02-14,84.16451263427734,125.69902801513672,125.69902801513672,123.83318328857422,125.40343475341797,7331
2017-02-15,85.01934814453125,126.97565460205078,126.97565460205078,124.86528778076172,125.69902801513672,7555
2017-02-16,85.01802062988281,126.97369384765625,126.97565460205078,125.60082244873047,126.97467803955078,1130
2017-02-17,85.01934814453125,126.97565460205078,126.97565460205078,125.69902801513672,126.97467803955078,2331
2017-02-20,84.69059753417969,126.48464965820312,126.97369384765625,125.89837646484375,126.97369384765625,1629
2017-02-21,84.62415313720703,126.38545989990234,126.93048858642578,126.29020690917969,126.29020690917969,2667
2017-02-22,85.01934814453125,126.97565460205078,127.17206573486328,126.48464965820312,126.6810531616211,2841
2017-02-23,86.46591186523438,129.1361083984375,131.59117126464844,126.38545989990234,126.97467803955078,1741
2017-02-24,88.76728820800781,132.5731964111328,134.4351043701172,127.66307830810547,129.1361083984375,1456
2017-03-01,91.39744567871094,136.50128173828125,137.48233032226562,128.6450958251953,128.6450958251953,1425
2017-03-02,91.33165740966797,136.40309143066406,137.48233032226562,134.04623413085938,136.50030517578125,1720
2017-03-03,91.06866455078125,136.01026916503906,137.48036193847656,134.53724670410156,137.48036193847656,1894
2017-03-06,88.10974884033203,131.59117126464844,136.00929260253906,127.6689682006836,136.00929260253906,5987
2017-03-07,85.7432861328125,128.05686950683594,132.47401428222656,127.66405487060547,132.47401428222656,3686
2017-03-08,85.85900115966797,128.22970581054688,130.50112915039062,127.86045837402344,130.50112915039062,437
2017-03-09,85.8083724975586,128.15408325195312,128.15408325195312,127.17893981933594,127.95964813232422,2168
2017-03-10,87.45155334472656,130.60816955566406,130.60816955566406,124.71700286865234,128.15408325195312,4246
2017-03-13,84.49330139160156,126.1900405883789,130.50897216796875,123.73497772216797,130.50897216796875,3910
2017-03-14,84.49330139160156,126.1900405883789,126.1900405883789,125.50458526611328,126.1900405883789,2667
2017-03-15,84.49330139160156,126.1900405883789,126.1900405883789,125.50458526611328,126.14093780517578,2331
2017-03-16,81.72838592529297,122.06063079833984,127.66307830810547,122.06063079833984,126.18807220458984,9113
2017-03-17,81.5344009399414,121.77093505859375,124.91046142578125,120.78890991210938,123.06327819824219,4572
2017-03-20,81.07415008544922,121.0835189819336,123.73400115966797,120.10247802734375,121.2809066772461,3777
2017-03-21,79.10216522216797,118.138427734375,121.27893829345703,114.4116439819336,121.0835189819336,6802
2017-03-22,78.24673461914062,116.8608169555664,120.10050964355469,115.38777923583984,119.11946868896484,6527
2017-03-23,76.2734375,113.91375732421875,117.84185791015625,112.94843292236328,117.84185791015625,11384
2017-03-24,74.301513671875,110.96867370605469,115.87584686279297,109.00462341308594,115.87584686279297,12168
2017-03-27,73.84124755859375,110.28125762939453,115.8778076171875,109.70185852050781,113.03288269042969,17209
2017-03-28,74.63224029541016,111.46263122558594,115.48500061035156,110.57881164550781,112.93075561523438,4674
2017-03-29,78.90426635742188,117.84283447265625,117.84283447265625,112.44171142578125,114.889892578125,4816
2017-03-30,78.90426635742188,117.84283447265625,117.84185791015625,116.8617935180664,117.84185791015625,3676
2017-03-31,78.45713806152344,117.17506408691406,119.806884765625,114.89676666259766,117.84283447265625,6140
2017-04-03,79.89056396484375,119.31587219238281,119.6094970703125,115.87879180908203,117.79373931884766,4154
2017-04-04,80.3508529663086,120.00328826904297,122.75099182128906,118.23564910888672,119.31489562988281,3350
2017-04-05,81.521240234375,121.75128936767578,122.6429672241211,118.67854309082031,122.55654907226562,1374
2017-04-06,84.3585205078125,125.98872375488281,125.98872375488281,119.80786895751953,121.75128936767578,2321
2017-04-07,83.3755111694336,124.52059936523438,125.98773956298828,121.77191162109375,125.98773956298828,967
2017-04-10,83.1781997680664,124.22599029541016,126.08594512939453,122.7529525756836,124.51961517333984,4287
2017-04-11,84.42754364013672,126.09183502197266,126.09183502197266,122.7529525756836,124.22599029541016,3258
2017-04-12,82.12615966796875,122.65475463867188,126.09183502197266,121.27992248535156,124.71700286865234,4093
2017-04-13,82.52073669433594,123.24396514892578,124.70521545410156,120.89103698730469,122.75590515136719,2759
2017-04-17,82.52073669433594,123.24396514892578,124.21125793457031,121.38499450683594,124.21125793457031,3156
2017-04-18,82.52003479003906,123.24298858642578,123.24396514892578,119.51227569580078,122.16472625732422,3228
2017-04-19,83.5069808959961,124.71700286865234,125.69902801513672,122.26194763183594,123.61615753173828,3859
2017-04-20,82.71795654296875,123.53857421875,124.22501373291016,123.24494934082031,124.22010040283203,1242
2017-04-24,83.14337921142578,124.17394256591797,124.2230453491211,121.9751968383789,123.53759002685547,1659
2017-04-25,83.17166900634766,124.21617126464844,124.21617126464844,122.75786590576172,124.17296600341797,2077
2017-04-26,81.20561218261719,121.27992248535156,124.19554901123047,119.806884765625,124.19554901123047,3136
2017-04-27,80.81111145019531,120.69070434570312,121.27992248535156,120.69070434570312,121.27992248535156,3044
2017-04-28,81.13922119140625,121.18074035644531,121.20528411865234,120.30378723144531,120.69070434570312,2474
2017-05-02,82.10908508300781,122.62921905517578,123.93138122558594,118.82485961914062,121.18171691894531,1741
2017-05-03,80.87686157226562,120.78890991210938,122.55557250976562,118.04317474365234,120.29789733886719,4052
2017-05-04,82.09329986572266,122.60565185546875,122.64395141601562,119.806884765625,120.78792572021484,4470
2017-05-05,82.18537902832031,122.74313354492188,123.63481140136719,120.9872817993164,122.62824249267578,2250
2017-05-08,82.1781234741211,122.73233032226562,122.74313354492188,121.18171691894531,122.74215698242188,8441
2017-05-09,81.79742431640625,122.16374206542969,122.74313354492188,121.2818832397461,122.73233032226562,2576
2017-05-10,80.54875946044922,120.29888153076172,122.74215698242188,120.29789733886719,122.74215698242188,3350
2017-05-11,80.61449432373047,120.39707946777344,121.7562026977539,120.29789733886719,120.7898941040039,3930
2017-05-12,82.18537902832031,122.74313354492188,122.74313354492188,120.49430084228516,121.74638366699219,1914
2017-05-15,84.21646118164062,125.77660369873047,125.88462829589844,121.77093505859375,122.74215698242188,5254
2017-05-16,84.82207489013672,126.6810531616211,129.6271209716797,123.83318328857422,125.69902801513672,7392
2017-05-17,84.49330139160156,126.1900405883789,126.1900405883789,124.22697448730469,126.18022155761719,7077
2017-05-18,80.88475799560547,120.80068969726562,122.7529525756836,117.84283447265625,122.7529525756836,6730
2017-05-19,82.19192504882812,122.7529525756836,124.71504211425781,120.0042724609375,121.08547973632812,5010
2017-05-22,81.73165893554688,122.06553649902344,124.32321166992188,121.77289581298828,122.36112976074219,1568
2017-05-23,81.8631820678711,122.26194763183594,122.55557250976562,120.7898941040039,122.55557250976562,2891
2017-05-24,81.8631820678711,122.26194763183594,122.26194763183594,120.98531341552734,122.2609634399414,3187
2017-05-25,81.83028411865234,122.21284484863281,122.2609634399414,121.37812042236328,122.2609634399414,1802
2017-05-26,81.8631820678711,122.26194763183594,123.73301696777344,121.4969482421875,121.77093505859375,3431
2017-05-29,81.6771011352539,121.9840316772461,122.26194763183594,121.39579772949219,121.39579772949219,11374
2017-05-30,82.1268539428711,122.6557388305664,123.24396514892578,121.77388000488281,122.25997924804688,4572
2017-05-31,82.52073669433594,123.24396514892578,123.24396514892578,122.26194763183594,122.6557388305664,4175
2017-06-01,83.11248779296875,124.12779235839844,124.71504211425781,122.55851745605469,123.24396514892578,2321
2017-06-02,82.1926040649414,122.75393676757812,124.1268081665039,122.7529525756836,124.1268081665039,4073
2017-06-05,81.20561218261719,121.27992248535156,124.12582397460938,119.806884765625,124.12582397460938,3635
2017-06-06,81.3371353149414,121.47632598876953,123.14478302001953,121.28385162353516,121.28385162353516,2056
2017-06-07,80.61383056640625,120.39610290527344,122.9493637084961,119.80786895751953,121.27992248535156,4653
2017-06-08,79.95632934570312,119.41407775878906,120.88809204101562,118.82485961914062,120.88809204101562,4236
2017-06-09,80.74534606933594,120.5925064086914,120.5925064086914,119.31685638427734,120.25861358642578,2219
2017-06-12,80.15355682373047,119.70867919921875,120.88809204101562,119.51227569580078,120.77909088134766,1782
2017-06-13,80.21931457519531,119.806884765625,122.7519760131836,119.51227569580078,120.29789733886719,11354
2017-06-14,82.12615966796875,122.65475463867188,122.65475463867188,119.87169647216797,121.08253479003906,2433
2017-06-15,82.12615966796875,122.65475463867188,122.65475463867188,122.65475463867188,122.65475463867188,0
2017-06-16,81.66593933105469,121.96733856201172,122.75099182128906,121.37910461425781,122.65475463867188,1578
2017-06-19,82.45494842529297,123.14576721191406,123.14576721191406,121.61479187011719,122.65278625488281,5091
2017-06-20,81.92891693115234,122.36014556884766,123.14478302001953,122.18043518066406,123.14478302001953,3655
2017-06-21,82.3234634399414,122.9493637084961,124.12582397460938,122.36407470703125,122.7529525756836,5285
2017-06-22,82.06106567382812,122.55753326416016,123.73497772216797,122.50843048095703,123.71435546875,10305
2017-06-23,81.8631820678711,122.26194763183594,124.11698913574219,121.6246109008789,122.56244659423828,11812
2017-06-26,81.5344009399414,121.77093505859375,123.73400115966797,120.78890991210938,123.73400115966797,4765
2017-06-27,81.66593933105469,121.96733856201172,121.96733856201172,121.77093505859375,121.96635437011719,2484
2017-06-28,81.5344009399414,121.77093505859375,122.7529525756836,121.77093505859375,121.96832275390625,3431
2017-06-29,80.58753967285156,120.35681915283203,122.45343780517578,118.43205261230469,122.45343780517578,10121
2017-06-30,81.8631820678711,122.26194763183594,123.72221374511719,119.41505432128906,121.475341796875,11710
2017-07-03,80.81111145019531,120.69070434570312,122.16079711914062,120.52179718017578,122.16079711914062,2413
2017-07-04,82.0998764038086,122.61547088623047,122.94641876220703,119.90705108642578,122.1519546508789,4358
2017-07-05,82.09329986572266,122.60565185546875,122.6429672241211,120.78890991210938,122.6429672241211,2281
2017-07-06,81.27271270751953,121.38008880615234,122.57128143310547,119.806884765625,121.43802642822266,5060
2017-07-07,80.4856185913086,120.20460510253906,122.3572006225586,120.20460510253906,121.035400390625,1944
2017-07-10,81.46864318847656,121.6727294921875,122.16275787353516,119.31587219238281,121.27893829345703,8411
2017-07-11,81.73100280761719,122.06455993652344,122.25899505615234,120.39707946777344,121.43704223632812,3258
2017-07-12,81.8631820678711,122.26194763183594,122.55654907226562,120.78890991210938,122.06455993652344,8940
2017-07-13,81.46864318847656,121.6727294921875,123.7359619140625,120.78890991210938,123.7359619140625,2779
2017-07-14,81.27137756347656,121.37812042236328,123.53759002685547,121.2809066772461,123.14478302001953,3421
2017-07-17,81.8085708618164,122.18043518066406,123.73400115966797,122.06652069091797,123.142822265625,1568
2017-07-18,84.16451263427734,125.69902801513672,125.69902801513672,122.44853210449219,122.75393676757812,3329
2017-07-19,82.84880828857422,123.73400115966797,125.69804382324219,122.75492095947266,125.59984588623047,7026
2017-07-20,82.18997955322266,122.75000762939453,123.73007202148438,121.13654327392578,123.73007202148438,5570
2017-07-21,81.5344009399414,121.77093505859375,122.7519760131836,121.27992248535156,122.748046875,2942
2017-07-24,80.6276626586914,120.4167251586914,121.76896667480469,120.39610290527344,121.40169525146484,8054
2017-07-25,81.20561218261719,121.27992248535156,121.57453155517578,119.90901947021484,121.18074035644531,5050
2017-07-26,81.40287780761719,121.57453155517578,121.57453155517578,120.20067596435547,121.57354736328125,3981
2017-07-27,81.40287780761719,121.57453155517578,121.57453155517578,120.78890991210938,121.57354736328125,4429
2017-07-28,81.40287780761719,121.57453155517578,121.57453155517578,120.78890991210938,121.57354736328125,5539
2017-07-31,81.40287780761719,121.57453155517578,121.57453155517578,120.49528503417969,121.57354736328125,11639
2017-08-01,80.21931457519531,119.806884765625,123.53759002685547,118.43205261230469,120.7898941040039,6486
2017-08-02,81.91905212402344,122.34541320800781,122.34738159179688,118.82682800292969,119.80786895751953,4735
2017-08-03,80.65328216552734,120.45502471923828,123.62106323242188,119.80786895751953,123.62106323242188,5488
2017-08-04,79.56835174560547,118.83467864990234,121.27992248535156,118.83467864990234,120.78792572021484,12026
2017-08-07,81.3371353149414,121.47632598876953,123.24396514892578,118.9240493774414,119.806884765625,2800
2017-08-08,82.7173080444336,123.53759002685547,123.53759002685547,120.29985809326172,122.25997924804688,8553
2017-08-09,81.00836944580078,120.98531341552734,123.53661346435547,120.40100860595703,123.43939208984375,7779
2017-08-10,81.00836944580078,120.98531341552734,122.65180969238281,120.78890991210938,120.9872817993164,1914
2017-08-11,81.30424499511719,121.4272232055664,121.77093505859375,120.8871078491211,121.77093505859375,3849
2017-08-14,81.5344009399414,121.77093505859375,122.26194763183594,121.37812042236328,121.77093505859375,7728
2017-08-15,80.880126953125,120.79381561279297,122.26194763183594,120.7898941040039,122.26194763183594,4989
2017-08-16,83.5069808959961,124.71700286865234,124.72682189941406,120.89496612548828,121.77093505859375,4684
2017-08-17,82.32608795166016,122.95328521728516,123.75559997558594,122.85214233398438,123.46983337402344,3502
2017-08-18,82.5877685546875,123.34413146972656,124.91144561767578,122.7529525756836,123.04854583740234,2158
2017-08-21,83.77001953125,125.10980987548828,125.59984588623047,123.1477279663086,123.73400115966797,3767
2017-08-22,82.93231201171875,123.85871124267578,125.20507049560547,123.63874053955078,125.01062774658203,1507
2017-08-23,82.98097229003906,123.93138122558594,123.93138122558594,121.37812042236328,123.73497772216797,3808
2017-08-24,83.5063705444336,124.71601867675781,124.71700286865234,123.93236541748047,123.93236541748047,5743
2017-08-25,82.52003479003906,123.24298858642578,125.20507049560547,121.77093505859375,124.71798706054688,7250
2017-08-28,83.83577728271484,125.20801544189453,125.20801544189453,123.24494934082031,123.24494934082031,3706
2017-08-29,82.26162719726562,122.85704803466797,125.20801544189453,121.77093505859375,125.20801544189453,2759
2017-08-30,82.8494644165039,123.73497772216797,124.60800170898438,121.8701171875,124.2230453491211,5610
2017-08-31,82.25767517089844,122.85115814208984,124.59326934814453,122.49762725830078,124.58934020996094,1262
2017-09-01,83.30975341796875,124.42239379882812,124.71700286865234,121.77093505859375,124.71700286865234,2168
2017-09-04,81.86382293701172,122.26292419433594,124.27509307861328,122.01644134521484,124.27509307861328,4195
2017-09-05,81.87368774414062,122.27765655517578,123.24494934082031,122.26390838623047,123.24396514892578,4612
2017-09-06,83.1256103515625,124.14743041992188,124.14743041992188,122.01644134521484,122.39942932128906,4562
2017-09-07,83.1256103515625,124.14743041992188,124.14743041992188,124.14743041992188,124.14743041992188,0
2017-09-08,83.11248779296875,124.12779235839844,125.64599609375,122.75393676757812,124.14743041992188,4195
2017-09-11,91.06800842285156,136.00929260253906,136.00929260253906,122.9493637084961,124.12582397460938,5305
2017-09-12,85.8083724975586,128.15408325195312,131.0981903076172,126.69185638427734,129.1351318359375,4531
2017-09-13,86.13714599609375,128.6450958251953,130.0493927001953,126.77925109863281,130.0484161376953,2891
2017-09-14,84.82207489013672,126.6810531616211,127.66209411621094,122.26194763183594,125.50360870361328,7403
2017-09-15,84.82207489013672,126.6810531616211,128.98390197753906,125.30622100830078,127.66307830810547,8095
2017-09-18,85.47960662841797,127.66307830810547,131.0225830078125,125.79821014404297,127.66307830810547,6211
2017-09-19,85.55193328857422,127.7710952758789,130.60816955566406,127.66602325439453,127.66602325439453,3716
2017-09-20,87.12278747558594,130.11715698242188,130.5099639892578,127.95866394042969,130.5099639892578,3808
2017-09-21,86.27196502685547,128.84642028808594,130.11715698242188,128.44869995117188,129.9119110107422,4521
2017-09-22,85.47960662841797,127.66307830810547,130.09849548339844,127.66307830810547,130.01895141601562,11761
2017-09-25,85.47960662841797,127.66307830810547,130.01895141601562,127.66307830810547,129.6271209716797,4796
2017-09-26,85.77549743652344,128.10498046875,129.38162231445312,127.66307830810547,127.6650390625,6741
2017-09-27,85.47960662841797,127.66307830810547,129.03103637695312,125.90132141113281,129.03103637695312,6445
2017-09-28,86.92620086669922,129.8235321044922,129.8235321044922,128.15408325195312,128.1550750732422,6201
2017-09-29,85.7636489868164,128.08731079101562,129.92172241210938,127.77207946777344,129.81272888183594,6191
2017-10-02,85.16593933105469,127.19464874267578,130.21633911132812,126.3874282836914,130.21633911132812,1303
2017-10-03,85.41385650634766,127.56487274169922,129.03790283203125,127.19464874267578,127.19563293457031,3747
2017-10-04,85.87413787841797,128.25228881835938,128.938720703125,127.46666717529297,127.46666717529297,4674
2017-10-05,87.38514709472656,130.50897216796875,130.50897216796875,127.77207946777344,129.0182647705078,4684
2017-10-06,87.32070922851562,130.41273498535156,131.001953125,128.8424835205078,130.41273498535156,5549
2017-10-09,86.6631851196289,129.4307098388672,131.0972137451172,129.14004516601562,131.0972137451172,5773
2017-10-10,86.27196502685547,128.84642028808594,129.52891540527344,128.69419860839844,129.4307098388672,3146
2017-10-11,85.48619842529297,127.67289733886719,129.6271209716797,127.66405487060547,128.85231018066406,8635
2017-10-12,85.48619842529297,127.67289733886719,127.67289733886719,127.67289733886719,127.67289733886719,0
2017-10-13,86.53034210205078,129.2323455810547,129.2323455810547,128.07553100585938,128.44869995117188,936
2017-10-16,86.59675598144531,129.33152770996094,129.33152770996094,127.66602325439453,129.1351318359375,4358
2017-10-17,86.46591186523438,129.1361083984375,129.8245086669922,126.77925109863281,129.33055114746094,6853
2017-10-18,86.6631851196289,129.4307098388672,129.52891540527344,128.6450958251953,129.1351318359375,2606
2017-10-19,86.79469299316406,129.6271209716797,129.6280975341797,129.03790283203125,129.6261444091797,2555
2017-10-20,86.92620086669922,129.8235321044922,129.8235321044922,129.03790283203125,129.6261444091797,3900
2017-10-23,86.6631851196289,129.4307098388672,129.92172241210938,128.25228881835938,129.92074584960938,7647
2017-10-24,86.79469299316406,129.6271209716797,129.92172241210938,128.25228881835938,129.92074584960938,5580
2017-10-25,86.98866271972656,129.9168243408203,129.9168243408203,129.1361083984375,129.6271209716797,3370
2017-10-26,86.92620086669922,129.8235321044922,129.91583251953125,129.33251953125,129.91583251953125,2769
2017-10-27,87.32070922851562,130.41273498535156,130.41273498535156,129.4307098388672,129.92074584960938,5203
2017-10-30,86.46720886230469,129.13807678222656,132.5731964111328,129.13807678222656,130.41273498535156,4256
2017-10-31,84.36181640625,125.99363708496094,130.60914611816406,125.99363708496094,129.92172241210938,10335
2017-11-01,83.18803405761719,123.39814758300781,127.66307830810547,123.39814758300781,127.66307830810547,6853
2017-11-02,83.18803405761719,123.39814758300781,123.39814758300781,123.39814758300781,123.39814758300781,0
2017-11-03,84.50679016113281,125.35433959960938,125.69902801513672,123.53955841064453,123.53955841064453,2372
2017-11-06,84.67230224609375,125.59984588623047,125.59984588623047,123.2930679321289,123.2930679321289,5295
2017-11-07,85.69911193847656,127.12296295166016,127.12296295166016,124.91340637207031,125.5978775024414,6140
2017-11-08,88.70997619628906,131.58920288085938,131.58920288085938,125.7294692993164,127.17304229736328,2973
2017-11-09,87.38726806640625,129.6271209716797,130.41175842285156,128.74330139160156,130.41175842285156,2118
2017-11-10,85.79838562011719,127.270263671875,129.6271209716797,126.6810531616211,129.62515258789062,3289
2017-11-13,87.38726806640625,129.6271209716797,129.6271209716797,128.25326538085938,128.6450958251953,1863
2017-11-14,87.05623626708984,129.1361083984375,129.6271209716797,128.69517517089844,129.6261444091797,4287
2017-11-15,87.05623626708984,129.1361083984375,129.1361083984375,129.1361083984375,129.1361083984375,0
2017-11-16,86.55973052978516,128.39959716796875,129.1361083984375,127.6650390625,129.1351318359375,5967
2017-11-17,86.9238510131836,128.93971252441406,129.1361083984375,127.7710952758789,129.1361083984375,6751
2017-11-20,86.9238510131836,128.93971252441406,128.93971252441406,128.93971252441406,128.93971252441406,0
2017-11-21,86.9238510131836,128.93971252441406,128.93971252441406,128.40057373046875,128.938720703125,6904
2017-11-22,88.04927062988281,130.60914611816406,130.60914611816406,128.6460723876953,128.93971252441406,2617
2017-11-23,88.04927062988281,130.60914611816406,130.60914611816406,129.4336700439453,130.60816955566406,1741
2017-11-24,88.04927062988281,130.60914611816406,130.60914611816406,128.54983520507812,130.605224609375,7209
2017-11-27,87.05623626708984,129.1361083984375,130.60816955566406,128.4683380126953,130.60816955566406,9470
2017-11-28,87.71829223632812,130.11813354492188,130.60914611816406,128.74427795410156,130.01895141601562,4297
2017-11-29,86.76627349853516,128.7059783935547,130.60914611816406,128.70008850097656,130.1770477294922,3788
2017-11-30,87.58587646484375,129.92172241210938,130.607177734375,127.66798400878906,130.607177734375,5671
2017-12-01,85.63327026367188,126.1900405883789,129.92271423339844,125.69902801513672,129.92271423339844,4460
2017-12-04,85.96649932861328,126.6810531616211,127.66209411621094,125.84632873535156,127.17108154296875,4093
2017-12-05,85.69994354248047,126.28823852539062,126.6810531616211,125.4044189453125,125.9926528930664,3278
2017-12-06,85.5000228881836,125.99363708496094,125.99363708496094,123.44037628173828,124.3241958618164,8849
2017-12-07,84.70697021484375,124.82502746582031,126.567138671875,124.5215835571289,125.99363708496094,1221
2017-12-08,85.30807495117188,125.7108154296875,128.84051513671875,125.30719757080078,126.5710678100586,2861
2017-12-11,85.56732177734375,126.09281921386719,127.65718078613281,124.76610565185547,125.79821014404297,4541
2017-12-12,87.27928924560547,128.61563110351562,128.63429260253906,125.513427734375,126.09281921386719,1741
2017-12-13,85.69994354248047,126.28823852539062,128.64312744140625,126.28823852539062,128.63037109375,3655
2017-12-14,85.57466888427734,126.10362243652344,127.56487274169922,125.50262451171875,126.58284759521484,4928
2017-12-15,85.96649932861328,126.6810531616211,127.15144348144531,125.0135726928711,125.89444732666016,7759
2017-12-18,86.63290405273438,127.66307830810547,127.66307830810547,125.20801544189453,127.54719543457031,10987
2017-12-19,91.29776000976562,134.53724670410156,135.51925659179688,128.54493713378906,128.63626098632812,11455
2017-12-20,89.96426391601562,132.57220458984375,134.5362548828125,127.66307830810547,134.5362548828125,2932
2017-12-21,87.63249206542969,129.1361083984375,132.5731964111328,128.6450958251953,132.47401428222656,3299
2017-12-22,86.16638946533203,126.97565460205078,129.03692626953125,125.89543151855469,129.03692626953125,7718
2017-12-25,86.16638946533203,126.97565460205078,126.97565460205078,126.97565460205078,126.97565460205078,0
2017-12-26,89.29719543457031,131.58920288085938,131.58920288085938,127.66209411621094,127.66307830810547,3044
2017-12-27,89.4984359741211,131.88577270507812,132.5731964111328,131.39476013183594,131.58822631835938,4276
2017-12-28,89.4984359741211,131.88577270507812,131.88577270507812,130.0209197998047,131.88282775878906,6058
2017-12-29,89.4984359741211,131.88577270507812,131.88577270507812,131.88577270507812,131.88577270507812,0
2018-01-02,86.36834716796875,127.27320861816406,131.78561401367188,127.27320861816406,131.78561401367188,9409
2018-01-03,86.56625366210938,127.56487274169922,128.25131225585938,123.73694610595703,128.25131225585938,12219
2018-01-04,86.6322250366211,127.66209411621094,128.25228881835938,125.69902801513672,127.76226043701172,9826
2018-01-05,86.63290405273438,127.66307830810547,127.66307830810547,126.6810531616211,127.66209411621094,6761
2018-01-08,86.63290405273438,127.66307830810547,127.66307830810547,126.68301391601562,127.66209411621094,5580
2018-01-09,85.97315216064453,126.69087219238281,127.66209411621094,126.3255615234375,127.66209411621094,10254
2018-01-10,85.89983367919922,126.58284759521484,127.65718078613281,126.58284759521484,127.65718078613281,7810
2018-01-11,86.09978485107422,126.87745666503906,127.46569061279297,126.58383178710938,127.0728759765625,3523
2018-01-12,85.96649932861328,126.6810531616211,126.87745666503906,126.6810531616211,126.87745666503906,8889
2018-01-15,86.2997055053711,127.17206573486328,128.25228881835938,126.38644409179688,126.87647247314453,9796
2018-01-16,86.63290405273438,127.66307830810547,129.9777069091797,127.66307830810547,127.84376525878906,10417
2018-01-17,86.63290405273438,127.66307830810547,129.61239624023438,127.17402648925781,129.61239624023438,7515
2018-01-18,87.9510498046875,129.6055145263672,129.6055145263672,127.17206573486328,127.66307830810547,7902
2018-01-19,87.43257904052734,128.8415069580078,129.61631774902344,128.15408325195312,129.6055145263672,4337
2018-01-22,87.8657455444336,129.4798126220703,129.62417602539062,128.44869995117188,129.4307098388672,5641
2018-01-23,86.97007751464844,128.15997314453125,129.4778594970703,127.66209411621094,129.4778594970703,5682
2018-01-24,86.6362075805664,127.66798400878906,128.16587829589844,127.66307830810547,128.16587829589844,2301
2018-01-25,86.6362075805664,127.66798400878906,127.66798400878906,127.66798400878906,127.66798400878906,0
2018-01-26,87.3106460571289,128.6617889404297,129.6182861328125,128.1560516357422,128.64215087890625,4796
2018-01-29,87.29930114746094,128.6450958251953,129.62515258789062,127.66995239257812,128.66375732421875,8319
2018-01-30,87.0993881225586,128.35049438476562,129.6271209716797,128.35049438476562,129.62515258789062,8808
2018-01-31,87.56586456298828,129.03790283203125,129.5240020751953,127.87028503417969,129.17538452148438,5498
2018-02-01,85.96649932861328,126.6810531616211,128.93971252441406,126.3884048461914,128.39271545410156,9042
2018-02-02,86.3663330078125,127.270263671875,127.270263671875,126.1900405883789,126.6810531616211,9694
2018-02-05,85.7026138305664,126.29216766357422,127.270263671875,125.70491790771484,127.2663345336914,14286
2018-02-06,86.56558990478516,127.56388854980469,128.14427185058594,124.7199478149414,126.29119110107422,18767
2018-02-07,85.67327880859375,126.24896240234375,127.56388854980469,126.09281921386719,127.56388854980469,10824
2018-02-08,85.63327026367188,126.1900405883789,127.56388854980469,125.69902801513672,127.56290435791016,9378
2018-02-09,86.2997055053711,127.17206573486328,127.48238372802734,126.19200134277344,126.6810531616211,8115
2018-02-14,86.63290405273438,127.66307830810547,127.66307830810547,126.28823852539062,127.17108154296875,8462
2018-02-15,87.1660385131836,128.44869995117188,128.44869995117188,126.7036361694336,127.66209411621094,7311
2018-02-16,88.96533966064453,131.10015869140625,131.10015869140625,128.44869995117188,128.52725219726562,8798
2018-02-19,87.89903259277344,129.52891540527344,134.5362548828125,129.52891540527344,131.10015869140625,9348
2018-02-20,88.63211822509766,130.60914611816406,131.2955780029297,128.6450958251953,128.6450958251953,9388
2018-02-21,91.16447448730469,134.34083557128906,134.34083557128906,129.33938598632812,131.09918212890625,12382
2018-02-22,89.96426391601562,132.57220458984375,134.43804931640625,130.6189727783203,134.43804931640625,10529
2018-02-23,89.29853057861328,131.59117126464844,132.5731964111328,130.9047393798828,132.57220458984375,9276
2018-02-26,89.29853057861328,131.59117126464844,132.21868896484375,130.11813354492188,131.59017944335938,9592
2018-02-27,89.6983871459961,132.18038940429688,134.0432891845703,131.40261840820312,132.22555541992188,8034
2018-02-28,91.9634780883789,135.51828002929688,137.38314819335938,133.45504760742188,133.45504760742188,7963
2018-03-01,90.49738311767578,133.3578338623047,135.51925659179688,131.59117126464844,134.53428649902344,8309
2018-03-02,90.96454620361328,134.04623413085938,134.53233337402344,132.08218383789062,133.35586547851562,5050
2018-03-05,90.0975570678711,132.76861572265625,133.94703674316406,132.08218383789062,133.94703674316406,6415
2018-03-06,90.89656829833984,133.94606018066406,133.94606018066406,131.6019744873047,132.7705841064453,7005
2018-03-07,90.43141174316406,133.26060485839844,135.51925659179688,132.67140197753906,134.732666015625,4582
2018-03-08,92.63056945800781,136.50128173828125,136.50128173828125,133.2615966796875,133.5552215576172,5967
2018-03-09,93.30561828613281,137.49607849121094,142.38949584960938,134.54019165039062,136.49932861328125,6934
2018-03-12,97.6279525756836,143.865478515625,144.11099243164062,136.50128173828125,136.50128173828125,1985
2018-03-13,98.89479064941406,145.73231506347656,145.83050537109375,140.43035888671875,143.864501953125,12851
2018-03-14,98.2950210571289,144.84849548339844,145.6341094970703,143.8065643310547,145.33851623535156,7189
2018-03-15,99.6278076171875,146.81253051757812,146.81253051757812,143.6219482421875,144.84849548339844,10814
2018-03-16,99.9610366821289,147.3035430908203,148.77658081054688,145.33949279785156,146.81155395507812,17789
2018-03-19,102.4267349243164,150.93704223632812,156.0916748046875,147.30453491210938,147.30551147460938,18960
2018-03-20,103.29304504394531,152.2136688232422,155.1597442626953,148.87478637695312,151.23556518554688,23278
2018-03-21,103.29304504394531,152.2136688232422,154.17771911621094,151.2316436767578,154.17672729492188,6242
2018-03-22,103.8928451538086,153.0974884033203,153.1947021484375,151.2316436767578,153.1947021484375,10244
2018-03-23,103.8928451538086,153.0974884033203,153.0974884033203,151.2316436767578,153.0974884033203,5641
2018-03-26,103.66292572021484,152.75868225097656,155.14991760253906,151.72756958007812,153.0974884033203,6761
2018-03-27,101.29386138916016,149.26759338378906,152.70468139648438,148.2855682373047,152.7036895751953,14388
2018-03-28,101.29386138916016,149.26759338378906,152.21267700195312,147.40272521972656,151.72265625,10783
2018-03-29,100.2122573852539,147.67376708984375,149.26661682128906,145.53688049316406,149.26661682128906,12830
2018-04-02,95.96258544921875,141.41140747070312,142.197021484375,134.14442443847656,138.46533203125,182571
2018-04-03,94.29654693603516,138.9563446044922,141.41043090820312,136.99229431152344,139.93836975097656,73236
2018-04-04,94.29654693603516,138.9563446044922,141.31320190429688,136.50128173828125,141.31320190429688,40467
2018-04-05,93.2976303100586,137.4842987060547,140.4264373779297,137.2869110107422,139.34719848632812,34041
2018-04-06,93.56351470947266,137.87611389160156,139.39825439453125,136.60243225097656,138.4555206298828,27514
2018-04-09,92.63121795654297,136.5022735595703,139.24899291992188,136.5022735595703,137.9743194580078,34377
2018-04-10,93.2956314086914,137.48135375976562,137.48135375976562,135.6243438720703,136.99229431152344,43858
2018-04-11,92.86377716064453,136.84500122070312,137.47349548339844,136.69769287109375,137.47349548339844,27524
2018-04-12,93.0677261352539,137.14549255371094,137.48330688476562,135.522216796875,137.18772888183594,40956
2018-04-13,93.36360931396484,137.58151245117188,137.58151245117188,136.20668029785156,137.14549255371094,33176
2018-04-16,93.29031372070312,137.47349548339844,137.59231567382812,136.3058624267578,137.59231567382812,20915
2018-04-17,93.13037872314453,137.23780822753906,137.4774169921875,135.92091369628906,137.4764404296875,29378
2018-04-18,77.9696273803711,114.89676666259766,114.89676666259766,114.89676666259766,114.89676666259766,0
2018-04-19,77.9696273803711,114.89676666259766,114.89676666259766,114.89676666259766,114.89676666259766,0
2018-04-20,77.9696273803711,114.89676666259766,114.89676666259766,114.89676666259766,114.89676666259766,0
2018-04-23,77.9696273803711,114.89676666259766,114.89676666259766,114.89676666259766,114.89676666259766,0
2018-04-24,77.9696273803711,114.89676666259766,114.89676666259766,114.89676666259766,114.89676666259766,0
2018-04-25,77.9696273803711,114.89676666259766,114.89676666259766,114.89676666259766,114.89676666259766,0
2018-04-26,77.9696273803711,114.89676666259766,114.89676666259766,114.89676666259766,114.89676666259766,0
2018-04-27,77.9696273803711,114.89676666259766,114.89676666259766,114.89676666259766,114.89676666259766,0
2018-04-30,77.9696273803711,114.89676666259766,114.89676666259766,114.89676666259766,114.89676666259766,0
2018-05-02,77.9696273803711,114.89676666259766,114.89676666259766,114.89676666259766,114.89676666259766,0
2018-05-03,77.9696273803711,114.89676666259766,114.89676666259766,114.89676666259766,114.89676666259766,0
2018-05-04,77.9696273803711,114.89676666259766,114.89676666259766,114.89676666259766,114.89676666259766,0
2018-05-07,77.9696273803711,114.89676666259766,114.89676666259766,114.89676666259766,114.89676666259766,0
2018-05-08,77.9696273803711,114.89676666259766,114.89676666259766,114.89676666259766,114.89676666259766,0
2018-05-09,77.9696273803711,114.89676666259766,114.89676666259766,114.89676666259766,114.89676666259766,0
2018-05-10,77.9696273803711,114.89676666259766,114.89676666259766,114.89676666259766,114.89676666259766,0
2018-05-11,92.63056945800781,136.50128173828125,136.9431915283203,135.5585479736328,136.88427734375,43275
2018-05-14,92.62389373779297,136.49147033691406,136.99229431152344,135.7942352294922,136.95301818847656,35908
2018-05-15,92.6039047241211,136.46200561523438,136.69769287109375,134.0953369140625,136.49147033691406,42461
2018-05-16,92.69053649902344,136.5896759033203,136.7958984375,135.0970001220703,136.46200561523438,37787
2018-05-17,92.76385498046875,136.69769287109375,136.97265625,135.66656494140625,136.78607177734375,20889
2018-05-18,91.79757690429688,135.2737579345703,136.50128173828125,135.02825927734375,136.50128173828125,27558
2018-05-21,91.29776000976562,134.53724670410156,136.50128173828125,133.72216796875,135.23448181152344,32816
2018-05-22,89.62506103515625,132.07235717773438,134.3310089111328,128.762939453125,134.3310089111328,57875
2018-05-23,89.96492767333984,132.5731964111328,135.51925659179688,130.2458038330078,132.5731964111328,50152
2018-05-24,88.0323486328125,129.72532653808594,133.30970764160156,129.63694763183594,133.30970764160156,28831
2018-05-25,88.76542663574219,130.80555725097656,131.05105590820312,129.6271209716797,131.05105590820312,23176
2018-05-28,88.0790023803711,129.7940673828125,130.7957305908203,128.74330139160156,130.75645446777344,22180
2018-05-29,88.63211822509766,130.60914611816406,130.80555725097656,128.80221557617188,129.8038787841797,25145
2018-05-30,89.96492767333984,132.5731964111328,133.01510620117188,129.64675903320312,130.80555725097656,18526
2018-06-01,89.29853057861328,131.59117126464844,135.48980712890625,130.11813354492188,131.59117126464844,11077
2018-06-04,89.63172149658203,132.08218383789062,133.94802856445312,131.59117126464844,132.56336975097656,12863
2018-06-05,90.29813385009766,133.064208984375,133.51593017578125,129.17538452148438,132.08218383789062,25071
2018-06-06,89.93158721923828,132.5240936279297,132.5731964111328,131.64027404785156,132.5240936279297,16116
2018-06-07,87.69915008544922,129.23431396484375,132.3767852783203,127.85948181152344,132.3767852783203,26982
2018-06-08,86.43297576904297,127.36846923828125,129.1361083984375,124.25545501708984,129.1361083984375,35375
2018-06-11,86.63290405273438,127.66307830810547,127.66307830810547,126.58284759521484,127.35865020751953,20067
2018-06-12,85.23344421386719,125.60082244873047,127.65325164794922,124.71700286865234,127.63361358642578,16377
2018-06-13,84.53372955322266,124.5697021484375,125.57136535644531,123.74479675292969,125.57136535644531,12777
2018-06-14,83.30086517333984,122.7529525756836,124.55988311767578,120.19969177246094,124.55988311767578,19108
2018-06-15,82.76775360107422,121.96733856201172,122.74313354492188,116.87063598632812,122.74313354492188,21217
2018-06-18,81.22834014892578,119.69886016845703,121.7611083984375,118.04906463623047,120.94602966308594,11790
2018-06-19,81.08838653564453,119.49263763427734,119.806884765625,117.9410400390625,119.806884765625,17888
2018-06-20,80.68185424804688,118.89360046386719,119.806884765625,117.84283447265625,118.8150405883789,14742
2018-06-21,81.76811981201172,120.49430084228516,120.78890991210938,119.81670379638672,119.81670379638672,18575
2018-06-22,81.96803283691406,120.78890991210938,121.77093505859375,119.82652282714844,120.77909088134766,17794
2018-06-25,82.14129638671875,121.04423522949219,122.73331451416016,120.91657257080078,121.77093505859375,16290
2018-06-26,82.63444519042969,121.77093505859375,122.60565185546875,121.06387329101562,121.4272232055664,10482
2018-06-27,82.63444519042969,121.77093505859375,121.89859771728516,121.18171691894531,121.89859771728516,9751
2018-06-28,83.30086517333984,122.7529525756836,122.7529525756836,121.28974151611328,122.16374206542969,29543
2018-06-29,83.833984375,123.53857421875,123.93138122558594,121.77093505859375,122.7529525756836,12357
2018-07-02,83.29418182373047,122.74313354492188,123.72515869140625,121.0835189819336,122.26194763183594,20629
2018-07-03,83.8673095703125,123.58767700195312,124.70718383789062,122.16374206542969,122.76277923583984,15354
2018-07-04,84.9268798828125,125.14909362792969,127.66307830810547,122.91007995605469,123.73497772216797,23835
2018-07-05,84.24049377441406,124.13761138916016,125.69902801513672,123.94120788574219,125.62046813964844,17308
2018-07-06,84.30047607421875,124.22599029541016,125.66956329345703,122.76277923583984,125.66956329345703,16881
2018-07-10,83.63407135009766,123.24396514892578,125.65974426269531,122.90026092529297,124.95269012451172,22537
2018-07-11,83.82067108154297,123.51893615722656,123.51893615722656,122.84133911132812,123.2930679321289,14422
2018-07-12,82.821044921875,122.0458984375,123.51893615722656,121.57453155517578,123.51893615722656,33053
2018-07-13,83.30086517333984,122.7529525756836,122.7529525756836,120.8380126953125,122.71367645263672,17360
2018-07-16,83.60074615478516,123.19486999511719,123.51893615722656,121.89859771728516,122.74313354492188,22810
2018-07-17,85.16014099121094,125.49280548095703,125.55172729492188,121.96733856201172,123.19486999511719,11008
2018-07-18,83.90062713623047,123.63677978515625,125.10980987548828,122.880615234375,124.70718383789062,12112
2018-07-19,83.9672622680664,123.73497772216797,124.62862396240234,122.7529525756836,123.73497772216797,14132
2018-07-20,83.833984375,123.53857421875,124.51078033447266,122.2914047241211,124.22599029541016,17934
2018-07-23,83.32087707519531,122.78241729736328,124.71700286865234,122.76277923583984,123.34217071533203,15568
2018-07-24,83.61405944824219,123.21450805664062,123.65641784667969,122.76277923583984,123.5778579711914,8898
2018-07-25,83.77403259277344,123.4501953125,124.21617126464844,122.90026092529297,122.9493637084961,15611
2018-07-26,83.57408142089844,123.15558624267578,124.11796569824219,122.7529525756836,123.72515869140625,9842
2018-07-27,83.63407135009766,123.24396514892578,123.68588256835938,122.703857421875,123.68588256835938,10395
2018-07-30,83.81401062011719,123.50911712646484,123.72515869140625,122.76277923583984,123.24396514892578,12615
2018-07-31,83.8673095703125,123.58767700195312,123.70552062988281,122.76277923583984,123.50911712646484,10024
2018-08-01,84.60702514648438,124.67772674560547,124.71700286865234,122.31104278564453,123.6662368774414,30831
2018-08-02,84.35377502441406,124.30455780029297,124.71700286865234,123.53857421875,124.71700286865234,14115
2018-08-03,84.46041870117188,124.46167755126953,124.47149658203125,123.75462341308594,124.30455780029297,10610
2018-08-06,84.0672378540039,123.88228607177734,124.47149658203125,123.74479675292969,124.47149658203125,20711
2018-08-07,84.29380798339844,124.21617126464844,124.27509307861328,122.77259826660156,124.27509307861328,15841
2018-08-08,84.29380798339844,124.21617126464844,124.21617126464844,123.38145446777344,124.16706848144531,13221
2018-08-09,84.04057312011719,123.84300231933594,124.6973648071289,123.73497772216797,124.22599029541016,18825
2018-08-10,83.9672622680664,123.73497772216797,124.42239379882812,123.35198974609375,124.42239379882812,19980
2018-08-13,84.127197265625,123.97066497802734,124.68754577636719,123.53857421875,124.02958679199219,24535
2018-08-14,84.16719055175781,124.02958679199219,124.31437683105469,123.5778579711914,124.31437683105469,18193
2018-08-15,84.04725646972656,123.85282135009766,124.71700286865234,123.53857421875,124.02958679199219,24965
2018-08-16,84.28715515136719,124.20635223388672,124.5304183959961,123.34217071533203,124.0688705444336,17573
2018-08-17,84.30047607421875,124.22599029541016,124.5697021484375,123.72515869140625,124.51078033447266,13960
2018-08-20,84.40711212158203,124.38311767578125,124.4125747680664,123.27342987060547,124.4125747680664,18022
2018-08-21,83.9672622680664,123.73497772216797,124.47149658203125,123.73497772216797,124.39293670654297,20208
2018-08-22,84.29380798339844,124.21617126464844,124.284912109375,123.73497772216797,124.284912109375,15949
2018-08-23,84.10054779052734,123.93138122558594,124.36347198486328,123.27342987060547,124.34383392333984,18694
2018-08-24,84.36711120605469,124.3241958618164,124.47149658203125,123.80371856689453,123.93138122558594,11304
2018-08-27,84.14720916748047,124.00012969970703,124.3241958618164,123.74479675292969,124.26527404785156,13886
2018-08-28,83.9672622680664,123.73497772216797,124.02958679199219,123.34217071533203,124.01976776123047,18138
2018-08-29,84.16719055175781,124.02958679199219,124.02958679199219,123.83318328857422,123.9510269165039,13285
2018-08-30,83.97392272949219,123.74479675292969,124.29473114013672,123.73497772216797,124.02958679199219,23768
2018-08-31,83.98060607910156,123.75462341308594,124.52059936523438,123.63677978515625,124.17688751220703,18086
2018-09-03,83.88729095458984,123.61713409423828,123.73497772216797,122.26194763183594,122.5467300415039,16337
2018-09-04,84.20716857910156,124.08850860595703,124.09832763671875,123.04756164550781,123.72515869140625,15057
2018-09-05,84.23385620117188,124.12779235839844,124.22599029541016,123.65641784667969,124.05905151367188,22127
2018-09-06,84.127197265625,123.97066497802734,124.196533203125,123.73497772216797,124.12779235839844,8851
2018-09-10,83.833984375,123.53857421875,124.22599029541016,123.24396514892578,123.90192413330078,24026
2018-09-11,83.63407135009766,123.24396514892578,124.04922485351562,122.77259826660156,124.04922485351562,16965
2018-09-12,83.64739990234375,123.26361083984375,124.22599029541016,122.77259826660156,123.25379180908203,20017
2018-09-13,84.7469711303711,124.88394927978516,124.88394927978516,123.35198974609375,123.97066497802734,15445
2018-09-14,84.16719055175781,124.02958679199219,124.88394927978516,123.73497772216797,124.88394927978516,11132
2018-09-17,84.15385437011719,124.00994873046875,124.86430358886719,123.53857421875,124.04922485351562,11870
2018-09-18,84.2005386352539,124.07868957519531,124.47149658203125,123.72515869140625,124.10814666748047,18165
2018-09-19,84.2005386352539,124.07868957519531,124.196533203125,123.73497772216797,124.04922485351562,10624
2018-09-20,84.52705383300781,124.55988311767578,124.60897827148438,123.63677978515625,124.01976776123047,13749
2018-09-21,84.63367462158203,124.71700286865234,124.71700286865234,123.84300231933594,124.54023742675781,10334
2018-09-24,84.63367462158203,124.71700286865234,124.88394927978516,124.22599029541016,124.70718383789062,9313
2018-09-25,84.28715515136719,124.20635223388672,124.88394927978516,123.74479675292969,124.87413024902344,10943
2018-09-26,83.9672622680664,123.73497772216797,124.55005645751953,123.73497772216797,124.55005645751953,20567
2018-09-27,84.13387298583984,123.98048400878906,124.22599029541016,123.76444244384766,123.76444244384766,13288
2018-09-28,83.9672622680664,123.73497772216797,123.98048400878906,123.46001434326172,123.98048400878906,18231
2018-10-01,83.56741333007812,123.14576721191406,123.67605590820312,122.82170104980469,123.67605590820312,8184
2018-10-02,84.16719055175781,124.02958679199219,124.02958679199219,122.8315200805664,123.25379180908203,10463
2018-10-03,83.9672622680664,123.73497772216797,123.98048400878906,123.24396514892578,123.97066497802734,15741
2018-10-04,83.84734344482422,123.55821228027344,123.98048400878906,123.2930679321289,123.86264038085938,9678
2018-10-05,83.833984375,123.53857421875,123.89210510253906,123.34217071533203,123.73497772216797,16596
2018-10-08,84.29380798339844,124.21617126464844,124.71700286865234,123.73497772216797,123.73497772216797,17078
2018-10-09,84.37378692626953,124.33401489257812,124.60897827148438,123.73497772216797,124.60897827148438,23242
2018-10-10,84.33377838134766,124.27509307861328,124.6973648071289,124.196533203125,124.23580932617188,14446
2018-10-11,84.16719055175781,124.02958679199219,124.47149658203125,123.74479675292969,124.47149658203125,19128
2018-10-15,84.36711120605469,124.3241958618164,124.47149658203125,124.02958679199219,124.22599029541016,16509
2018-10-16,84.30047607421875,124.22599029541016,124.42239379882812,124.02958679199219,124.196533203125,21586
2018-10-17,84.46041870117188,124.46167755126953,124.67772674560547,123.85282135009766,124.22599029541016,23776
2018-10-18,84.35377502441406,124.30455780029297,124.71700286865234,124.22599029541016,124.46167755126953,18313
2018-10-19,84.43373107910156,124.42239379882812,125.20801544189453,123.88228607177734,124.3241958618164,25244
2018-10-22,84.54039001464844,124.57952117919922,124.71700286865234,124.12779235839844,124.60897827148438,27304
2018-10-23,84.78694152832031,124.94287109375,125.20801544189453,124.23580932617188,124.71700286865234,17604
2018-10-24,85.69994354248047,126.28823852539062,127.65325164794922,124.7857437133789,124.94287109375,19324
2018-10-25,86.13310241699219,126.92655944824219,126.92655944824219,125.50262451171875,126.2784194946289,21196
2018-10-26,86.69954681396484,127.76127624511719,127.90858459472656,126.86763763427734,126.92655944824219,13094
2018-10-29,87.40592193603516,128.80221557617188,129.1361083984375,128.05587768554688,128.63528442382812,14998
2018-10-30,87.6791763305664,129.20484924316406,129.94137573242188,128.86114501953125,128.86114501953125,15059
2018-10-31,87.31926727294922,128.674560546875,130.3636474609375,128.65492248535156,129.6271209716797,14485
2018-11-01,87.8657455444336,129.4798126220703,129.6173095703125,127.93804168701172,129.1262969970703,12800
2018-11-05,88.28560638427734,130.09849548339844,130.10830688476562,128.15408325195312,129.60748291015625,20211
2018-11-06,88.56546783447266,130.5109405517578,130.53057861328125,129.1361083984375,130.09849548339844,17298
2018-11-07,88.49884033203125,130.41273498535156,130.68771362304688,129.72532653808594,130.5109405517578,20686
2018-11-08,88.69876861572266,130.7073516845703,130.90374755859375,129.6271209716797,130.60914611816406,17798
2018-11-09,88.62545013427734,130.5993194580078,131.18853759765625,129.60748291015625,131.04122924804688,23468
2018-11-12,88.69876861572266,130.7073516845703,132.54373168945312,129.7940673828125,129.8038787841797,23776
2018-11-13,88.63211822509766,130.60914611816406,131.0805206298828,130.11813354492188,130.7171630859375,17445
2018-11-14,88.49884033203125,130.41273498535156,131.09033203125,130.41273498535156,131.05105590820312,17871
2018-11-16,88.58547973632812,130.5404052734375,130.85464477539062,130.3341827392578,130.343994140625,17161
2018-11-19,89.1319351196289,131.3456573486328,131.3456573486328,130.56004333496094,130.60914611816406,22779
2018-11-21,88.96533966064453,131.10015869140625,132.0625457763672,130.60914611816406,131.3456573486328,29069
2018-11-22,89.29853057861328,131.59117126464844,132.07235717773438,131.59117126464844,131.65008544921875,21286
2018-11-23,89.61173248291016,132.05271911621094,132.05271911621094,131.64027404785156,131.88577270507812,22541
2018-11-26,89.69170379638672,132.17056274414062,132.17056274414062,130.7171630859375,132.0428924560547,36590
2018-11-27,89.5650863647461,131.98397827148438,132.3276824951172,131.59117126464844,132.31787109375,20484
2018-11-28,90.06488037109375,132.72048950195312,133.064208984375,131.59117126464844,131.97415161132812,30330
2018-11-29,90.51805114746094,133.38827514648438,134.0658721923828,132.3276824951172,132.9561767578125,28986
2018-11-30,91.17111206054688,134.3506622314453,134.53724670410156,133.42755126953125,134.03640747070312,17089
2018-12-03,91.03783416748047,134.1542510986328,134.53724670410156,132.8677978515625,134.53724670410156,21398
2018-12-04,90.4647216796875,133.30970764160156,134.34083557128906,132.62229919433594,134.23281860351562,27389
2018-12-05,90.50472259521484,133.36863708496094,134.78274536132812,131.98397827148438,133.9283905029297,34060
2018-12-06,90.62467193603516,133.54539489746094,134.28192138671875,132.6910400390625,134.28192138671875,19232
2018-12-07,91.25775909423828,134.4783172607422,134.78274536132812,133.11331176757812,133.53558349609375,22116
2018-12-10,90.96454620361328,134.04623413085938,134.77291870117188,133.75161743164062,134.4783172607422,21212
2018-12-11,91.63092803955078,135.02825927734375,136.50128173828125,134.0658721923828,134.74346923828125,22985
2018-12-12,91.16447448730469,134.34083557128906,135.51925659179688,134.34083557128906,134.65509033203125,27550
2018-12-13,91.79757690429688,135.2737579345703,135.2737579345703,134.556884765625,134.99879455566406,18921
2018-12-14,92.29736328125,136.01026916503906,136.01026916503906,134.68453979492188,135.26393127441406,29965
2018-12-17,91.96414947509766,135.51925659179688,136.00045776367188,134.53724670410156,135.98081970214844,31310
2018-12-18,92.09741973876953,135.71566772460938,135.90225219726562,135.12644958496094,135.51925659179688,22411
2018-12-19,92.46398162841797,136.2557830810547,136.2557830810547,135.32286071777344,135.74513244628906,29228
2018-12-20,92.96378326416016,136.99229431152344,137.19851684570312,135.8433380126953,136.2557830810547,20245
2018-12-21,93.0303955078125,137.0904998779297,137.23780822753906,136.69769287109375,136.98248291015625,20888
2018-12-26,93.23031616210938,137.38511657714844,137.47349548339844,136.52093505859375,137.0904998779297,29926
2018-12-27,93.29696655273438,137.48330688476562,137.9743194580078,136.99229431152344,137.38511657714844,46636
2018-12-28,93.29696655273438,137.48330688476562,138.56353759765625,137.18870544433594,137.9743194580078,27839
2019-01-02,93.89673614501953,138.36712646484375,139.2018585205078,137.06103515625,137.4636688232422,30334
2019-01-03,93.93006896972656,138.41622924804688,138.71084594726562,138.1707305908203,138.46533203125,17720
2019-01-04,93.46358489990234,137.72882080078125,138.41622924804688,137.2869110107422,138.36712646484375,23374
2019-01-07,94.29654693603516,138.9563446044922,138.9563446044922,137.72882080078125,137.72882080078125,30857
2019-01-08,94.62977600097656,139.44735717773438,139.93836975097656,138.48497009277344,138.9563446044922,40982
2019-01-09,95.52275848388672,140.76327514648438,141.37213134765625,139.45718383789062,139.45718383789062,32183
2019-01-10,95.52941131591797,140.77308654785156,141.3033905029297,140.38027954101562,140.76327514648438,48333
2019-01-11,95.69599914550781,141.0186004638672,141.41140747070312,140.77308654785156,140.9105682373047,38055
2019-01-14,96.26248168945312,141.8533172607422,142.37379455566406,141.1069793701172,141.1069793701172,23538
2019-01-15,96.60901641845703,142.3639678955078,142.3639678955078,141.13644409179688,142.35415649414062,40273
2019-01-16,96.5956802368164,142.34432983398438,142.3639678955078,141.4408721923828,142.35415649414062,25437
2019-01-17,96.42908477783203,142.09881591796875,142.32469177246094,141.4408721923828,142.285400390625,38923
2019-01-18,96.60901641845703,142.3639678955078,142.3639678955078,141.50961303710938,142.1381072998047,25775
2019-01-21,97.25542449951172,143.3165283203125,144.16107177734375,141.60781860351562,142.08900451660156,27115
2019-01-22,96.62899780273438,142.3934326171875,145.32968139648438,142.3934326171875,143.3067169189453,31576
2019-01-23,96.62899780273438,142.3934326171875,143.3067169189453,141.5685272216797,142.87461853027344,19933
2019-01-24,96.3291244506836,141.95152282714844,143.3067169189453,141.6569061279297,143.29689025878906,20942
2019-01-28,95.96258544921875,141.41140747070312,143.3165283203125,141.41140747070312,142.4032440185547,20246
2019-01-29,96.15583801269531,141.69619750976562,142.197021484375,141.12661743164062,142.00062561035156,24220
2019-01-30,95.96258544921875,141.41140747070312,141.69619750976562,140.4981231689453,141.60781860351562,17934
2019-01-31,96.95552062988281,142.87461853027344,142.8844451904297,141.02841186523438,141.40158081054688,23964
2019-02-01,97.3620376586914,143.47364807128906,147.3035430908203,142.3934326171875,142.99246215820312,28236
2019-02-04,97.38204956054688,143.50311279296875,143.56204223632812,143.03173828125,143.45401000976562,21935
2019-02-05,97.29541778564453,143.37545776367188,143.8566436767578,142.3934326171875,143.20851135253906,24862
2019-02-06,97.0954818725586,143.08084106445312,143.61114501953125,142.69786071777344,143.37545776367188,24950
2019-02-07,97.32870483398438,143.424560546875,143.56204223632812,142.41307067871094,143.18887329101562,19300
2019-02-08,96.82891845703125,142.6880340576172,143.65042114257812,141.50961303710938,143.424560546875,24371
2019-02-11,97.82850646972656,144.16107177734375,144.16107177734375,142.7371368408203,142.7371368408203,12254
2019-02-12,97.29541778564453,143.37545776367188,144.35748291015625,143.08084106445312,144.0530548095703,20487
2019-02-13,97.29541778564453,143.37545776367188,143.9450225830078,142.58982849121094,143.83700561523438,14955
2019-02-14,97.29541778564453,143.37545776367188,143.86647033691406,142.58982849121094,143.8566436767578,17254
2019-02-15,98.46162414550781,145.093994140625,145.32968139648438,142.70767211914062,142.70767211914062,23590
2019-02-18,99.89437866210938,147.20533752441406,147.2544403076172,144.5146026611328,145.33949279785156,23596
2019-02-19,99.89437866210938,147.20533752441406,147.22499084472656,146.3313446044922,147.20533752441406,19883
2019-02-20,100.96065521240234,148.77658081054688,150.13177490234375,146.34117126464844,147.20533752441406,24511
2019-02-21,99.45457458496094,146.5572052001953,149.26759338378906,146.47865295410156,149.26759338378906,28974
2019-02-22,98.04178619384766,144.47532653808594,149.24795532226562,144.35748291015625,147.71600341796875,23755
2019-02-25,97.08882141113281,143.07102966308594,146.31170654296875,141.62745666503906,145.41806030273438,34629
2019-02-26,99.89437866210938,147.20533752441406,147.20533752441406,143.09066772460938,143.09066772460938,15163
2019-02-27,100.78736877441406,148.52125549316406,148.5703582763672,145.44752502441406,147.18569946289062,24011
2019-02-28,101.62709045410156,149.75860595703125,149.75860595703125,146.32151794433594,148.47215270996094,16580
2019-03-01,101.32718658447266,149.3166961669922,150.74063110351562,146.40008544921875,149.26759338378906,20927
2019-03-06,103.44635009765625,152.4395294189453,153.2938995361328,149.6014862060547,149.75860595703125,13691
2019-03-07,103.74625396728516,152.88143920898438,153.39208984375,150.38710021972656,152.468994140625,25012
2019-03-08,103.72622680664062,152.8519744873047,153.17605590820312,151.47714233398438,152.88143920898438,39085
2019-03-11,104.62590026855469,154.17771911621094,157.07467651367188,152.32168579101562,152.8519744873047,18496
2019-03-12,105.62548065185547,155.65074157714844,155.92572021484375,154.27590942382812,155.14991760253906,18008
2019-03-13,106.28526306152344,156.62295532226562,157.123779296875,153.20550537109375,155.7489471435547,35777
2019-03-14,106.6250991821289,157.123779296875,158.0959930419922,154.38394165039062,156.53457641601562,21516
2019-03-15,107.0915756225586,157.8112030029297,158.58700561523438,156.47564697265625,157.6147918701172,16699
2019-03-18,107.02490234375,157.71299743652344,159.07801818847656,156.92738342285156,157.22198486328125,18180
2019-03-19,106.6250991821289,157.123779296875,157.68353271484375,155.365966796875,155.365966796875,19359
2019-03-20,106.55843353271484,157.0255889892578,157.31036376953125,156.2595977783203,157.123779296875,19642
2019-03-21,106.55843353271484,157.0255889892578,157.31036376953125,156.24978637695312,157.1434326171875,17490
2019-03-22,106.41853332519531,156.81935119628906,157.31036376953125,155.65074157714844,157.123779296875,20653
2019-03-25,106.6184310913086,157.1139678955078,157.60498046875,156.20068359375,157.123779296875,23394
2019-03-26,105.95870208740234,156.14175415039062,157.09432983398438,155.26776123046875,157.09432983398438,17874
2019-03-27,107.02490234375,157.71299743652344,157.71299743652344,156.14175415039062,156.14175415039062,17358
2019-03-28,106.63180541992188,157.13360595703125,157.71299743652344,157.123779296875,157.71299743652344,18553
2019-03-29,107.55804443359375,158.4986114501953,158.58700561523438,157.17288208007812,157.4871368408203,17532
2019-04-01,104.47257232666016,153.95184326171875,157.76210021972656,152.2136688232422,157.76210021972656,51469
2019-04-02,104.55927276611328,154.0795135498047,155.0811767578125,153.95184326171875,155.0026092529297,20936
2019-04-03,104.75916290283203,154.37411499023438,154.37411499023438,153.0974884033203,154.10897827148438,22139
2019-04-04,105.29228973388672,155.1597442626953,156.92738342285156,153.31353759765625,154.37411499023438,24721
2019-04-05,105.29228973388672,155.1597442626953,156.92738342285156,154.19735717773438,155.1597442626953,17336
2019-04-08,105.95870208740234,156.14175415039062,156.14175415039062,153.23497009277344,155.1597442626953,22566
2019-04-09,105.95870208740234,156.14175415039062,156.14175415039062,154.2464599609375,156.1221160888672,18695
2019-04-10,104.85250091552734,154.5115966796875,156.13194274902344,152.42971801757812,155.77841186523438,23903
2019-04-11,104.82584381103516,154.47232055664062,154.66873168945312,153.2447967529297,154.64907836914062,12728
2019-04-12,104.63252258300781,154.18753051757812,154.47232055664062,152.41006469726562,154.46249389648438,18737
2019-04-15,105.29228973388672,155.1597442626953,155.1597442626953,152.71449279785156,154.1678924560547,17972
2019-04-16,106.6250991821289,157.123779296875,157.123779296875,155.17938232421875,155.17938232421875,14785
2019-04-17,106.6250991821289,157.123779296875,157.50677490234375,155.50344848632812,157.0255889892578,12926
2019-04-18,107.95793914794922,159.08782958984375,159.08782958984375,156.14175415039062,157.1139678955078,13487
2019-04-22,107.55804443359375,158.4986114501953,159.0681915283203,157.123779296875,158.9896240234375,12746
2019-04-23,107.29151153564453,158.10580444335938,158.9896240234375,156.14175415039062,158.5575408935547,18864
2019-04-24,106.78506469726562,157.35946655273438,158.53790283203125,157.27108764648438,158.53790283203125,9441
2019-04-25,106.63180541992188,157.13360595703125,157.99778747558594,156.34799194335938,157.6147918701172,15342
2019-04-26,105.76544952392578,155.8569793701172,158.00759887695312,155.26776123046875,157.4085693359375,16902
2019-04-29,105.2989501953125,155.1695556640625,158.00759887695312,153.20550537109375,156.53457641601562,15244
2019-04-30,104.9591064453125,154.66873168945312,156.4854736328125,154.20716857910156,156.15158081054688,17325
2019-05-02,102.55999755859375,151.13343811035156,154.57052612304688,150.26925659179688,154.57052612304688,25225
2019-05-03,100.62079620361328,148.2757568359375,150.93704223632812,147.51959228515625,150.93704223632812,33071
2019-05-06,100.29421997070312,147.7945556640625,148.78640747070312,147.3035430908203,148.2855682373047,22598
2019-05-07,99.29461669921875,146.32151794433594,148.18736267089844,144.41639709472656,147.7945556640625,28194
2019-05-08,98.56829071044922,145.25111389160156,146.32151794433594,145.25111389160156,146.32151794433594,22812
2019-05-09,100.29421997070312,147.7945556640625,148.2855682373047,145.14309692382812,145.3493194580078,18441
2019-05-10,99.5212173461914,146.65541076660156,150.2397918701172,145.48680114746094,148.1088104248047,19094
2019-05-13,98.90812683105469,145.751953125,148.29539489746094,145.751953125,146.69468688964844,13724
2019-05-14,101.62036895751953,149.74879455566406,149.74879455566406,146.71434020996094,146.71434020996094,16081
2019-05-15,101.90028381347656,150.16123962402344,151.21200561523438,147.54905700683594,149.63095092773438,21454
2019-05-16,102.03356170654297,150.35763549804688,152.13510131835938,150.22998046875,150.2594451904297,20715
2019-05-17,102.59331512451172,151.1825408935547,151.71282958984375,150.35763549804688,150.40673828125,17674
2019-05-20,101.9669189453125,150.2594451904297,152.11546325683594,149.92555236816406,151.16290283203125,15954
2019-05-21,102.81324768066406,151.50660705566406,151.98780822753906,149.99429321289062,150.46566772460938,13353
2019-05-22,102.2401351928711,150.6620635986328,152.0074462890625,149.95501708984375,151.81103515625,16665
2019-05-23,102.9465560913086,151.70301818847656,151.71282958984375,150.29872131347656,150.64242553710938,7561
2019-05-24,103.25971984863281,152.16456604003906,152.99928283691406,151.24147033691406,151.7324676513672,16191
2019-05-27,103.1797866821289,152.04672241210938,152.2136688232422,151.2316436767578,152.20384216308594,12425
2019-05-28,103.16643524169922,152.02708435058594,152.31187438964844,151.53607177734375,151.94851684570312,13393
2019-05-29,103.1597671508789,152.0172576904297,152.45916748046875,151.53607177734375,152.45916748046875,12463
2019-05-30,103.1597671508789,152.0172576904297,152.0172576904297,151.96815490722656,152.0172576904297,14317
2019-05-31,103.1597671508789,152.0172576904297,152.0172576904297,151.72265625,152.0172576904297,18000
2019-06-03,103.15313720703125,152.0074462890625,154.8258514404297,151.72265625,151.74229431152344,13991
2019-06-04,104.28597259521484,153.6768798828125,154.5115966796875,152.22348022460938,152.22348022460938,17999
2019-06-05,104.83245849609375,154.48214721679688,154.6785430908203,154.18753051757812,154.18753051757812,11729
2019-06-06,105.9520034790039,156.13194274902344,156.13194274902344,154.5115966796875,154.5115966796875,16139
2019-06-07,106.52517700195312,156.9764862060547,156.9764862060547,156.13194274902344,156.4854736328125,12526
2019-06-10,100.9540023803711,148.7667694091797,152.1842041015625,147.10714721679688,152.1842041015625,42800
2019-06-11,99.69446563720703,146.91073608398438,149.1693878173828,145.93853759765625,149.1693878173828,45193
2019-06-12,98.59490203857422,145.2904052734375,148.256103515625,144.44586181640625,147.0384063720703,43494
2019-06-13,99.29461669921875,146.32151794433594,147.19552612304688,145.3885955810547,145.90907287597656,30003
2019-06-14,99.29461669921875,146.32151794433594,146.32151794433594,145.4376983642578,146.31170654296875,41824
2019-06-17,99.24131774902344,146.2429656982422,146.32151794433594,144.95651245117188,146.32151794433594,39951
2019-06-18,98.4283218383789,145.04489135742188,146.2135009765625,144.94668579101562,146.2135009765625,43037
2019-06-19,97.9617919921875,144.35748291015625,144.8386688232422,143.38526916503906,144.65208435058594,45090
2019-06-21,99.29461669921875,146.32151794433594,146.32151794433594,144.0628662109375,144.35748291015625,35252
2019-06-24,98.82817077636719,145.6341094970703,146.32151794433594,144.84849548339844,146.2920684814453,36897
2019-06-25,98.55491638183594,145.23147583007812,145.4966278076172,144.45567321777344,145.4966278076172,33752
2019-06-26,98.62821960449219,145.33949279785156,146.32151794433594,145.04489135742188,145.80105590820312,40385
2019-06-27,98.73483276367188,145.4966278076172,146.1545867919922,144.917236328125,145.36895751953125,40228
2019-06-28,98.98809051513672,145.8697967529297,146.32151794433594,144.99578857421875,145.5457305908203,63457
2019-07-01,101.0539779663086,148.9140625,148.9140625,145.33949279785156,145.89926147460938,34416
2019-07-02,101.54705810546875,149.64076232910156,150.24961853027344,146.56703186035156,148.86495971679688,29256
2019-07-03,102.29342651367188,150.74063110351562,152.20384216308594,148.31503295898438,149.84698486328125,27401
2019-07-04,102.02024841308594,150.33799743652344,151.0352325439453,149.8568115234375,150.74063110351562,29503
2019-07-05,102.02024841308594,150.33799743652344,150.74063110351562,150.22998046875,150.44602966308594,23393
2019-07-08,101.3604736328125,149.3657989501953,150.2888946533203,148.2855682373047,150.24961853027344,35128
2019-07-10,100.7740707397461,148.50161743164062,150.19070434570312,148.3936004638672,150.19070434570312,38517
2019-07-11,100.88067626953125,148.6587371826172,149.06137084960938,147.4508514404297,148.5408935546875,35068
2019-07-12,101.29386138916016,149.26759338378906,150.1514129638672,147.3330078125,148.64892578125,29978
2019-07-15,101.94693756103516,150.22998046875,152.0172576904297,149.1693878173828,149.46400451660156,22541
2019-07-16,104.21273040771484,153.56886291503906,154.27590942382812,150.2594451904297,150.93704223632812,34965
2019-07-17,103.8928451538086,153.0974884033203,154.63926696777344,152.69485473632812,153.60813903808594,23651
2019-07-18,103.83283996582031,153.0091094970703,153.9322052001953,150.35763549804688,153.0974884033203,30418
2019-07-19,102.96652221679688,151.7324676513672,153.1858673095703,150.44602966308594,153.1858673095703,23610
2019-07-22,104.69252014160156,154.27590942382812,154.27590942382812,151.77175903320312,151.77175903320312,24824
2019-07-23,105.41887664794922,155.3463134765625,155.35614013671875,153.19569396972656,154.47232055664062,19825
2019-07-24,105.68547821044922,155.7391357421875,156.14175415039062,154.17771911621094,155.3365020751953,24892
2019-07-25,105.75875854492188,155.84715270996094,156.04356384277344,155.1695556640625,155.631103515625,22176
2019-07-26,105.89208221435547,156.04356384277344,157.0255889892578,155.17938232421875,155.8864288330078,19092
2019-07-29,106.45854187011719,156.87828063964844,156.87828063964844,155.21865844726562,156.09266662597656,25416
2019-07-30,106.49182891845703,156.92738342285156,157.123779296875,154.65890502929688,156.87828063964844,23794
2019-07-31,106.52517700195312,156.9764862060547,158.08616638183594,156.33816528320312,157.07467651367188,21628
2019-08-01,103.27973175048828,152.19403076171875,152.4984588623047,148.77658081054688,149.26759338378906,196383
2019-08-02,102.63993835449219,151.25128173828125,153.65724182128906,151.25128173828125,152.20384216308594,82315
2019-08-05,102.49337005615234,151.0352325439453,152.11546325683594,150.24961853027344,151.4378662109375,43331
2019-08-06,101.84033203125,150.07286071777344,151.6931915283203,150.07286071777344,150.74063110351562,38787
2019-08-07,100.55413055419922,148.17755126953125,151.0352325439453,147.42138671875,150.24961853027344,88237
2019-08-08,101.18057250976562,149.10064697265625,150.2397918701172,147.7061767578125,149.14974975585938,49937
2019-08-09,100.29421997070312,147.7945556640625,149.68003845214844,147.32318115234375,149.56219482421875,76894
2019-08-12,99.95437622070312,147.29373168945312,149.01226806640625,144.8975830078125,147.85348510742188,96857
2019-08-13,99.77445220947266,147.02857971191406,147.74545288085938,146.5277557373047,147.3035430908203,44570
2019-08-14,100.5207748413086,148.12844848632812,148.9435272216797,147.3035430908203,147.3035430908203,35900
2019-08-15,100.12763214111328,147.54905700683594,149.25778198242188,147.35264587402344,147.59815979003906,34429
2019-08-16,100.8873062133789,148.66856384277344,149.24795532226562,147.54905700683594,147.54905700683594,26148
2019-08-19,100.62744903564453,148.2855682373047,149.1988525390625,146.81253051757812,149.06137084960938,48610
2019-08-20,100.62079620361328,148.2757568359375,148.2855682373047,146.91073608398438,148.26593017578125,54444
2019-08-21,100.02098846435547,147.39193725585938,148.4819793701172,146.7045135498047,148.2855682373047,46446
2019-08-22,100.494140625,148.08917236328125,148.2855682373047,147.3035430908203,147.40174865722656,44133
2019-08-23,101.09393310546875,148.97299194335938,149.07119750976562,147.60797119140625,148.2855682373047,42562
2019-08-26,100.13431549072266,147.55886840820312,148.97299194335938,147.4508514404297,148.86495971679688,27141
2019-08-27,100.494140625,148.08917236328125,148.6587371826172,147.55886840820312,148.2855682373047,26488
2019-08-28,101.06060791015625,148.92388916015625,148.96316528320312,148.04006958007812,148.08917236328125,29486
2019-08-29,101.26053619384766,149.21849060058594,149.21849060058594,148.29539489746094,148.97299194335938,24135
2019-08-30,101.80693817138672,150.0237579345703,150.0237579345703,149.07119750976562,149.21849060058594,32011
2019-09-02,101.29386138916016,149.26759338378906,149.56219482421875,148.2855682373047,148.2855682373047,39264
2019-09-03,101.69368743896484,149.8568115234375,150.24961853027344,149.1202850341797,149.26759338378906,36962
2019-09-04,102.22681427001953,150.64242553710938,151.2316436767578,150.00411987304688,150.00411987304688,34250
2019-09-05,102.61328887939453,151.21200561523438,151.2316436767578,150.74063110351562,150.74063110351562,31549
2019-09-06,103.02650451660156,151.82086181640625,152.2136688232422,150.59332275390625,151.21200561523438,27085
2019-09-09,102.95988464355469,151.72265625,152.31187438964844,150.74063110351562,151.82086181640625,27129
2019-09-10,102.82656860351562,151.5262451171875,152.20384216308594,150.2594451904297,151.72265625,30142
2019-09-11,102.82656860351562,151.5262451171875,151.6931915283203,150.2594451904297,151.47714233398438,27278
2019-09-12,102.46005249023438,150.9861297607422,151.6931915283203,150.78973388671875,151.5262451171875,29053
2019-09-13,102.82656860351562,151.5262451171875,151.6931915283203,150.74063110351562,151.3789520263672,30731
2019-09-16,102.46005249023438,150.9861297607422,151.6931915283203,150.9861297607422,151.5262451171875,36433
2019-09-17,102.79325866699219,151.47714233398438,151.6931915283203,150.78973388671875,151.2611083984375,51302
2019-09-18,102.61996459960938,151.22181701660156,151.50660705566406,151.13343811035156,151.47714233398438,35523
2019-09-19,102.49337005615234,151.0352325439453,151.57534790039062,150.05320739746094,151.2316436767578,45201
2019-09-20,102.28681182861328,150.73080444335938,151.50660705566406,150.65225219726562,151.32984924316406,34461
2019-09-23,102.29342651367188,150.74063110351562,151.2316436767578,150.44602966308594,150.73080444335938,33132
2019-09-24,102.49337005615234,151.0352325439453,151.32984924316406,150.74063110351562,150.74063110351562,30012
2019-09-25,102.2601318359375,150.6915283203125,151.2316436767578,150.1514129638672,151.0352325439453,62332
2019-09-26,102.29342651367188,150.74063110351562,151.2316436767578,150.6915283203125,150.83883666992188,41490
2019-09-27,102.46005249023438,150.9861297607422,151.0057830810547,150.64242553710938,150.74063110351562,36063
2019-09-30,102.62665557861328,151.2316436767578,151.39859008789062,150.9861297607422,150.9861297607422,46858
2019-10-01,102.61996459960938,151.22181701660156,151.30038452148438,150.24961853027344,151.2316436767578,49171
2019-10-02,102.62665557861328,151.2316436767578,151.72265625,150.74063110351562,151.2316436767578,46856
2019-10-03,102.62665557861328,151.2316436767578,151.2316436767578,151.0352325439453,151.2316436767578,33465
2019-10-04,103.29304504394531,152.2136688232422,152.2136688232422,150.7799072265625,151.2316436767578,29363
2019-10-07,103.95947265625,153.19569396972656,154.40357971191406,152.2136688232422,152.2136688232422,38754
2019-10-08,103.6529312133789,152.74395751953125,153.1858673095703,152.11546325683594,152.70468139648438,45928
2019-10-09,104.49256896972656,153.98130798339844,153.98130798339844,152.74395751953125,152.74395751953125,31632
2019-10-10,104.62590026855469,154.17771911621094,155.0517120361328,153.98130798339844,154.17771911621094,29064
2019-10-11,105.05239868164062,154.80621337890625,154.95350646972656,153.68670654296875,153.98130798339844,33547
2019-10-14,105.825439453125,155.9453582763672,155.9453582763672,154.20716857910156,154.80621337890625,38810
2019-10-15,105.87871551513672,156.02391052246094,156.9175567626953,155.1597442626953,156.02391052246094,39987
2019-10-16,106.26525115966797,156.59349060058594,157.90940856933594,156.23995971679688,156.24978637695312,41667
2019-10-17,106.6184310913086,157.1139678955078,157.8112030029297,156.64259338378906,156.64259338378906,37239
2019-10-18,107.53141021728516,158.45933532714844,159.08782958984375,157.41839599609375,157.41839599609375,39105
2019-10-21,107.95793914794922,159.08782958984375,160.0502166748047,157.0059356689453,158.6066436767578,65683
2019-10-22,107.95128631591797,159.07801818847656,160.92420959472656,159.07801818847656,159.57884216308594,42553
2019-10-23,107.45812225341797,158.351318359375,160.45285034179688,157.6147918701172,159.08782958984375,45184
2019-10-24,107.85796356201172,158.94052124023438,159.57884216308594,157.9781494140625,158.3611297607422,43539
2019-10-25,107.42481231689453,158.30221557617188,159.86363220214844,158.30221557617188,159.08782958984375,35821
2019-10-28,108.3377456665039,159.6475830078125,159.87344360351562,158.3611297607422,158.3611297607422,30271
2019-10-29,108.32449340820312,159.62794494628906,159.97164916992188,159.4806365966797,159.6475830078125,31082
2019-10-30,107.95793914794922,159.08782958984375,159.6770477294922,158.77359008789062,159.62794494628906,32243
2019-10-31,108.08454895019531,159.2744140625,159.97164916992188,159.08782958984375,159.932373046875,39783
2019-11-01,108.02452850341797,159.18603515625,159.86363220214844,158.59681701660156,159.05836486816406,56009
2019-11-04,109.02415466308594,160.65907287597656,160.7081756591797,158.9307098388672,159.23513793945312,51183
2019-11-05,110.39028930664062,162.67221069335938,163.01593017578125,160.5608673095703,160.65907287597656,39439
2019-11-06,111.18328857421875,163.8408203125,165.814697265625,163.01593017578125,163.01593017578125,45896
2019-11-07,112.62274932861328,165.9619903564453,166.50210571289062,164.99961853027344,165.56918334960938,48320
2019-11-08,112.17630004882812,165.30404663085938,166.9440155029297,163.01593017578125,166.4431915283203,60171
2019-11-11,113.2025375366211,166.8163604736328,166.8163604736328,165.02906799316406,165.30404663085938,38048
2019-11-12,112.63611602783203,165.9816436767578,166.8163604736328,165.9816436767578,166.80653381347656,45820
2019-11-13,112.72271728515625,166.1092987060547,166.7279815673828,166.01109313964844,166.3548126220703,32850
2019-11-14,114.75523376464844,169.10447692871094,169.2026824951172,166.1092987060547,166.4530029296875,32003
2019-11-18,116.88111877441406,172.23712158203125,172.23712158203125,169.10447692871094,169.11428833007812,34604
2019-11-19,117.96068572998047,173.8280029296875,177.45167541503906,172.02108764648438,172.23712158203125,51012
2019-11-21,118.28728485107422,174.3092041015625,176.25360107421875,173.96548461914062,173.96548461914062,45136
2019-11-22,118.28728485107422,174.3092041015625,175.7822265625,174.3092041015625,174.3092041015625,34966
2019-11-25,118.28728485107422,174.3092041015625,178.2471160888672,174.06369018554688,174.29937744140625,46509
2019-11-26,118.62044525146484,174.8002166748047,177.73646545410156,174.34848022460938,174.34848022460938,35931
2019-11-27,118.62044525146484,174.8002166748047,176.78390502929688,174.11279296875,175.47779846191406,38677
2019-11-28,119.81990814208984,176.56785583496094,176.76425170898438,174.8002166748047,174.8002166748047,23170
2019-11-29,120.98619079589844,178.28639221191406,178.71849060058594,176.76425170898438,176.76425170898438,28790
2019-12-02,119.95323181152344,176.76425170898438,178.28639221191406,176.03756713867188,177.74627685546875,32084
2019-12-03,120.259765625,177.2159881591797,177.3534698486328,175.7822265625,177.25526428222656,32990
2019-12-04,123.17865753173828,181.5172576904297,183.62860107421875,177.2159881591797,177.2159881591797,32655
2019-12-05,123.15199279785156,181.47796630859375,182.6072998046875,180.88876342773438,181.66455078125,30782
2019-12-06,123.77177429199219,182.39125061035156,185.6024627685547,180.01475524902344,181.67437744140625,47717
2019-12-09,124.53143310546875,183.51075744628906,183.638427734375,182.6662139892578,183.02957153320312,38025
2019-12-10,125.2711410522461,184.60079956054688,186.09347534179688,183.638427734375,183.638427734375,36539
2019-12-11,126.41740417480469,186.28988647460938,186.58448791503906,184.42404174804688,184.62045288085938,32847
2019-12-12,130.61578369140625,192.4766387939453,192.4766387939453,186.3684539794922,186.38809204101562,31086
2019-12-13,128.62319946289062,189.54039001464844,196.2967071533203,187.56651306152344,193.16404724121094,60775
2019-12-16,129.7893829345703,191.25892639160156,192.4766387939453,189.54039001464844,189.5796661376953,45166
2019-12-17,129.9492950439453,191.49461364746094,191.49461364746094,190.46348571777344,191.25892639160156,32993
2019-12-18,128.7298126220703,189.697509765625,191.49461364746094,189.697509765625,191.4847869873047,43154
2019-12-19,128.28329467773438,189.03955078125,190.51258850097656,188.5485382080078,189.697509765625,35255
2019-12-20,131.0822296142578,193.16404724121094,193.4586639404297,189.04937744140625,189.04937744140625,30630
2019-12-23,130.44911193847656,192.2311248779297,193.40956115722656,191.49461364746094,193.40956115722656,49841
2019-12-26,132.61495971679688,195.42271423339844,195.43252563476562,192.08383178710938,192.2311248779297,31625
2019-12-27,134.8807373046875,198.76158142089844,201.28538513183594,195.42271423339844,195.71731567382812,34885
2019-12-30,137.37982177734375,202.44418334960938,206.17587280273438,198.8597869873047,198.8597869873047,30176
2020-01-02,141.2782745361328,208.1890106201172,209.17103576660156,202.296875,202.3066864013672,40961
2020-01-03,147.36923217773438,217.1647186279297,217.98960876464844,208.94517517089844,208.94517517089844,56901
2020-01-06,143.0109405517578,210.74227905273438,217.15489196777344,208.54254150390625,216.97811889648438,63091
2020-01-07,139.27899169921875,205.24295043945312,215.0631866455078,204.26092529296875,210.74227905273438,54547
2020-01-08,132.84152221679688,195.756591796875,205.24295043945312,190.8464813232422,205.24295043945312,109390
2020-01-09,130.0826416015625,191.69100952148438,197.37693786621094,190.31617736816406,195.42271423339844,67340
2020-01-10,130.6423797607422,192.5159149169922,195.51109313964844,191.69100952148438,191.69100952148438,42583
2020-01-13,132.1551513671875,194.7451171875,196.40472412109375,193.36045837402344,193.36045837402344,42225
2020-01-14,133.08151245117188,196.11012268066406,196.40472412109375,195.42271423339844,195.42271423339844,29022
2020-01-15,132.46839904785156,195.2066650390625,196.3556365966797,193.4586639404297,196.3556365966797,39483
2020-01-16,131.94851684570312,194.44068908691406,196.3556365966797,192.4766387939453,195.2066650390625,31851
2020-01-17,130.54244995117188,192.3686065673828,194.4308624267578,192.03472900390625,194.4308624267578,31248
2020-01-20,126.7506103515625,186.78089904785156,194.19517517089844,186.58448791503906,192.3686065673828,43264
2020-01-21,125.95092010498047,185.6024627685547,187.56651306152344,178.2176513671875,186.78089904785156,62653
2020-01-22,123.35856628417969,181.7823944091797,186.48629760742188,181.7725830078125,185.6024627685547,42809
2020-01-23,122.61886596679688,180.69235229492188,182.65640258789062,178.92471313476562,181.7823944091797,34491
2020-01-24,121.28604888916016,178.72830200195312,182.65640258789062,178.72830200195312,180.741455078125,39015
2020-01-27,120.21977233886719,177.15707397460938,179.70050048828125,176.6464080810547,178.72830200195312,41047
2020-01-28,122.15238952636719,180.0049285888672,182.6072998046875,177.15707397460938,177.25526428222656,31281
2020-01-29,126.61732482910156,186.58448791503906,186.58448791503906,180.68252563476562,180.68252563476562,36410
2020-01-30,126.07083129882812,185.77923583984375,186.58448791503906,182.82334899902344,186.58448791503906,30613
2020-01-31,127.61695098876953,188.05752563476562,191.40623474121094,185.82833862304688,185.9658203125,39163
2020-02-03,127.75017547607422,188.25393676757812,193.44883728027344,188.05752563476562,193.2327880859375,48584
2020-02-04,124.63142395019531,183.65806579589844,190.79737854003906,183.638427734375,188.52890014648438,56223
2020-02-05,124.05827331542969,182.8135223388672,184.62045288085938,181.67437744140625,184.32583618164062,45099
2020-02-06,120.61969757080078,177.74627685546875,186.46664428710938,175.29122924804688,183.94285583496094,51706
2020-02-07,120.8528823852539,178.08999633789062,179.61212158203125,177.34365844726562,177.844482421875,35998
2020-02-10,119.28682708740234,175.7822265625,180.13259887695312,175.7822265625,179.5924835205078,32906
2020-02-11,121.67924499511719,179.3076934814453,180.07366943359375,176.28306579589844,176.28306579589844,29356
2020-02-12,123.9516830444336,182.65640258789062,183.3634490966797,179.3076934814453,179.3076934814453,27021
2020-02-13,123.93170928955078,182.62693786621094,183.54022216796875,181.3994140625,181.67437744140625,22441
2020-02-14,125.66433715820312,185.18020629882812,185.18020629882812,182.65640258789062,182.65640258789062,21570
2020-02-17,125.78429412841797,185.35696411132812,186.37826538085938,183.638427734375,185.18020629882812,27498
2020-02-18,124.12499237060547,182.91172790527344,186.3389892578125,182.65640258789062,185.95599365234375,27127
2020-02-19,120.61969757080078,177.74627685546875,183.95266723632812,174.53506469726562,183.95266723632812,30126
2020-02-20,119.28682708740234,175.7822265625,177.73646545410156,175.18319702148438,177.73646545410156,36840
2020-02-21,118.95362854003906,175.29122924804688,176.6660614013672,174.81985473632812,175.7822265625,35158
2020-02-26,118.53376007080078,174.67254638671875,175.19302368164062,168.90806579589844,175.19302368164062,29948
2020-02-27,118.7603530883789,175.00643920898438,175.74295043945312,172.94418334960938,174.6529083251953,26063
2020-02-28,117.98065185546875,173.8574676513672,176.37144470214844,172.14874267578125,175.00643920898438,35462
2020-03-02,118.82701110839844,175.10462951660156,176.6660614013672,171.51043701171875,174.770751953125,39149
2020-03-03,119.52008819580078,176.12594604492188,179.2193145751953,175.10462951660156,175.10462951660156,29527
2020-03-04,121.58596801757812,179.1702117919922,179.61212158203125,176.24378967285156,176.24378967285156,22011
2020-03-05,120.28644561767578,177.25526428222656,179.5924835205078,177.25526428222656,179.2193145751953,24270
2020-03-06,118.64704132080078,174.83949279785156,177.932861328125,172.34515380859375,177.2650909423828,35401
2020-03-09,112.25624084472656,165.42189025878906,173.5334014892578,158.10580444335938,173.5334014892578,59238
2020-03-10,113.23583984375,166.86546325683594,172.1880340576172,165.66738891601562,165.9619903564453,48030
2020-03-11,111.62313079833984,164.4889678955078,169.8409881591797,161.0518798828125,166.9440155029297,34016
2020-03-12,102.69332885742188,151.32984924316406,162.0044403076172,147.3035430908203,161.0518798828125,108181
2020-03-13,103.80622100830078,152.96981811523438,159.28424072265625,148.4819793701172,151.32984924316406,87441
2020-03-16,97.29541778564453,143.37545776367188,147.7945556640625,141.9122314453125,147.3035430908203,68388
2020-03-17,96.62899780273438,142.3934326171875,145.33949279785156,140.527587890625,143.37545776367188,82612
2020-03-18,78.00291442871094,114.94586944580078,141.11680603027344,113.62013244628906,140.42938232421875,107258
2020-03-19,86.37297821044922,127.28008270263672,127.75145721435547,105.56754302978516,114.94586944580078,80232
2020-03-20,90.6313247680664,133.5552215576172,144.0923309326172,133.064208984375,136.52093505859375,42980
2020-03-23,88.89204406738281,130.9921417236328,133.064208984375,122.7529525756836,133.064208984375,39085
2020-03-24,93.29696655273438,137.48330688476562,137.48330688476562,130.95285034179688,130.9921417236328,33139
2020-03-25,101.63375091552734,149.7684326171875,152.19403076171875,139.42771911621094,139.43753051757812,57487
2020-03-26,105.88540649414062,156.0337371826172,159.08782958984375,145.9287109375,149.7684326171875,58614
2020-03-27,107.21818542480469,157.99778747558594,159.0681915283203,149.26759338378906,156.0337371826172,52254
2020-03-30,105.95870208740234,156.14175415039062,157.99778747558594,154.17771911621094,157.90940856933594,19912
2020-03-31,105.32559967041016,155.20883178710938,157.8995819091797,155.1597442626953,157.09432983398438,17445
2020-04-01,102.62665557861328,151.2316436767578,155.14991760253906,145.33949279785156,154.17771911621094,22645
2020-04-02,101.96025085449219,150.24961853027344,153.873291015625,150.24961853027344,153.19569396972656,24834
2020-04-03,101.29386138916016,149.26759338378906,153.17605590820312,148.30520629882812,153.17605590820312,22334
2020-04-06,103.67293548583984,152.77342224121094,153.08766174316406,151.5262451171875,153.03855895996094,21114
2020-04-07,108.29109191894531,159.57884216308594,160.06985473632812,153.20550537109375,153.6768798828125,44714
2020-04-08,111.82305908203125,164.7835693359375,164.97998046875,157.123779296875,159.08782958984375,28592
2020-04-09,113.44908142089844,167.17970275878906,168.89825439453125,161.17953491210938,164.68536376953125,30875
2020-04-13,113.8089370727539,167.70999145507812,167.92604064941406,164.322021484375,166.71815490722656,23057
2020-04-14,115.8548583984375,170.7248077392578,171.0390625,167.70999145507812,167.91622924804688,20533
2020-04-15,115.8215103149414,170.6757049560547,170.8328399658203,167.77874755859375,170.7248077392578,23847
2020-04-16,117.88738250732422,173.71998596191406,175.76258850097656,167.98497009277344,170.6757049560547,24609
2020-04-17,118.62044525146484,174.8002166748047,179.1309356689453,171.873779296875,173.71998596191406,27895
2020-04-20,117.95406341552734,173.8181915283203,174.3092041015625,168.90806579589844,173.40573120117188,23785
2020-04-22,119.94658660888672,176.7544403076172,176.7544403076172,172.84597778320312,173.80836486816406,35519
2020-04-23,121.27275085449219,178.7086639404297,178.72830200195312,174.89840698242188,176.76425170898438,34129
2020-04-24,118.02066040039062,173.9163818359375,178.61045837402344,167.9751434326172,178.61045837402344,50239
2020-04-27,117.38761901855469,172.98345947265625,176.76425170898438,171.86395263671875,173.32717895507812,28076
2020-04-28,118.08731842041016,174.01458740234375,174.3092041015625,173.63160705566406,174.3092041015625,16022
2020-04-29,117.87403869628906,173.70034790039062,174.8002166748047,170.9212188720703,174.3190155029297,18165
2020-04-30,115.28842163085938,169.8900909423828,173.80836486816406,165.47097778320312,173.71998596191406,38759
2020-05-04,111.94969177246094,164.97015380859375,166.95384216308594,162.15174865722656,166.9440155029297,34592
2020-05-05,109.97048950195312,162.0535430908203,168.90806579589844,162.03390502929688,165.66738891601562,39111
2020-05-06,110.62349700927734,163.01593017578125,164.2925567626953,160.0993194580078,163.006103515625,27158
2020-05-07,110.32363891601562,162.5740203857422,166.3057098388672,162.0535430908203,164.2925567626953,34884
2020-05-08,113.1492691040039,166.73779296875,166.8163604736328,163.0355682373047,163.0355682373047,23437
2020-05-11,115.88151550292969,170.76409912109375,171.85414123535156,164.0961456298828,166.9342041015625,28361
2020-05-12,117.15432739257812,172.63975524902344,173.278076171875,170.5775146484375,170.76409912109375,22724
2020-05-13,115.76152038574219,170.5873260498047,175.55636596679688,168.9178924560547,173.03256225585938,27364
2020-05-14,115.88815307617188,170.77391052246094,171.80503845214844,166.96365356445312,170.5873260498047,18890
2020-05-15,116.26799011230469,171.3336639404297,173.8181915283203,168.23046875,170.77391052246094,32307
2020-05-18,116.75450897216797,172.050537109375,172.57101440429688,168.8098602294922,171.64791870117188,20967
2020-05-19,117.72742462158203,173.4842987060547,174.70201110839844,172.20767211914062,172.20767211914062,21965
2020-05-20,117.94068908691406,173.79855346679688,175.65457153320312,172.5906524658203,174.01458740234375,24989
2020-05-21,116.68791198730469,171.9523468017578,174.7805633544922,170.98013305664062,173.79855346679688,27877
2020-05-22,119.32012176513672,175.83132934570312,175.83132934570312,171.962158203125,171.962158203125,24099
2020-05-25,120.08650207519531,176.96066284179688,177.844482421875,172.4138946533203,175.90989685058594,24581
2020-05-26,120.45305633544922,177.5007781982422,180.19151306152344,176.13575744628906,176.96066284179688,21900
2020-05-27,118.60045623779297,174.770751953125,179.7103271484375,174.55470275878906,177.756103515625,20508
2020-05-28,120.61969757080078,177.74627685546875,178.3354949951172,172.83616638183594,174.81002807617188,37117
2020-05-29,121.25271606445312,178.67919921875,179.69068908691406,173.8181915283203,177.74627685546875,23964
2020-06-01,122.21900177001953,180.10313415527344,180.18170166015625,177.94268798828125,178.22747802734375,25576
2020-06-02,125.4910888671875,184.9248809814453,186.55503845214844,180.10313415527344,180.10313415527344,33920
2020-06-03,124.87133026123047,184.0115966796875,185.70066833496094,180.93785095214844,185.70066833496094,31921
2020-06-04,124.8179931640625,183.9330291748047,184.5026092529297,182.2046661376953,184.0115966796875,26035
2020-06-05,128.3499298095703,189.13775634765625,189.26541137695312,183.9330291748047,183.9330291748047,32694
2020-06-08,126.95052337646484,187.07550048828125,188.5485382080078,184.3945770263672,188.5485382080078,34312
2020-06-09,127.15048217773438,187.3701171875,188.25393676757812,186.0443878173828,187.07550048828125,22564
2020-06-10,126.1375503540039,185.87744140625,189.88409423828125,184.62045288085938,187.41921997070312,33964
2020-06-12,125.69100189208984,185.219482421875,185.6024627685547,177.64808654785156,185.6024627685547,31072
2020-06-15,126.19747924804688,185.9658203125,186.43719482421875,181.67437744140625,184.41421508789062,25273
2020-06-16,125.95092010498047,185.6024627685547,188.34231567382812,184.62045288085938,185.9952850341797,26088
2020-06-17,126.23746490478516,186.0247344970703,187.6647186279297,185.40606689453125,185.6024627685547,23418
2020-06-18,127.25041198730469,187.5174102783203,187.6647186279297,186.15240478515625,186.15240478515625,16136
2020-06-19,127.6369400024414,188.0869903564453,189.31451416015625,187.13442993164062,187.56651306152344,21276
2020-06-22,125.33778381347656,184.69900512695312,186.58448791503906,181.7725830078125,186.58448791503906,44467
2020-06-23,124.83135223388672,183.95266723632812,185.58282470703125,183.638427734375,184.71864318847656,25354
2020-06-24,124.66468811035156,183.70716857910156,186.55503845214844,183.1474151611328,183.638427734375,20604
2020-06-25,125.28448486328125,184.62045288085938,184.62045288085938,183.7366180419922,184.61062622070312,16750
2020-06-26,125.95092010498047,185.6024627685547,186.56484985351562,183.74644470214844,184.49278259277344,25744
2020-06-29,125.75096130371094,185.307861328125,186.4568328857422,183.83482360839844,185.6024627685547,21425
2020-06-30,126.57737731933594,186.52557373046875,186.56484985351562,183.1474151611328,185.32749938964844,20302
2020-07-01,126.5439682006836,186.47647094726562,186.58448791503906,185.1900177001953,186.3684539794922,19091
2020-07-02,126.61732482910156,186.58448791503906,186.58448791503906,185.91671752929688,186.58448791503906,20174
2020-07-03,125.95092010498047,185.6024627685547,186.6826934814453,185.307861328125,186.58448791503906,27032
2020-07-06,127.79686737060547,188.3226776123047,188.5485382080078,185.6024627685547,185.6024627685547,33180
2020-07-07,130.9489288330078,192.9676513671875,193.4586639404297,186.58448791503906,188.3226776123047,48485
2020-07-08,129.68275451660156,191.101806640625,192.4766387939453,185.95599365234375,186.58448791503906,52147
2020-07-09,117.95406341552734,173.8181915283203,178.58099365234375,172.84597778320312,176.76425170898438,77909
2020-07-10,119.61997985839844,176.2732391357422,178.1587371826172,172.83616638183594,173.8280029296875,47358
2020-07-13,115.08843994140625,169.59548950195312,176.76425170898438,168.9178924560547,176.351806640625,80536
2020-07-14,112.68936920166016,166.06019592285156,169.39907836914062,162.65257263183594,169.39907836914062,72033
2020-07-15,112.72271728515625,166.1092987060547,166.9440155029297,165.9619903564453,166.06019592285156,58091
2020-07-16,116.62120056152344,171.85414123535156,171.85414123535156,166.1092987060547,166.1092987060547,52239
2020-07-17,116.62120056152344,171.85414123535156,174.33865356445312,171.4122314453125,171.85414123535156,54357
2020-07-20,114.54871368408203,168.800048828125,171.85414123535156,168.2206573486328,171.85414123535156,49158
2020-07-21,115.28175354003906,169.88027954101562,170.6757049560547,168.40724182128906,168.800048828125,54060
2020-07-22,115.98812866210938,170.9212188720703,171.85414123535156,169.6936798095703,170.37127685546875,41746
2020-07-23,117.28758239746094,172.83616638183594,172.83616638183594,171.16671752929688,171.46133422851562,44347
2020-07-24,117.8607406616211,173.6807098388672,173.6807098388672,171.85414123535156,172.83616638183594,38565
2020-07-27,116.58121490478516,171.7952117919922,173.59231567382812,171.16671752929688,172.83616638183594,66246
2020-07-28,117.87403869628906,173.70034790039062,174.79039001464844,169.8900909423828,171.22564697265625,67712
2020-07-29,119.28682708740234,175.7822265625,176.5580291748047,173.71998596191406,173.88693237304688,35227
2020-07-30,119.28682708740234,175.7822265625,178.54171752929688,175.00643920898438,175.7822265625,25612
2020-07-31,119.95323181152344,176.76425170898438,177.74627685546875,175.8018798828125,175.8018798828125,27868
2020-08-03,119.17353820800781,175.61529541015625,176.76425170898438,174.5645294189453,176.76425170898438,28473
2020-08-04,118.44051361083984,174.53506469726562,175.59564208984375,174.46632385253906,175.2617645263672,25732
2020-08-05,118.58712768554688,174.75111389160156,175.53672790527344,174.55470275878906,174.6038055419922,23319
2020-08-06,117.17430114746094,172.66921997070312,175.5760040283203,167.2288055419922,174.76092529296875,40573
2020-08-07,118.62044525146484,174.8002166748047,175.59564208984375,173.05221557617188,173.8574676513672,26564
2020-08-10,120.28644561767578,177.25526428222656,177.25526428222656,174.84930419921875,174.84930419921875,29752
2020-08-11,122.6121826171875,180.68252563476562,180.8592987060547,177.40257263183594,177.40257263183594,25550
2020-08-12,123.41858673095703,181.8707733154297,183.4322052001953,180.69235229492188,180.69235229492188,28347
2020-08-13,124.49811553955078,183.46165466308594,186.2211456298828,181.8707733154297,182.65640258789062,27731
2020-08-14,122.98541259765625,181.2324676513672,185.0132598876953,177.3534698486328,183.46165466308594,30663
2020-08-17,125.28448486328125,184.62045288085938,184.62045288085938,181.0851593017578,181.38958740234375,30838
2020-08-18,124.75130462646484,183.83482360839844,184.62045288085938,181.18336486816406,184.62045288085938,26537
2020-08-19,124.81134796142578,183.92320251464844,184.61062622070312,183.7366180419922,183.83482360839844,19649
2020-08-20,124.95127868652344,184.1294403076172,184.62045288085938,183.1474151611328,183.83482360839844,20094
2020-08-21,126.1441650390625,185.8872528076172,186.06402587890625,184.1294403076172,184.33566284179688,19721
2020-08-24,126.61067199707031,186.57467651367188,186.58448791503906,185.6024627685547,185.9952850341797,23149
2020-08-25,123.28530883789062,181.67437744140625,188.44052124023438,181.67437744140625,186.56484985351562,37870
2020-08-26,125.61771392822266,185.11146545410156,186.37826538085938,182.65640258789062,182.9510040283203,21074
2020-08-27,125.47770690917969,184.9052276611328,186.43719482421875,183.638427734375,185.35696411132812,20753
2020-08-28,125.15121459960938,184.42404174804688,185.5926513671875,183.83482360839844,184.9052276611328,22695
2020-08-31,121.28604888916016,178.72830200195312,181.576171875,178.72830200195312,181.576171875,64756
2020-09-01,114.52864837646484,168.7705841064453,170.77391052246094,165.9619903564453,166.9342041015625,457525
2020-09-02,115.55496978759766,170.28289794921875,171.85414123535156,169.38926696777344,169.38926696777344,169739
2020-09-03,115.95480346679688,170.8721160888672,171.85414123535156,169.47764587402344,171.14707946777344,97444
2020-09-04,115.94147491455078,170.85247802734375,171.4122314453125,170.1748809814453,171.36312866210938,74682
2020-09-08,115.28842163085938,169.8900909423828,171.11761474609375,169.39907836914062,170.86228942871094,80041
2020-09-09,115.22183227539062,169.79188537597656,170.62661743164062,169.6936798095703,170.381103515625,58983
2020-09-10,114.15547943115234,168.2206573486328,170.0668487548828,168.2206573486328,169.79188537597656,88554
2020-09-11,113.8089370727539,167.70999145507812,169.41871643066406,167.4743194580078,168.90806579589844,81118
2020-09-14,112.98265838623047,166.49229431152344,168.888427734375,166.49229431152344,168.62327575683594,75303
2020-09-15,112.24957275390625,165.4120635986328,166.9440155029297,164.97998046875,166.9342041015625,94552
2020-09-16,111.73643493652344,164.65589904785156,166.9440155029297,164.39076232910156,165.43170166015625,100516
2020-09-17,111.39659118652344,164.1550750732422,165.91290283203125,163.99795532226562,165.2745819091797,77894
2020-09-18,111.28334045410156,163.98812866210938,164.5282440185547,163.23196411132812,164.22381591796875,71296
2020-09-21,110.38362121582031,162.6623992919922,163.98812866210938,162.04371643066406,163.98812866210938,71756
2020-09-22,112.08966064453125,165.17637634277344,165.8736114501953,162.7998809814453,162.80970764160156,53060
2020-09-23,112.15623474121094,165.2745819091797,166.9440155029297,165.2745819091797,165.66738891601562,63314
2020-09-24,112.32286834716797,165.52008056640625,165.9619903564453,165.3629608154297,165.74595642089844,53964
2020-09-25,112.37620544433594,165.59864807128906,165.85397338867188,165.37278747558594,165.75576782226562,60236
2020-09-28,112.35625457763672,165.56918334960938,166.0700225830078,165.1272735595703,165.86380004882812,64582
2020-09-29,112.55614471435547,165.86380004882812,166.826171875,165.37278747558594,165.9619903564453,49439
2020-09-30,113.28250885009766,166.9342041015625,166.9440155029297,165.77540588378906,166.4824676513672,67851
2020-10-01,113.27581787109375,166.92437744140625,166.9440155029297,165.5888214111328,165.9619903564453,36393
2020-10-02,113.94890594482422,167.91622924804688,168.61346435546875,166.9440155029297,166.9440155029297,41481
2020-10-05,113.1558837890625,166.74761962890625,168.55453491210938,165.0781707763672,167.92604064941406,44619
2020-10-06,113.55572509765625,167.33682250976562,168.3974151611328,166.826171875,166.9440155029297,54574
2020-10-07,114.14215087890625,168.2010040283203,168.70184326171875,167.6510772705078,167.6510772705078,32020
2020-10-08,114.46870422363281,168.6822052001953,169.0553741455078,168.23046875,168.41705322265625,40113
2020-10-09,115.26175689697266,169.85081481933594,170.27308654785156,168.90806579589844,169.12411499023438,37065
2020-10-13,116.28800201416016,171.36312866210938,171.36312866210938,169.44818115234375,169.85081481933594,34992
2020-10-14,116.28800201416016,171.36312866210938,171.85414123535156,171.26492309570312,171.36312866210938,38658
2020-10-15,115.62162017822266,170.381103515625,171.94252014160156,170.381103515625,171.36312866210938,45268
2020-10-16,115.68824768066406,170.47930908203125,171.1569061279297,170.43020629882812,170.469482421875,37632
2020-10-19,114.79522705078125,169.16339111328125,171.35330200195312,169.0946502685547,170.85247802734375,50309
2020-10-20,114.45537567138672,168.66256713867188,170.07667541503906,167.9456787109375,169.3499755859375,40967
2020-10-21,113.72233581542969,167.58233642578125,168.90806579589844,167.34664916992188,168.66256713867188,54597
2020-10-22,113.32249450683594,166.9931182861328,168.29920959472656,166.55120849609375,167.71981811523438,65593
2020-10-23,113.69568634033203,167.54306030273438,168.31884765625,167.218994140625,167.62161254882812,28901
2020-10-26,113.1558837890625,166.74761962890625,168.0635223388672,165.76559448242188,168.0537109375,50497
2020-10-27,112.66940307617188,166.03074645996094,166.9440155029297,165.9619903564453,166.74761962890625,35443
2020-10-28,110.42364501953125,162.7213134765625,165.9619903564453,162.04371643066406,165.9619903564453,80243
2020-10-29,111.09003448486328,163.70333862304688,164.8621368408203,155.1695556640625,162.7213134765625,63320
2020-10-30,109.29072570800781,161.0518798828125,165.4513397216797,159.08782958984375,164.0961456298828,87091
2020-11-03,108.83090209960938,160.37428283691406,164.97998046875,159.08782958984375,161.7687530517578,74955
2020-11-04,109.02415466308594,160.65907287597656,163.2908935546875,160.57069396972656,161.4839630126953,40380
2020-11-05,110.9567642211914,163.50694274902344,163.80154418945312,161.38577270507812,162.03390502929688,30069
2020-11-06,111.30329895019531,164.01759338378906,165.22547912597656,163.50694274902344,163.50694274902344,42207
2020-11-09,111.70979309082031,164.6166229248047,166.74761962890625,164.6166229248047,164.97998046875,51802
2020-11-10,112.58279418945312,165.903076171875,166.4530029296875,164.6166229248047,165.1272735595703,40360
2020-11-11,112.60946655273438,165.94235229492188,166.92437744140625,165.94235229492188,166.1584014892578,31422
2020-11-12,112.28956604003906,165.47097778320312,166.83599853515625,164.9897918701172,166.83599853515625,31736
2020-11-13,111.4565658569336,164.2434539794922,165.85397338867188,163.85064697265625,165.53973388671875,46195
2020-11-16,111.95634460449219,164.97998046875,165.34332275390625,164.4889678955078,164.9897918701172,43800
2020-11-17,112.10962677001953,165.20584106445312,166.4530029296875,164.4889678955078,164.97998046875,44784
2020-11-18,112.55614471435547,165.86380004882812,166.40391540527344,164.97998046875,166.40391540527344,38029
2020-11-19,112.18958282470703,165.3236846923828,165.9619903564453,165.09780883789062,165.83433532714844,30705
2020-11-23,111.41655731201172,164.18453979492188,165.09780883789062,163.99795532226562,164.97998046875,44242
2020-11-24,110.91014862060547,163.43820190429688,164.93087768554688,163.43820190429688,164.19435119628906,48819
2020-11-25,111.80973052978516,164.76393127441406,164.97998046875,163.65423583984375,163.7229766845703,34294
2020-11-26,112.08966064453125,165.17637634277344,165.74595642089844,164.0666961669922,164.76393127441406,28961
2020-11-27,112.21624755859375,165.3629608154297,165.97181701660156,164.74429321289062,165.17637634277344,41583
2020-11-30,111.75646209716797,164.68536376953125,165.9325408935547,164.19435119628906,165.4120635986328,57606
2020-12-01,111.76309967041016,164.6951904296875,168.3385009765625,164.68536376953125,164.68536376953125,62072
2020-12-02,111.95634460449219,164.97998046875,165.9325408935547,164.08633422851562,165.5888214111328,42241
2020-12-03,111.98968505859375,165.02906799316406,165.42189025878906,164.7835693359375,165.09780883789062,35948
2020-12-04,111.95634460449219,164.97998046875,165.76559448242188,164.7835693359375,165.20584106445312,35964
2020-12-07,111.95634460449219,164.97998046875,165.31385803222656,164.97998046875,164.9897918701172,45304
2020-12-08,112.62944030761719,165.97181701660156,166.8458251953125,164.97998046875,165.22547912597656,38715
2020-12-09,111.32329559326172,164.04705810546875,166.49229431152344,164.0077667236328,166.03074645996094,65145
2020-12-10,111.596435546875,164.44967651367188,165.22547912597656,164.01759338378906,164.8621368408203,48915
2020-12-11,111.82305908203125,164.7835693359375,165.66738891601562,164.0077667236328,164.93087768554688,44496
2020-12-14,111.82975769042969,164.79339599609375,165.726318359375,164.7835693359375,164.8719482421875,45156
2020-12-15,112.05633544921875,165.1272735595703,166.34498596191406,164.79339599609375,164.79339599609375,47236
2020-12-16,112.08966064453125,165.17637634277344,166.2467803955078,165.0781707763672,165.2353057861328,42689
2020-12-17,112.55614471435547,165.86380004882812,166.3548126220703,165.53973388671875,165.53973388671875,29577
2020-12-18,112.62944030761719,165.97181701660156,166.9342041015625,165.71649169921875,165.86380004882812,40381
2020-12-21,113.28917694091797,166.9440155029297,166.9440155029297,164.97998046875,165.9325408935547,36222
2020-12-22,114.51534271240234,168.75094604492188,169.4285430908203,166.89491271972656,166.9440155029297,38637
2020-12-23,115.38836669921875,170.0373992919922,170.8721160888672,168.9178924560547,169.39907836914062,75034
2020-12-28,116.62120056152344,171.85414123535156,172.34515380859375,170.13560485839844,170.13560485839844,44761
2020-12-29,119.01356506347656,175.37960815429688,176.1455841064453,171.85414123535156,171.962158203125,27666
2020-12-30,120.61969757080078,177.74627685546875,178.1292724609375,175.37960815429688,175.37960815429688,37502
2021-01-04,119.78657531738281,176.5187530517578,177.24545288085938,175.7822265625,176.2732391357422,56378
2021-01-05,118.98030853271484,175.33050537109375,176.74461364746094,175.19302368164062,176.5187530517578,55500
2021-01-06,120.1664810180664,177.07850646972656,177.25526428222656,175.33050537109375,175.33050537109375,49012
2021-01-07,120.15318298339844,177.05886840820312,177.34365844726562,176.08665466308594,177.11778259277344,48333
2021-01-08,121.21941375732422,178.63009643554688,178.72830200195312,176.76425170898438,177.05886840820312,43437
2021-01-11,121.00617980957031,178.31585693359375,181.25210571289062,178.0408935546875,178.63009643554688,55775
2021-01-12,120.92620849609375,178.19801330566406,180.18170166015625,176.8133544921875,178.45333862304688,51812
2021-01-13,121.17943572998047,178.57118225097656,180.0540313720703,178.19801330566406,178.72830200195312,44026
2021-01-14,120.2530746459961,177.20616149902344,179.48446655273438,176.76425170898438,178.57118225097656,43627
2021-01-15,120.58638763427734,177.69717407226562,177.89358520507812,177.15707397460938,177.25526428222656,45423
2021-01-18,120.68629455566406,177.844482421875,179.4157257080078,177.70700073242188,177.79537963867188,44075
2021-01-19,120.95288848876953,178.23728942871094,179.00326538085938,177.844482421875,177.89358520507812,46313
2021-01-20,120.65290832519531,177.79537963867188,179.2193145751953,177.7855682373047,178.72830200195312,44918
2021-01-21,120.6662826538086,177.8150177001953,178.72830200195312,177.74627685546875,178.0408935546875,38047
2021-01-22,120.83953857421875,178.07034301757812,178.71849060058594,177.8150177001953,178.23728942871094,33896
2021-01-26,120.58638763427734,177.69717407226562,179.20950317382812,177.27491760253906,178.08999633789062,51406
2021-01-27,120.35307312011719,177.3534698486328,177.7855682373047,177.10797119140625,177.74627685546875,38557
2021-01-28,120.52637481689453,177.60879516601562,178.3354949951172,177.3927459716797,177.667724609375,33806
2021-01-29,119.719970703125,176.42054748535156,178.19801330566406,175.29122924804688,177.65789794921875,61892
2021-02-01,118.08067321777344,174.00477600097656,174.8002166748047,172.46299743652344,174.8002166748047,58301
2021-02-02,119.4534683227539,176.02774047851562,176.6660614013672,174.4073944091797,174.4073944091797,41477
2021-02-03,119.78657531738281,176.5187530517578,177.3534698486328,176.07684326171875,176.07684326171875,34847
2021-02-04,118.61377716064453,174.79039001464844,177.009765625,174.4073944091797,176.76425170898438,43471
2021-02-05,119.00027465820312,175.35997009277344,176.5187530517578,175.10462951660156,175.7822265625,33882
2021-02-08,118.5671157836914,174.72164916992188,175.69384765625,174.44668579101562,175.36978149414062,45191
2021-02-09,118.98030853271484,175.33050537109375,175.6840362548828,174.89840698242188,175.3992462158203,37034
2021-02-10,118.82035827636719,175.09481811523438,175.7822265625,174.8002166748047,175.4287109375,31050
2021-02-11,118.96031951904297,175.30104064941406,175.7724151611328,174.8002166748047,175.09481811523438,35078
2021-02-12,118.82035827636719,175.09481811523438,175.7822265625,174.859130859375,175.30104064941406,43080
2021-02-17,118.82035827636719,175.09481811523438,175.58583068847656,174.70201110839844,175.09481811523438,35065
2021-02-18,118.54713439941406,174.6921844482422,175.7822265625,173.70034790039062,175.09481811523438,39092
2021-02-19,118.62044525146484,174.8002166748047,175.38941955566406,174.26010131835938,174.8002166748047,40620
2021-02-22,118.32051086425781,174.35829162597656,175.21266174316406,171.6675567626953,174.8002166748047,92041
2021-02-23,119.12024688720703,175.53672790527344,175.53672790527344,173.79855346679688,174.35829162597656,54265
2021-02-24,119.10689544677734,175.51708984375,175.7822265625,174.81002807617188,175.53672790527344,45162
2021-02-25,118.65372467041016,174.84930419921875,175.7822265625,174.67254638671875,175.51708984375,46793
2021-02-26,119.28682708740234,175.7822265625,175.7822265625,174.947509765625,175.07518005371094,44266
2021-03-01,119.0869140625,175.4876251220703,175.7822265625,173.8280029296875,175.73313903808594,48823
2021-03-02,119.0069351196289,175.36978149414062,175.4876251220703,173.12095642089844,174.8002166748047,45967
2021-03-03,118.4671401977539,174.5743408203125,175.36978149414062,173.22897338867188,175.36978149414062,41804
2021-03-04,118.47380828857422,174.58416748046875,174.8002166748047,173.80836486816406,174.5743408203125,30412
2021-03-05,117.62745666503906,173.3369903564453,174.99661254882812,173.32717895507812,174.58416748046875,38195
2021-03-08,115.4283676147461,170.0963134765625,174.70201110839844,170.0963134765625,173.34681701660156,47000
2021-03-09,117.78742218017578,173.5726776123047,173.5726776123047,170.19451904296875,170.19451904296875,41710
2021-03-10,117.37427520751953,172.9638214111328,173.8181915283203,172.34515380859375,173.5726776123047,30562
2021-03-11,117.95406341552734,173.8181915283203,173.8181915283203,171.873779296875,173.8181915283203,29424
2021-03-12,117.95406341552734,173.8181915283203,174.06369018554688,172.0800018310547,172.83616638183594,32008
2021-03-15,117.95406341552734,173.8181915283203,174.3092041015625,173.3369903564453,173.71998596191406,36380
2021-03-16,117.80743408203125,173.60214233398438,174.3092041015625,172.39425659179688,173.8181915283203,37364
2021-03-17,117.42086791992188,173.03256225585938,173.8181915283203,172.58084106445312,173.60214233398438,34469
2021-03-18,116.75450897216797,172.050537109375,173.03256225585938,170.90158081054688,173.03256225585938,43291
2021-03-19,114.28877258300781,168.41705322265625,176.76425170898438,168.41705322265625,172.80670166015625,433159
2021-03-22,115.62162017822266,170.381103515625,171.45150756835938,168.64292907714844,169.6936798095703,67193
2021-03-23,114.62866973876953,168.9178924560547,171.89341735839844,168.46615600585938,170.381103515625,58542
2021-03-24,114.60865020751953,168.888427734375,170.23379516601562,167.8474884033203,169.2321319580078,46861
2021-03-25,113.64900970458984,167.4743194580078,169.8900909423828,167.44485473632812,169.28123474121094,34777
2021-03-26,113.0892333984375,166.6494140625,168.87860107421875,166.56103515625,167.484130859375,34230
2021-03-29,114.62196350097656,168.90806579589844,169.15357971191406,166.9440155029297,167.43502807617188,38962
2021-03-30,115.22183227539062,169.79188537597656,169.8900909423828,168.00460815429688,168.0242462158203,34700
2021-03-31,117.28097534179688,172.8263397216797,172.8263397216797,169.59548950195312,169.79188537597656,32311
2021-04-01,116.38796997070312,171.51043701171875,172.03089904785156,168.95716857910156,172.03089904785156,30550
2021-04-05,115.61489868164062,170.37127685546875,171.7559356689453,169.61512756347656,171.51043701171875,43613
2021-04-06,114.95519256591797,169.39907836914062,171.36312866210938,168.90806579589844,170.37127685546875,30703
2021-04-07,114.75523376464844,169.10447692871094,169.8900909423828,168.95716857910156,169.39907836914062,26491
2021-04-08,114.61528778076172,168.89825439453125,169.39907836914062,166.9440155029297,169.38926696777344,32053
2021-04-09,114.95519256591797,169.39907836914062,169.39907836914062,167.99478149414062,168.41705322265625,41155
2021-04-12,114.88188171386719,169.2910614013672,169.36961364746094,168.47598266601562,168.9178924560547,33507
2021-04-13,114.62196350097656,168.90806579589844,169.39907836914062,168.90806579589844,169.2910614013672,45456
2021-04-14,114.5619888305664,168.81968688964844,169.3401641845703,168.66256713867188,168.90806579589844,60619
2021-04-15,114.62196350097656,168.90806579589844,168.9178924560547,168.44651794433594,168.8098602294922,37318
2021-04-16,114.62196350097656,168.90806579589844,168.90806579589844,168.41705322265625,168.888427734375,40716
2021-04-19,114.30207824707031,168.4366912841797,168.89825439453125,168.4366912841797,168.89825439453125,38479
2021-04-20,114.12218475341797,168.1715545654297,168.83932495117188,167.9456787109375,168.800048828125,32220
2021-04-22,114.30207824707031,168.4366912841797,168.90806579589844,168.41705322265625,168.47598266601562,28936
2021-04-23,114.5619888305664,168.81968688964844,168.888427734375,168.31884765625,168.44651794433594,33025
2021-04-26,114.62866973876953,168.9178924560547,168.9178924560547,167.9358673095703,168.800048828125,43457
2021-04-27,114.58200073242188,168.84915161132812,168.8589630126953,168.4366912841797,168.7214813232422,24543
2021-04-28,113.95555877685547,167.92604064941406,168.84915161132812,167.92604064941406,168.84915161132812,44141
2021-04-29,114.68860626220703,169.0062713623047,169.87045288085938,167.92604064941406,167.92604064941406,38200
2021-04-30,115.95480346679688,170.8721160888672,170.99978637695312,169.0062713623047,169.0062713623047,33642
2021-05-03,114.28877258300781,168.41705322265625,169.87045288085938,167.72964477539062,169.87045288085938,33765
2021-05-04,113.98892211914062,167.9751434326172,168.90806579589844,167.64125061035156,168.41705322265625,32905
2021-05-05,113.95555877685547,167.92604064941406,168.800048828125,167.53323364257812,167.98497009277344,39295
2021-05-06,114.42868041992188,168.62327575683594,168.800048828125,167.92604064941406,167.92604064941406,35734
2021-05-07,114.39539337158203,168.5741729736328,168.62327575683594,168.23046875,168.62327575683594,42170
2021-05-10,113.90892791748047,167.8572998046875,168.62327575683594,167.8572998046875,168.5741729736328,32276
2021-05-11,113.55572509765625,167.33682250976562,168.36795043945312,166.63958740234375,167.8572998046875,40646
2021-05-12,113.868896484375,167.7983856201172,168.62327575683594,167.34664916992188,167.92604064941406,29441
2021-05-13,114.42868041992188,168.62327575683594,168.62327575683594,167.53323364257812,167.7983856201172,30893
2021-05-14,114.10887145996094,168.15191650390625,168.6036376953125,167.55287170410156,168.6036376953125,27242
2021-05-17,113.88227844238281,167.81802368164062,167.90640258789062,166.9440155029297,167.33682250976562,34232
2021-05-18,113.34913635253906,167.03240966796875,167.92604064941406,166.95384216308594,167.81802368164062,23923
2021-05-19,113.14256286621094,166.7279815673828,167.72964477539062,166.4530029296875,167.03240966796875,26309
2021-05-20,113.45577239990234,167.1895294189453,167.89659118652344,164.9897918701172,166.75743103027344,29763
2021-05-21,112.89599609375,166.3646240234375,167.572509765625,166.079833984375,167.23863220214844,24778
2021-05-24,112.96261596679688,166.46282958984375,167.15025329589844,166.20750427246094,166.73779296875,28008
2021-05-25,113.02262115478516,166.55120849609375,166.9440155029297,166.25660705566406,166.46282958984375,21938
2021-05-26,113.28917694091797,166.9440155029297,166.9440155029297,166.20750427246094,166.8458251953125,27317
2021-05-27,112.6493911743164,166.00128173828125,166.9342041015625,165.9619903564453,166.9342041015625,24424
2021-05-28,113.2558364868164,166.89491271972656,166.9440155029297,166.1584014892578,166.16822814941406,23065
2021-05-31,112.98265838623047,166.49229431152344,167.15025329589844,166.4530029296875,166.89491271972656,36563
2021-06-01,112.95594787597656,166.4530029296875,166.9440155029297,165.86380004882812,165.9619903564453,26962
2021-06-02,113.22254180908203,166.8458251953125,167.89659118652344,166.46282958984375,166.46282958984375,32064
2021-06-04,113.6090316772461,167.41539001464844,167.484130859375,166.78689575195312,166.8458251953125,23630
2021-06-07,111.2166519165039,163.88992309570312,167.41539001464844,163.88992309570312,167.41539001464844,87177
2021-06-08,110.22371673583984,162.4267120361328,164.68536376953125,162.4267120361328,164.19435119628906,54229
2021-06-09,111.30329895019531,164.01759338378906,165.9619903564453,162.55438232421875,162.81951904296875,43860
2021-06-10,111.32329559326172,164.04705810546875,164.97998046875,164.01759338378906,164.13543701171875,34040
2021-06-11,111.82305908203125,164.7835693359375,164.97998046875,163.01593017578125,164.05686950683594,30649
2021-06-14,111.64981079101562,164.5282440185547,166.2762451171875,164.4889678955078,164.4889678955078,34650
2021-06-15,111.96302032470703,164.9897918701172,166.2467803955078,164.53805541992188,164.53805541992188,39048
2021-06-16,112.35625457763672,165.56918334960938,166.3057098388672,165.47097778320312,165.63792419433594,30461
2021-06-17,111.63646697998047,164.50860595703125,165.4513397216797,164.2041778564453,164.97998046875,38317
2021-06-18,114.28213500976562,168.40724182128906,168.40724182128906,164.9897918701172,164.9897918701172,37960
2021-06-21,113.67570495605469,167.5135955810547,168.1126251220703,166.9440155029297,167.9358673095703,37003
2021-06-22,113.53575134277344,167.307373046875,167.91622924804688,166.95384216308594,167.62161254882812,54133
2021-06-23,113.65571594238281,167.484130859375,167.53323364257812,167.0520477294922,167.307373046875,37821
2021-06-24,113.95555877685547,167.92604064941406,168.40724182128906,167.3171844482422,167.484130859375,37209
2021-06-25,111.62313079833984,164.4889678955078,169.67404174804688,163.0355682373047,167.92604064941406,121186
2021-06-28,110.29035186767578,162.52491760253906,163.4087371826172,153.80455017089844,162.03390502929688,124501
2021-06-29,113.28917694091797,166.9440155029297,166.9440155029297,161.8767852783203,162.0830078125,55543
2021-06-30,112.35625457763672,165.56918334960938,167.90640258789062,164.99961853027344,166.98330688476562,40593
2021-07-01,112.36953735351562,165.5888214111328,167.53323364257812,165.5888214111328,166.65924072265625,60710
2021-07-02,113.1492691040039,166.73779296875,167.32701110839844,166.1584014892578,166.83599853515625,42355
2021-07-05,113.1492691040039,166.73779296875,166.9440155029297,165.52008056640625,166.78689575195312,22644
2021-07-06,113.1558837890625,166.74761962890625,166.95384216308594,166.38426208496094,166.73779296875,24910
2021-07-07,113.34244537353516,167.0225830078125,167.0520477294922,166.65924072265625,166.89491271972656,28210
2021-07-08,113.36245727539062,167.0520477294922,167.0520477294922,162.829345703125,167.03240966796875,71164
2021-07-12,113.28250885009766,166.9342041015625,167.0520477294922,164.4889678955078,167.0520477294922,69180
2021-07-13,113.28917694091797,166.9440155029297,167.0520477294922,166.74761962890625,167.0520477294922,47907
2021-07-14,113.23583984375,166.86546325683594,167.15025329589844,166.3351593017578,167.0520477294922,42131
2021-07-15,113.42247772216797,167.1404266357422,167.15025329589844,166.74761962890625,166.88510131835938,42684
2021-07-16,113.62237548828125,167.43502807617188,167.43502807617188,166.95384216308594,167.1404266357422,50250
2021-07-19,114.93518829345703,169.36961364746094,170.8721160888672,167.1404266357422,167.43502807617188,43817
2021-07-20,117.31427764892578,172.8754425048828,173.13076782226562,169.39907836914062,169.39907836914062,32638
2021-07-21,117.42086791992188,173.03256225585938,173.58250427246094,172.83616638183594,172.86561584472656,30008
2021-07-22,115.22183227539062,169.79188537597656,172.85580444335938,168.07334899902344,172.83616638183594,49856
2021-07-23,112.62944030761719,165.97181701660156,167.43502807617188,164.97998046875,167.43502807617188,67737
2021-07-26,113.38912963867188,167.09132385253906,168.74111938476562,166.9047393798828,166.9047393798828,33512
2021-07-27,112.52278137207031,165.814697265625,167.04222106933594,165.7066650390625,167.04222106933594,104694
2021-07-28,112.63611602783203,165.9816436767578,166.4431915283203,165.08799743652344,165.89324951171875,58722
2021-07-29,112.76270294189453,166.16822814941406,166.9342041015625,165.814697265625,165.9619903564453,43926
2021-07-30,112.60277557373047,165.9325408935547,166.40391540527344,165.66738891601562,166.17803955078125,173988
2021-08-02,111.30329895019531,164.01759338378906,166.16822814941406,164.01759338378906,165.9619903564453,49203
2021-08-03,111.30329895019531,164.01759338378906,164.45950317382812,163.85064697265625,164.02740478515625,40898
2021-08-04,110.23706817626953,162.44635009765625,163.99795532226562,162.44635009765625,163.99795532226562,45678
2021-08-05,110.23706817626953,162.44635009765625,163.27125549316406,161.95533752441406,162.44635009765625,33108
2021-08-06,110.9567642211914,163.50694274902344,163.97830200195312,162.44635009765625,162.44635009765625,39324
2021-08-09,109.99046325683594,162.0830078125,163.4971160888672,161.83749389648438,163.4971160888672,34813
2021-08-10,109.89051818847656,161.93569946289062,162.70167541503906,161.5428924560547,162.03390502929688,40892
2021-08-11,110.56352996826172,162.92755126953125,163.01593017578125,162.03390502929688,162.0928192138672,33586
2021-08-12,110.51692199707031,162.85879516601562,163.01593017578125,160.9340362548828,163.01593017578125,36614
2021-08-13,110.78345489501953,163.25161743164062,163.60513305664062,162.03390502929688,162.85879516601562,80485
2021-08-16,110.82347106933594,163.31053161621094,163.4676513671875,162.917724609375,163.2123260498047,34307
2021-08-17,110.47029876708984,162.79005432128906,163.31053161621094,162.52491760253906,163.24179077148438,31717
2021-08-18,108.95753479003906,160.5608673095703,162.8882598876953,160.07968139648438,162.79005432128906,47031
2021-08-19,109.11082458496094,160.78672790527344,162.01426696777344,160.3939208984375,160.5608673095703,105062
2021-08-20,108.61763000488281,160.06002807617188,161.04205322265625,159.20567321777344,160.78672790527344,56545
2021-08-23,109.15743255615234,160.85546875,161.0518798828125,159.59848022460938,160.06002807617188,49174
2021-08-24,108.09119415283203,159.28424072265625,160.65907287597656,159.1074676513672,160.020751953125,76554
2021-08-25,108.33113098144531,159.6377716064453,160.54122924804688,159.5886688232422,159.5886688232422,36400
2021-08-26,108.41773223876953,159.7654266357422,160.3841094970703,159.62794494628906,159.7654266357422,35393
2021-08-27,108.99085235595703,160.60997009277344,161.01260375976562,159.78506469726562,159.78506469726562,36352
2021-08-30,109.42404174804688,161.248291015625,161.86695861816406,160.61978149414062,160.61978149414062,30890
2021-08-31,108.49771881103516,159.88327026367188,162.18121337890625,159.62794494628906,161.52325439453125,48374
2021-09-01,107.69133758544922,158.6950225830078,160.46266174316406,158.68519592285156,159.51010131835938,49074
2021-09-02,107.52474212646484,158.4495086669922,160.11895751953125,157.8112030029297,158.79322814941406,40904
2021-09-03,106.96497344970703,157.62461853027344,159.3824462890625,157.6147918701172,158.80303955078125,38253
2021-09-06,108.18450164794922,159.42172241210938,160.06002807617188,157.7228240966797,157.80137634277344,29106
2021-09-08,107.8779296875,158.96998596191406,159.87344360351562,158.20401000976562,159.42172241210938,35315
2021-09-09,108.5176773071289,159.91273498535156,160.04039001464844,158.62628173828125,158.96998596191406,39427
2021-09-10,107.99124145507812,159.13693237304688,160.04039001464844,158.62628173828125,158.9307098388672,32102
2021-09-13,108.077880859375,159.2646026611328,159.82435607910156,158.8914337158203,159.13693237304688,32719
2021-09-14,107.82466125488281,158.8914337158203,159.82435607910156,158.8914337158203,159.2646026611328,28872
2021-09-15,108.41104888916016,159.755615234375,159.82435607910156,158.9896240234375,158.9896240234375,35229
2021-09-16,108.1112060546875,159.31369018554688,159.86363220214844,159.31369018554688,159.755615234375,28019
2021-09-17,107.91791534423828,159.02891540527344,159.86363220214844,159.02891540527344,159.31369018554688,45891
2021-09-20,107.45812225341797,158.351318359375,159.37261962890625,158.28257751464844,159.02891540527344,39315
2021-09-21,107.151611328125,157.8995819091797,159.05836486816406,157.8112030029297,158.34149169921875,40690
2021-09-22,108.09119415283203,159.28424072265625,159.57884216308594,157.8995819091797,157.8995819091797,44690
2021-09-23,108.12454986572266,159.33334350585938,160.020751953125,159.03872680664062,159.13693237304688,31395
2021-09-24,108.35108947753906,159.66722106933594,159.77525329589844,158.6950225830078,159.33334350585938,27892
2021-09-27,108.95753479003906,160.5608673095703,160.59033203125,159.4806365966797,159.6770477294922,39577
2021-09-28,108.75093078613281,160.25643920898438,160.59033203125,160.06985473632812,160.5608673095703,27979
2021-09-29,108.7242431640625,160.2171630859375,160.26626586914062,159.68685913085938,160.24661254882812,31134
2021-09-30,109.95711517333984,162.03390502929688,162.5740203857422,160.2269744873047,160.26626586914062,43531
2021-10-01,109.29072570800781,161.0518798828125,161.83749389648438,160.7572784423828,161.5428924560547,35095
2021-10-04,109.15743255615234,160.85546875,161.9749755859375,160.76708984375,161.32684326171875,35409
2021-10-05,108.77093505859375,160.28590393066406,161.78839111328125,159.6770477294922,161.10098266601562,38655
2021-10-06,109.29072570800781,161.0518798828125,161.77857971191406,160.29571533203125,160.98313903808594,34419
2021-10-07,109.32408142089844,161.10098266601562,161.5919952392578,160.59033203125,161.0518798828125,28000
2021-10-08,109.62397766113281,161.5428924560547,161.66073608398438,160.99295043945312,161.10098266601562,29387
2021-10-11,110.62349700927734,163.01593017578125,163.80154418945312,161.23846435546875,161.5428924560547,30828
2021-10-13,109.24409484863281,160.98313903808594,165.19601440429688,160.85546875,163.01593017578125,52223
2021-10-14,109.29072570800781,161.0518798828125,161.0518798828125,160.7965545654297,161.0518798828125,31599
2021-10-15,110.62349700927734,163.01593017578125,163.2123260498047,161.0518798828125,161.0518798828125,33742
2021-10-18,111.40987396240234,164.17471313476562,164.47914123535156,163.01593017578125,163.04537963867188,34022
2021-10-19,111.62979125976562,164.498779296875,165.53973388671875,163.6345977783203,164.17471313476562,44163
2021-10-20,112.38954162597656,165.6182861328125,166.1092987060547,164.4889678955078,164.498779296875,29344
2021-10-21,111.62313079833984,164.4889678955078,165.9619903564453,164.40057373046875,165.28440856933594,31917
2021-10-22,111.28997802734375,163.99795532226562,165.3629608154297,162.11245727539062,165.3629608154297,39651
2021-10-25,111.40987396240234,164.17471313476562,164.39076232910156,163.99795532226562,163.99795532226562,36229
2021-10-26,111.58982849121094,164.4398651123047,165.63792419433594,164.0077667236328,164.17471313476562,29751
2021-10-27,111.19666290283203,163.8604736328125,164.97015380859375,163.4873046875,164.43003845214844,24538
2021-10-28,110.16375732421875,162.3383331298828,163.97830200195312,161.5428924560547,163.8604736328125,31319
2021-10-29,111.28997802734375,163.99795532226562,164.19435119628906,162.3383331298828,162.3383331298828,29706
2021-11-01,109.81718444824219,161.8276824951172,163.4676513671875,161.10098266601562,162.9962921142578,33767
2021-11-03,108.85758972167969,160.41355895996094,162.52491760253906,159.09765625,161.83749389648438,39096
2021-11-04,107.49144744873047,158.40042114257812,160.54122924804688,157.62461853027344,160.41355895996094,32986
2021-11-05,107.57804107666016,158.528076171875,160.3350067138672,157.5755157470703,158.47897338867188,37558
2021-11-08,107.02490234375,157.71299743652344,159.70651245117188,157.123779296875,158.77359008789062,37902
2021-11-09,106.6250991821289,157.123779296875,158.42987060546875,157.123779296875,157.71299743652344,38898
2021-11-10,106.47181701660156,156.89791870117188,158.0959930419922,156.89791870117188,157.1532440185547,32337
2021-11-11,106.2918930053711,156.6327667236328,158.0763397216797,155.89625549316406,157.08450317382812,34693
2021-11-12,106.6250991821289,157.123779296875,157.123779296875,156.14175415039062,156.6327667236328,27775
2021-11-16,106.06532287597656,156.29888916015625,158.0763397216797,156.15158081054688,157.123779296875,33729
2021-11-17,105.29228973388672,155.1597442626953,157.123779296875,154.20716857910156,156.29888916015625,47616
2021-11-18,104.89909362792969,154.58033752441406,157.035400390625,154.20716857910156,155.1597442626953,44806
2021-11-19,105.89208221435547,156.04356384277344,156.53457641601562,154.75711059570312,155.1990203857422,24959
2021-11-22,105.45886993408203,155.40524291992188,156.04356384277344,154.17771911621094,155.93553161621094,38751
2021-11-23,104.93243408203125,154.6294403076172,155.68020629882812,154.18753051757812,155.40524291992188,28295
2021-11-24,103.49299621582031,152.50827026367188,155.1597442626953,152.468994140625,154.6294403076172,39990
2021-11-25,104.5525894165039,154.06968688964844,154.89459228515625,152.5279083251953,152.5279083251953,30299
2021-11-26,105.20561218261719,155.03207397460938,156.2792510986328,152.11546325683594,154.05987548828125,46822
2021-11-29,106.5851058959961,157.0648651123047,158.0959930419922,154.68836975097656,155.03207397460938,37053
2021-11-30,106.6250991821289,157.123779296875,158.57717895507812,156.14175415039062,157.09432983398438,30678
2021-12-01,106.92499542236328,157.56568908691406,158.0959930419922,156.67205810546875,156.67205810546875,34623
2021-12-02,107.3048324584961,158.1254425048828,159.25477600097656,156.6916961669922,157.56568908691406,29395
2021-12-03,107.88461303710938,158.9798126220703,162.03390502929688,157.1532440185547,158.1254425048828,27693
2021-12-06,108.35778045654297,159.6770477294922,161.0518798828125,158.6459197998047,158.9896240234375,36326
2021-12-07,108.74427032470703,160.24661254882812,161.5036163330078,159.9421844482422,160.06985473632812,25781
2021-12-08,108.62433624267578,160.06985473632812,161.83749389648438,157.6147918701172,160.85546875,32813
2021-12-09,107.67137145996094,158.66555786132812,160.03057861328125,158.38076782226562,160.0109405517578,29029
2021-12-10,106.6250991821289,157.123779296875,160.04039001464844,157.123779296875,158.66555786132812,31926
2021-12-13,106.75836181640625,157.3201904296875,160.020751953125,157.123779296875,157.3201904296875,41624
2021-12-14,106.38516998291016,156.77024841308594,159.54937744140625,156.41673278808594,157.33982849121094,40127
2021-12-15,106.31188201904297,156.6622314453125,158.29238891601562,156.6327667236328,157.123779296875,36488
2021-12-16,106.89168548583984,157.5166015625,158.25311279296875,156.6622314453125,156.6622314453125,27178
2021-12-17,113.18921661376953,166.79672241210938,166.79672241210938,157.6147918701172,157.7228240966797,54007
2021-12-20,111.0966796875,163.71316528320312,164.7835693359375,161.74911499023438,162.8882598876953,42517
2021-12-21,109.29072570800781,161.0518798828125,164.97998046875,160.5608673095703,163.71316528320312,32718
2021-12-22,109.91046905517578,161.9651641845703,163.31053161621094,161.0518798828125,161.0518798828125,22540
2021-12-23,111.22994232177734,163.90956115722656,163.9193878173828,161.74911499023438,161.9651641845703,23316
2021-12-27,112.48949432373047,165.76559448242188,165.9619903564453,163.90956115722656,164.4889678955078,36020
2021-12-28,113.28917694091797,166.9440155029297,166.9440155029297,165.80487060546875,166.0700225830078,22952
2021-12-29,113.70234680175781,167.55287170410156,167.92604064941406,166.21731567382812,166.9440155029297,22370
2021-12-30,113.66239166259766,167.49395751953125,167.90640258789062,166.29588317871094,167.63143920898438,28475
2022-01-03,112.40950012207031,165.6477508544922,167.43502807617188,165.16656494140625,166.55120849609375,31310
2022-01-04,112.53614044189453,165.83433532714844,166.9440155029297,165.6477508544922,165.6477508544922,24597
2022-01-05,111.75646209716797,164.68536376953125,166.74761962890625,164.68536376953125,165.85397338867188,28924
2022-01-06,111.88971710205078,164.88177490234375,165.65757751464844,162.18121337890625,164.97998046875,33342
2022-01-07,111.94305419921875,164.9603271484375,166.32534790039062,163.04537963867188,164.97015380859375,25960
2022-01-10,112.20293426513672,165.34332275390625,165.94235229492188,163.7229766845703,164.9603271484375,38327
2022-01-11,112.5694580078125,165.88343811035156,165.9619903564453,164.19435119628906,165.34332275390625,31737
2022-01-12,112.63611602783203,165.9816436767578,166.3057098388672,164.4889678955078,165.5299072265625,29242
2022-01-13,112.88932800292969,166.3548126220703,166.71815490722656,165.62811279296875,166.01109313964844,22563
2022-01-14,113.40914916992188,167.12078857421875,167.4252166748047,165.97181701660156,166.3548126220703,30977
2022-01-17,114.42868041992188,168.62327575683594,168.87860107421875,167.12078857421875,167.12078857421875,32758
2022-01-18,115.2551040649414,169.8409881591797,169.86062622070312,168.56436157226562,168.62327575683594,34919
2022-01-19,115.1484603881836,169.68386840820312,170.7248077392578,168.61346435546875,169.8409881591797,36124
2022-01-20,115.76152038574219,170.5873260498047,170.7248077392578,169.68386840820312,169.68386840820312,23098
2022-01-21,115.68824768066406,170.47930908203125,171.5006103515625,170.0963134765625,170.5775146484375,24236
2022-01-24,114.92855072021484,169.35980224609375,170.8721160888672,168.61346435546875,170.47930908203125,31688
2022-01-25,115.05516815185547,169.54638671875,170.86228942871094,168.61346435546875,169.50711059570312,28530
2022-01-26,111.9830322265625,165.01925659179688,169.8900909423828,164.0372314453125,168.40724182128906,68976
2022-01-27,112.93595886230469,166.42355346679688,169.0062713623047,164.39076232910156,165.01925659179688,39485
2022-01-28,113.38246154785156,167.0814971923828,168.90806579589844,166.06019592285156,166.9440155029297,26549
2022-01-31,113.65571594238281,167.484130859375,167.8474884033203,166.3548126220703,167.0814971923828,31995
2022-02-01,113.71566009521484,167.572509765625,168.31884765625,165.97181701660156,166.40391540527344,23993
2022-02-02,113.44908142089844,167.17970275878906,168.1715545654297,166.9440155029297,167.67071533203125,21393
2022-02-03,112.68936920166016,166.06019592285156,167.92604064941406,165.19601440429688,167.23863220214844,25830
2022-02-04,112.02294921875,165.0781707763672,166.826171875,165.0781707763672,166.06019592285156,22512
2022-02-07,111.38992309570312,164.14524841308594,165.76559448242188,163.28106689453125,165.0781707763672,33381
2022-02-08,111.48987579345703,164.2925567626953,165.0781707763672,164.1550750732422,164.39076232910156,22710
2022-02-09,111.91641998291016,164.92105102539062,165.52008056640625,164.30238342285156,164.30238342285156,16286
2022-02-10,112.54279327392578,165.84414672851562,166.3351593017578,164.55770874023438,164.91123962402344,30890
2022-02-11,111.94969177246094,164.97015380859375,166.3646240234375,164.50860595703125,165.84414672851562,22382
2022-02-14,110.62349700927734,163.01593017578125,164.9603271484375,163.01593017578125,164.82284545898438,37010
2022-02-15,111.62979125976562,164.498779296875,164.77374267578125,163.01593017578125,163.01593017578125,22903
2022-02-16,110.69022369384766,163.1141357421875,164.7541046142578,163.1141357421875,164.28273010253906,30339
2022-02-17,111.37657165527344,164.1256103515625,164.4398651123047,163.56585693359375,163.5854949951172,16754
2022-02-18,112.17630004882812,165.30404663085938,165.74595642089844,164.1256103515625,164.4889678955078,21610
2022-02-21,111.2166519165039,163.88992309570312,165.29421997070312,163.70333862304688,165.08799743652344,22072
2022-02-22,110.61022186279297,162.9962921142578,164.97998046875,162.07318115234375,164.1157989501953,27716
2022-02-23,110.16375732421875,162.3383331298828,162.90789794921875,162.07318115234375,162.52491760253906,23515
2022-02-24,109.29737854003906,161.06170654296875,162.22048950195312,159.40208435058594,162.03390502929688,31398
2022-02-25,111.28997802734375,163.99795532226562,163.99795532226562,161.06170654296875,161.06170654296875,24939
2022-03-02,110.61022186279297,162.9962921142578,163.98812866210938,161.0518798828125,163.5462188720703,25099
2022-03-03,110.42364501953125,162.7213134765625,163.88992309570312,162.52491760253906,162.98646545410156,21625
2022-03-04,109.3707504272461,161.1697235107422,163.2123260498047,161.15989685058594,162.81951904296875,26674
2022-03-07,108.49104309082031,159.87344360351562,162.03390502929688,159.87344360351562,161.7196502685547,39975
2022-03-08,107.46480560302734,158.3611297607422,160.24661254882812,158.351318359375,159.87344360351562,48094
2022-03-09,107.62474060058594,158.59681701660156,159.92254638671875,158.33168029785156,158.351318359375,40554
2022-03-10,107.32484436035156,158.1549072265625,159.9912872314453,158.1549072265625,158.8914337158203,35955
2022-03-11,107.62474060058594,158.59681701660156,159.54937744140625,158.59681701660156,159.08782958984375,25583
2022-03-14,107.15825653076172,157.90940856933594,159.5690155029297,157.76210021972656,158.59681701660156,34524
2022-03-15,107.29151153564453,158.10580444335938,159.4806365966797,157.8112030029297,158.05670166015625,33783
2022-03-16,107.09825897216797,157.82101440429688,158.83250427246094,157.71299743652344,158.10580444335938,35747
2022-03-17,107.2115249633789,157.9879608154297,158.53790283203125,157.85047912597656,158.0959930419922,27149
2022-03-18,107.29151153564453,158.10580444335938,158.70484924316406,157.9781494140625,158.08616638183594,33794
2022-03-21,107.15825653076172,157.90940856933594,159.08782958984375,157.8112030029297,158.10580444335938,36112
2022-03-22,107.4181137084961,158.29238891601562,159.08782958984375,158.04689025878906,158.05670166015625,27572
2022-03-23,107.46480560302734,158.3611297607422,159.33334350585938,158.29238891601562,158.30221557617188,27267
2022-03-24,107.82466125488281,158.8914337158203,159.2449493408203,158.30221557617188,158.8914337158203,24295
2022-03-25,109.12409210205078,160.80636596679688,160.85546875,159.08782958984375,159.08782958984375,22887
2022-03-28,108.62433624267578,160.06985473632812,161.04205322265625,159.82435607910156,160.26626586914062,25191
2022-03-29,108.82424926757812,160.3644561767578,161.0224151611328,159.9421844482422,160.06985473632812,22832
2022-03-30,109.29072570800781,161.0518798828125,161.0518798828125,160.5117645263672,160.68853759765625,18486
2022-03-31,108.95753479003906,160.5608673095703,162.96682739257812,160.3841094970703,161.00277709960938,28441
2022-04-01,109.43387603759766,160.17787170410156,161.9651641845703,160.08949279785156,160.95367431640625,30878
2022-04-04,109.82971954345703,160.7572784423828,161.15008544921875,160.17787170410156,160.19752502441406,29721
2022-04-05,110.03101348876953,161.0518798828125,162.03390502929688,160.74745178222656,160.74745178222656,20371
2022-04-06,111.70830535888672,163.50694274902344,163.96849060058594,161.2188262939453,161.2188262939453,22929
2022-04-07,111.90959167480469,163.80154418945312,163.99795532226562,163.18287658691406,163.50694274902344,23386
2022-04-08,111.73511505126953,163.5462188720703,163.60513305664062,163.01593017578125,163.55604553222656,18572
2022-04-11,112.09745025634766,164.07650756835938,164.3318328857422,163.01593017578125,163.50694274902344,23999
2022-04-12,111.70157623291016,163.4971160888672,164.83267211914062,163.4971160888672,164.34165954589844,21296
2022-04-13,110.25392150878906,161.37820434570312,163.42221069335938,160.74623107910156,163.42221069335938,33562
2022-04-14,110.63172149658203,161.93116760253906,161.9410400390625,161.62506103515625,161.69418334960938,30799
2022-04-18,110.6385269165039,161.9410400390625,162.8001251220703,161.93116760253906,161.93116760253906,29772
2022-04-19,109.75472259521484,160.64749145507812,162.4347686767578,160.4598846435547,162.0891571044922,32483
2022-04-20,109.85590362548828,160.7956085205078,161.15109252929688,160.7067413330078,160.95359802246094,25836
2022-04-22,109.9638442993164,160.95359802246094,161.93116760253906,160.77586364746094,160.7956085205078,18469
2022-04-25,109.8896255493164,160.84498596191406,161.93116760253906,160.60800170898438,160.96347045898438,34219
2022-04-26,109.89640808105469,160.8548583984375,161.38807678222656,160.83511352539062,160.84498596191406,27690
2022-04-27,110.03807067871094,161.06222534179688,161.23008728027344,160.7067413330078,160.9141082763672,23729
2022-04-28,110.16622161865234,161.2498321533203,161.74356079101562,160.87460327148438,161.05233764648438,24267
2022-04-29,110.65196990966797,161.96080017089844,162.4347686767578,161.2498321533203,161.2498321533203,28974
2022-05-02,110.29199981689453,160.35125732421875,161.9410400390625,159.669921875,161.9410400390625,30704
2022-05-03,110.06109619140625,160.01553344726562,161.40782165527344,159.9464111328125,160.4598846435547,36912
2022-05-04,109.99324798583984,159.91677856445312,160.95359802246094,159.47242736816406,160.4598846435547,29109
2022-05-05,110.02713775634766,159.96615600585938,160.311767578125,159.07745361328125,160.26239013671875,27956
2022-05-06,109.91165924072266,159.7982940673828,160.65736389160156,159.76866149902344,160.02540588378906,25237
2022-05-09,109.85053253173828,159.7094268798828,159.96615600585938,159.37368774414062,159.7982940673828,27483
2022-05-10,110.02713775634766,159.96615600585938,160.90423583984375,159.71929931640625,159.86741638183594,19637
2022-05-11,110.53649139404297,160.7067413330078,161.78305053710938,159.96615600585938,159.96615600585938,21505
2022-05-12,110.17652893066406,160.1833953857422,161.50657653808594,159.96615600585938,160.7067413330078,19592
2022-05-13,110.9508056640625,161.30908203125,162.039794921875,160.3611297607422,160.3611297607422,22459
2022-05-16,110.76746368408203,161.04246520996094,161.69418334960938,161.0325927734375,161.2498321533203,28634
2022-05-17,110.63841247558594,160.8548583984375,161.69418334960938,160.4598846435547,161.06222534179688,29916
2022-05-18,110.5704574584961,160.75611877441406,161.20045471191406,160.6178741455078,160.8548583984375,23147
2022-05-19,110.31914520263672,160.39076232910156,160.95359802246094,160.0648956298828,160.75611877441406,22295
2022-05-20,110.5704574584961,160.75611877441406,160.9141082763672,160.2525177001953,160.59811401367188,24370
2022-05-23,110.3667221069336,160.4598846435547,161.02272033691406,160.4598846435547,160.74623107910156,40520
2022-05-24,110.09500885009766,160.0648956298828,160.9437255859375,160.02540588378906,160.64749145507812,35522
2022-05-25,110.1017837524414,160.07476806640625,160.78573608398438,160.07476806640625,160.22288513183594,24507
2022-05-26,111.2156982421875,161.69418334960938,161.69418334960938,160.14389038085938,160.1636505126953,34732
2022-05-27,112.13941955566406,163.037109375,163.42221069335938,161.69418334960938,161.69418334960938,23350
2022-05-30,111.62320709228516,162.28665161132812,163.01736450195312,161.14122009277344,162.83961486816406,29477
2022-05-31,112.13257598876953,163.02723693847656,163.11610412597656,162.13853454589844,162.2767791748047,24621
2022-06-01,111.16850280761719,160.5487518310547,161.93116760253906,160.1636505126953,161.66456604003906,44298
2022-06-02,110.81299591064453,160.0352783203125,160.8548583984375,159.96615600585938,160.5487518310547,34019
2022-06-03,111.35992431640625,160.82522583007812,160.95359802246094,160.0648956298828,160.0648956298828,32473
2022-06-06,111.03861236572266,160.3611297607422,161.41769409179688,160.08465576171875,160.8548583984375,33132
2022-06-07,111.0727767944336,160.41050720214844,160.89434814453125,160.08465576171875,160.55862426757812,27484
2022-06-08,110.99072265625,160.29200744628906,160.84498596191406,160.11427307128906,160.41050720214844,27107
2022-06-09,110.56001281738281,159.669921875,160.8153533935547,159.47242736816406,160.46975708007812,35363
2022-06-10,111.45565032958984,160.96347045898438,161.1214599609375,160.07476806640625,160.07476806640625,31332
2022-06-13,110.76512145996094,159.96615600585938,161.39794921875,159.96615600585938,160.96347045898438,48721
2022-06-14,111.5240707397461,161.06222534179688,161.34857177734375,160.08465576171875,160.4598846435547,35547
2022-06-15,111.70862579345703,161.32882690429688,161.44732666015625,160.96347045898438,161.06222534179688,34322
2022-06-17,107.2848892211914,154.9400634765625,161.83242797851562,154.9400634765625,161.31895446777344,157105
2022-06-20,110.62835693359375,159.76866149902344,160.4598846435547,159.37368774414062,159.57118225097656,54590
2022-06-21,111.28473663330078,160.71661376953125,160.73635864257812,159.86741638183594,159.87728881835938,30152
2022-06-22,111.44886779785156,160.95359802246094,161.41769409179688,160.71661376953125,160.71661376953125,19178
2022-06-23,111.05909729003906,160.39076232910156,161.0325927734375,160.0352783203125,160.95359802246094,22040
2022-06-24,111.15483856201172,160.52899169921875,160.64749145507812,159.95628356933594,160.39076232910156,24421
2022-06-27,111.31208038330078,160.75611877441406,161.59544372558594,160.52899169921875,160.52899169921875,26560
2022-06-28,110.9770736694336,160.2722625732422,161.05233764648438,160.26239013671875,160.80548095703125,36215
2022-06-29,111.44886779785156,160.95359802246094,161.2498321533203,160.3611297607422,160.4499969482422,21997
2022-06-30,112.41975402832031,162.35577392578125,162.4051513671875,160.96347045898438,160.96347045898438,29819
2022-07-01,112.18952178955078,158.77134704589844,160.82522583007812,158.19862365722656,159.59092712402344,52589
2022-07-04,112.61514282226562,159.37368774414062,159.7587890625,158.850341796875,158.9095916748047,40654
2022-07-05,112.95700073242188,159.8575439453125,159.92665100097656,159.37368774414062,159.37368774414062,31895
2022-07-06,112.76860046386719,159.59092712402344,159.93653869628906,159.1761932373047,159.8575439453125,27484
2022-07-07,112.96400451660156,159.86741638183594,159.95628356933594,159.0873260498047,159.59092712402344,24472
2022-07-08,113.03378295898438,159.96615600585938,159.96615600585938,159.4822998046875,159.86741638183594,26002
2022-07-11,113.34772491455078,160.41050720214844,160.59811401367188,159.76866149902344,159.96615600585938,27215
2022-07-12,113.52217864990234,160.65736389160156,160.9437255859375,160.489501953125,160.55862426757812,22807
2022-07-13,113.16634368896484,160.1537628173828,160.77586364746094,159.96615600585938,160.667236328125,27532
2022-07-14,113.85009765625,161.1214599609375,161.19058227539062,160.0352783203125,160.14389038085938,39265
2022-07-15,114.10826873779297,161.48681640625,161.93116760253906,161.11158752441406,161.1214599609375,31812
2022-07-18,115.05720520019531,162.82974243164062,163.56045532226562,161.84230041503906,161.8521728515625,30402
2022-07-19,115.22463989257812,163.0667266845703,163.2247314453125,162.13853454589844,162.82974243164062,33815
2022-07-20,115.378173828125,163.28396606445312,163.87643432617188,162.91860961914062,163.0667266845703,33521
2022-07-21,114.82000732421875,162.4940185546875,164.21217346191406,162.48414611816406,162.92849731445312,27850
2022-07-22,115.88056945800781,163.99493408203125,164.1825408935547,163.0766143798828,163.51107788085938,22777
2022-07-25,116.68293762207031,165.1304931640625,165.406982421875,164.034423828125,164.17266845703125,30167
2022-07-26,115.81774139404297,163.90606689453125,166.0784454345703,163.2247314453125,165.1304931640625,45858
2022-07-27,116.90621948242188,165.44647216796875,165.6439666748047,164.6367645263672,165.29835510253906,25680
2022-07-28,117.48531341552734,166.26605224609375,166.36480712890625,165.08111572265625,165.39710998535156,35998
2022-07-29,117.66677856445312,166.52279663085938,166.7696533203125,164.9132537841797,165.9895782470703,40107
2022-08-01,116.8028564453125,164.2220458984375,165.69334411621094,163.92581176757812,165.4365997314453,36485
2022-08-02,116.84506225585938,164.2812957763672,165.05149841308594,164.21217346191406,164.41954040527344,29365
2022-08-03,117.07678985595703,164.60714721679688,164.90338134765625,164.41954040527344,164.66639709472656,25827
2022-08-04,117.65970611572266,165.42672729492188,165.42672729492188,164.51828002929688,164.60714721679688,21961
2022-08-05,118.05301666259766,165.9796905517578,166.08831787109375,165.39710998535156,165.42672729492188,21262
2022-08-08,117.98279571533203,165.88095092773438,166.17718505859375,165.4365997314453,165.8908233642578,28826
2022-08-09,118.65702819824219,166.8289031982422,166.8289031982422,165.90069580078125,165.90069580078125,22695
2022-08-10,119.18379211425781,167.56948852539062,167.59910583496094,166.38455200195312,166.8289031982422,21930
2022-08-11,119.48572540283203,167.99407958984375,168.85316467285156,167.56948852539062,167.86572265625,26368
2022-08-12,120.37770080566406,169.24813842773438,169.84060668945312,167.99407958984375,168.00396728515625,33470
2022-08-15,121.3399429321289,170.60093688964844,170.9268035888672,168.9025421142578,169.34689331054688,105462
2022-08-16,120.72886657714844,169.7418670654297,171.8155059814453,168.75442504882812,170.31459045410156,35249
2022-08-17,120.70079803466797,169.70236206054688,170.43307495117188,169.69248962402344,169.7418670654297,30233
2022-08-18,121.00978088378906,170.1368408203125,170.5614471435547,169.7418670654297,169.92947387695312,31598
2022-08-19,120.77804565429688,169.8109893798828,170.6305694580078,168.85316467285156,170.1368408203125,28072
2022-08-22,119.74560546875,168.35943603515625,170.81817626953125,167.99407958984375,169.8109893798828,36237
2022-08-23,118.7904281616211,167.01651000976562,169.21852111816406,166.87826538085938,168.35943603515625,33891
2022-08-24,117.77911376953125,165.59458923339844,167.94471740722656,165.32798767089844,167.18438720703125,39827
2022-08-25,117.33665466308594,164.97250366210938,166.83877563476562,164.90338134765625,165.8908233642578,33384
2022-08-26,117.77911376953125,165.59458923339844,165.88095092773438,165.1699981689453,165.406982421875,29773
2022-08-29,119.0362548828125,167.36212158203125,167.63861083984375,165.90069580078125,166.0389404296875,32492
2022-08-30,119.79476165771484,168.42855834960938,168.94203186035156,167.3522491455078,167.36212158203125,30606
2022-08-31,121.14318084716797,170.324462890625,170.3738250732422,168.85316467285156,168.85316467285156,25628
2022-09-01,120.16078186035156,167.86572265625,169.8307342529297,167.4411163330078,169.23826599121094,38288
2022-09-02,119.80731201171875,167.3719940185547,168.85316467285156,167.3719940185547,167.96446228027344,28727
2022-09-05,119.45391845703125,166.87826538085938,167.74722290039062,166.77952575683594,167.38186645507812,32385
2022-09-06,119.62352752685547,167.11526489257812,168.22119140625,166.87826538085938,166.87826538085938,27844
2022-09-08,119.24186706542969,166.58204650878906,167.70773315429688,165.9895782470703,167.1942596435547,35644
2022-09-09,119.1075439453125,166.39442443847656,166.87826538085938,165.8908233642578,166.5919189453125,32149
2022-09-12,118.27349853515625,165.22923278808594,166.87826538085938,163.9850616455078,166.87826538085938,40394
2022-09-13,118.34420013427734,165.32798767089844,165.8908233642578,164.9132537841797,165.3082275390625,33222
2022-09-14,118.17453002929688,165.09100341796875,165.48597717285156,164.17266845703125,165.406982421875,33549
2022-09-15,117.99785614013672,164.84413146972656,167.20413208007812,164.51828002929688,165.09100341796875,41177
2022-09-16,122.9880142211914,171.8155059814453,171.8155059814453,162.05953979492188,165.1897430419922,288414
2022-09-19,121.94194793701172,170.3540802001953,170.81817626953125,167.96446228027344,168.85316467285156,61739
2022-09-20,122.35189056396484,170.9268035888672,171.24278259277344,169.93936157226562,170.33433532714844,37958
2022-09-21,121.57440185546875,169.84060668945312,171.16378784179688,169.3765106201172,170.97616577148438,26312
2022-09-22,121.58851623535156,169.8603515625,170.81817626953125,169.69248962402344,169.84060668945312,27208
2022-09-23,121.34822082519531,169.52462768554688,170.6305694580078,169.14939880371094,169.93936157226562,30545
2022-09-26,121.05134582519531,169.10989379882812,170.31459045410156,168.9025421142578,169.52462768554688,16098
2022-09-27,120.79691314697266,168.75442504882812,169.7418670654297,168.20144653320312,169.6826171875,27217
2022-09-28,120.8322525024414,168.8037872314453,169.6826171875,168.8037872314453,169.43576049804688,23529
2022-09-29,121.05134582519531,169.10989379882812,169.10989379882812,168.5569305419922,168.8037872314453,17645
2022-09-30,121.22098541259766,169.34689331054688,169.3567657470703,168.70504760742188,169.10989379882812,33355
2022-10-03,119.15796661376953,165.39710998535156,167.86572265625,165.05149841308594,167.86572265625,63249
2022-10-04,118.19757843017578,164.06405639648438,165.3477325439453,161.44732666015625,165.318115234375,98808
2022-10-05,118.82357788085938,164.93299865722656,165.8019561767578,163.02723693847656,164.06405639648438,58680
2022-10-06,119.67727661132812,166.11793518066406,166.74990844726562,164.32078552246094,164.7355194091797,41366
2022-10-07,120.1183090209961,166.73016357421875,168.24095153808594,165.91058349609375,166.2858123779297,41469
2022-10-10,120.22504425048828,166.87826538085938,167.4114990234375,166.29568481445312,166.73016357421875,42649
2022-10-11,120.55232238769531,167.33250427246094,167.86572265625,166.87826538085938,166.87826538085938,24423
2022-10-13,119.51361846923828,165.8908233642578,167.7176055908203,165.8908233642578,167.33250427246094,29384
2022-10-14,118.58882904052734,164.60714721679688,167.6188507080078,163.90606689453125,166.1870574951172,41002
2022-10-17,118.41095733642578,164.36029052734375,166.36480712890625,163.8270721435547,164.6170196533203,42444
2022-10-18,119.27175903320312,165.5550994873047,166.86839294433594,164.60714721679688,164.88363647460938,37386
2022-10-19,118.43943786621094,164.3997802734375,166.6412811279297,163.9159393310547,165.60446166992188,45543
2022-10-20,118.44654846191406,164.40965270996094,166.0389404296875,163.8961944580078,164.66639709472656,32512
2022-10-21,118.06245422363281,163.87643432617188,165.57484436035156,163.28396606445312,164.8046417236328,45424
2022-10-24,116.81748962402344,162.14840698242188,164.46890258789062,161.9410400390625,163.9159393310547,54359
2022-10-25,117.03803253173828,162.4545135498047,163.81719970703125,161.9410400390625,162.6223907470703,46544
2022-10-26,117.3083267211914,162.82974243164062,162.92849731445312,162.14840698242188,162.56314086914062,34594
2022-10-27,117.73516845703125,163.42221069335938,163.8270721435547,162.4545135498047,162.82974243164062,26929
2022-10-28,118.38250732421875,164.32078552246094,164.85400390625,162.96798706054688,163.42221069335938,27291
2022-10-31,117.6568832397461,163.3135986328125,164.30104064941406,161.4571990966797,163.9159393310547,38417
2022-11-01,118.86009216308594,163.8863067626953,164.01467895507812,162.22740173339844,162.22740173339844,29479
2022-11-03,119.14653015136719,164.2812957763672,164.87376403808594,163.0074920654297,163.8863067626953,30383
2022-11-04,121.30928802490234,167.2633819580078,167.6484832763672,164.11341857910156,164.50840759277344,38126
2022-11-07,118.64515686035156,163.59007263183594,166.87826538085938,163.42221069335938,166.8585205078125,38500
2022-11-08,118.77413940429688,163.767822265625,164.81451416015625,163.59007263183594,163.59007263183594,27410
2022-11-09,118.52347564697266,163.42221069335938,164.3109130859375,162.99761962890625,163.767822265625,28778
2022-11-10,118.88153076171875,163.9159393310547,163.9159393310547,161.9410400390625,163.42221069335938,40330
2022-11-11,118.16539764404297,162.92849731445312,164.10354614257812,162.2767791748047,163.9159393310547,30672
2022-11-14,118.55208587646484,163.4617156982422,165.88095092773438,162.92849731445312,162.92849731445312,40020
2022-11-16,118.07941436767578,162.80999755859375,164.85400390625,161.96080017089844,163.7283172607422,43278
2022-11-17,116.73310852050781,160.95359802246094,163.39259338378906,160.60800170898438,162.8198699951172,47086
2022-11-18,117.17707824707031,161.56581115722656,162.6125030517578,161.23995971679688,161.42758178710938,33523
2022-11-21,116.955078125,161.25970458984375,162.80999755859375,160.2722625732422,161.56581115722656,37922
2022-11-22,117.0409927368164,161.37820434570312,162.4347686767578,160.46975708007812,161.77317810058594,26755
2022-11-23,116.13150787353516,160.1241455078125,161.74356079101562,159.83778381347656,161.37820434570312,31281
2022-11-24,116.28905487060547,160.3413848876953,160.95359802246094,160.1241455078125,160.3611297607422,20101
2022-11-25,116.35350036621094,160.4302520751953,161.9410400390625,160.1636505126953,160.3413848876953,27328
2022-11-28,116.6614990234375,160.8548583984375,162.78038024902344,160.4302520751953,160.4302520751953,27510
2022-11-29,117.09115600585938,161.44732666015625,162.37551879882812,160.80548095703125,160.89434814453125,26214
2022-11-30,118.02931213378906,162.74087524414062,164.34054565429688,161.8225555419922,161.8225555419922,39062
2022-12-01,117.30836486816406,160.667236328125,162.7310028076172,160.65736389160156,161.65469360351562,33934
2022-12-02,117.37321472167969,160.75611877441406,162.33602905273438,160.75611877441406,160.9832305908203,24749
2022-12-05,117.40209197998047,160.7956085205078,162.6717529296875,160.68699645996094,161.15109252929688,24511
2022-12-06,117.48138427734375,160.90423583984375,162.38539123535156,160.7956085205078,161.28933715820312,19979
2022-12-07,116.92625427246094,160.14389038085938,161.23995971679688,159.91677856445312,161.05233764648438,30360
2022-12-08,116.9406509399414,160.1636505126953,161.3386993408203,159.66004943847656,160.65736389160156,25393
2022-12-09,117.49581909179688,160.92398071289062,160.92398071289062,160.11427307128906,160.17352294921875,15134
2022-12-12,116.86856079101562,160.0648956298828,162.23727416992188,159.96615600585938,161.10171508789062,28284
2022-12-13,116.79644775390625,159.96615600585938,161.92129516601562,159.50205993652344,160.52899169921875,23622
2022-12-14,116.43598937988281,159.47242736816406,161.29920959472656,159.2453155517578,159.96615600585938,32505
2022-12-15,116.55850982666016,159.6403045654297,160.311767578125,159.32431030273438,159.47242736816406,29412
2022-12-16,116.07552337646484,158.9787139892578,160.78573608398438,158.9787139892578,159.6403045654297,45853
2022-12-19,115.29683685302734,157.91226196289062,159.91677856445312,157.7937774658203,158.98858642578125,44554
2022-12-20,115.87362670898438,158.7022247314453,159.57118225097656,157.9023895263672,157.91226196289062,43437
2022-12-21,115.34011840820312,157.9715118408203,159.86741638183594,157.95176696777344,158.7022247314453,48290
2022-12-22,115.35454559326172,157.99127197265625,159.44281005859375,157.96163940429688,158.672607421875,42315
2022-12-23,117.5174789428711,160.95359802246094,160.95359802246094,158.01101684570312,158.19862365722656,28896
2022-12-26,118.23114776611328,161.93116760253906,161.9410400390625,159.92665100097656,160.95359802246094,35901
2022-12-27,118.41143035888672,162.17803955078125,162.2767791748047,160.4598846435547,161.5263214111328,24891
2022-12-28,117.73369598388672,161.2498321533203,162.17803955078125,160.4598846435547,162.17803955078125,36183
2022-12-29,118.59890747070312,162.4347686767578,162.4347686767578,161.7633056640625,161.7633056640625,21258
2023-01-02,118.37230682373047,159.95628356933594,160.20314025878906,159.0379638671875,160.1537628173828,35615
2023-01-03,118.67925262451172,160.37100219726562,160.4598846435547,159.96615600585938,159.96615600585938,34663
2023-01-04,118.56967163085938,160.22288513183594,160.4598846435547,159.96615600585938,160.4598846435547,25695
2023-01-05,118.7450180053711,160.4598846435547,160.4598846435547,159.67979431152344,160.2130126953125,24664
2023-01-06,118.45271301269531,160.0648956298828,160.4598846435547,159.84765625,160.4598846435547,24055
2023-01-09,118.51850891113281,160.1537628173828,160.4598846435547,160.0648956298828,160.0648956298828,23058
2023-01-10,118.67194366455078,160.3611297607422,160.4302520751953,159.96615600585938,160.17352294921875,23708
2023-01-11,118.52583312988281,160.1636505126953,160.4598846435547,159.82791137695312,160.311767578125,20060
2023-01-12,118.63542938232422,160.311767578125,160.311767578125,159.67979431152344,160.1636505126953,20936
2023-01-13,118.65733337402344,160.3413848876953,160.4598846435547,160.26239013671875,160.311767578125,46913
2023-01-16,118.62078857421875,160.29200744628906,160.4598846435547,159.57118225097656,160.3413848876953,32349
2023-01-17,118.0216064453125,159.4822998046875,160.4499969482422,159.4822998046875,160.29200744628906,38004
2023-01-18,118.01428985595703,159.47242736816406,160.35125732421875,159.47242736816406,159.78842163085938,28645
2023-01-19,117.83892059326172,159.23544311523438,160.1537628173828,159.13670349121094,159.77853393554688,36509
2023-01-20,118.10926055908203,159.60079956054688,159.98590087890625,158.78121948242188,159.669921875,43369
2023-01-23,117.79510498046875,159.1761932373047,160.01553344726562,158.84046936035156,159.60079956054688,43718
2023-01-24,117.80968475341797,159.19595336914062,159.7587890625,159.1761932373047,159.3341827392578,25245
2023-01-25,117.9046630859375,159.32431030273438,160.05502319335938,159.32431030273438,159.3440704345703,29902
2023-01-26,117.83892059326172,159.23544311523438,160.0648956298828,159.23544311523438,159.32431030273438,27740
2023-01-27,118.01428985595703,159.47242736816406,159.86741638183594,159.23544311523438,159.23544311523438,26542
2023-01-30,118.30661010742188,159.86741638183594,160.4598846435547,159.47242736816406,159.47242736816406,31676
2023-01-31,118.56967163085938,160.22288513183594,160.4598846435547,159.93653869628906,159.93653869628906,31092
2023-02-01,118.88603210449219,159.56130981445312,160.11427307128906,159.35394287109375,159.35394287109375,22287
2023-02-02,119.04788208007812,159.77853393554688,160.11427307128906,159.56130981445312,159.56130981445312,24689
2023-02-03,119.20235443115234,159.98590087890625,160.20314025878906,159.13670349121094,159.77853393554688,25954
2023-02-06,119.04051971435547,159.76866149902344,159.98590087890625,159.57118225097656,159.98590087890625,23026
2023-02-07,117.7162094116211,157.99127197265625,159.76866149902344,157.85302734375,159.76866149902344,53572
2023-02-08,118.18708038330078,158.62322998046875,158.8799591064453,158.16900634765625,158.3961181640625,25117
2023-02-09,118.06934356689453,158.46524047851562,158.95895385742188,158.04063415527344,158.6133575439453,24254
2023-02-10,117.85601043701172,158.1788787841797,158.9095916748047,157.89251708984375,158.46524047851562,32108
2023-02-13,117.64998626708984,157.9023895263672,158.43560791015625,157.69503784179688,158.13938903808594,33059
2023-02-14,117.70887756347656,157.98138427734375,158.92933654785156,157.89251708984375,157.9023895263672,41940
2023-02-15,117.52488708496094,157.73452758789062,158.77134704589844,157.50741577148438,158.0011444091797,37965
2023-02-16,117.64262390136719,157.89251708984375,158.4849853515625,157.73452758789062,157.73452758789062,24273
2023-02-17,118.9301528930664,159.62054443359375,159.76866149902344,157.89251708984375,157.89251708984375,26734
2023-02-22,117.83393096923828,158.14926147460938,159.7587890625,157.99127197265625,159.62054443359375,25560
2023-02-23,118.02520751953125,158.40599060058594,159.31443786621094,157.89251708984375,158.20849609375,27835
2023-02-24,118.65794372558594,159.25518798828125,159.46255493164062,158.41586303710938,158.41586303710938,26122
2023-02-27,118.93748474121094,159.6304168701172,159.83778381347656,157.99127197265625,158.78121948242188,29334
2023-02-28,118.9301528930664,159.62054443359375,160.1636505126953,159.38356018066406,159.6304168701172,27464
2023-03-01,118.93756103515625,158.5442352294922,159.47242736816406,158.3368682861328,158.53436279296875,30680
2023-03-02,118.67086791992188,158.18875122070312,158.87008666992188,158.03076171875,158.58372497558594,28382
2023-03-03,118.81903839111328,158.38624572753906,158.38624572753906,158.10975646972656,158.19862365722656,29312
2023-03-06,118.49311065673828,157.95176696777344,158.9787139892578,157.89251708984375,158.38624572753906,44792
2023-03-07,118.37458038330078,157.7937774658203,158.77134704589844,157.7937774658203,158.1591339111328,32878
2023-03-08,118.87088012695312,158.4553680419922,158.58372497558594,157.00381469726562,157.80364990234375,28069
2023-03-09,118.6856689453125,158.20849609375,159.10707092285156,157.80364990234375,158.4553680419922,21103
2023-03-10,118.88574981689453,158.47511291503906,158.96884155273438,156.04598999023438,158.20849609375,27445
2023-03-13,118.51535034179688,157.98138427734375,158.65284729003906,157.49754333496094,158.47511291503906,32566
2023-03-14,118.65605926513672,158.16900634765625,158.27761840820312,157.80364990234375,157.98138427734375,29261
2023-03-15,118.09309387207031,157.41854858398438,158.23812866210938,157.30992126464844,158.16900634765625,29990
2023-03-16,118.28570556640625,157.67527770996094,158.0900115966797,157.300048828125,157.7049102783203,30239
2023-03-17,117.51529693603516,156.64834594726562,158.28749084472656,156.64834594726562,157.69503784179688,52757
2023-03-20,117.70047760009766,156.89520263671875,158.8108367919922,156.2632293701172,156.96432495117188,43291
2023-03-21,118.02640533447266,157.32968139648438,157.59628295898438,156.61871337890625,156.8853302001953,28294
2023-03-22,118.33749389648438,157.74440002441406,157.99127197265625,157.32968139648438,157.32968139648438,19909
2023-03-23,117.67829132080078,156.86557006835938,157.99127197265625,156.6680908203125,157.78390502929688,28782
2023-03-24,118.433837890625,157.87277221679688,157.99127197265625,156.8162078857422,156.89520263671875,34292
2023-03-27,118.22642517089844,157.59628295898438,157.99127197265625,157.36917114257812,157.99127197265625,25977
2023-03-28,118.4634780883789,157.91226196289062,157.99127197265625,157.00381469726562,157.58641052246094,27582
2023-03-29,118.4486312866211,157.89251708984375,157.99127197265625,157.7246551513672,157.86289978027344,26722
2023-03-30,118.52275848388672,157.99127197265625,157.99127197265625,157.84315490722656,157.89251708984375,29421
2023-03-31,118.87088012695312,158.4553680419922,158.7022247314453,157.94189453125,157.99127197265625,39474
2023-04-03,119.07969665527344,157.64566040039062,158.0011444091797,157.3988037109375,157.58641052246094,39938
2023-04-04,118.89330291748047,157.3988037109375,157.95176696777344,157.122314453125,157.64566040039062,31634
2023-04-05,118.87834930419922,157.37904357910156,157.87277221679688,157.00381469726562,157.3988037109375,33898
2023-04-06,118.74407958984375,157.20130920410156,157.8135223388672,157.00381469726562,157.37904357910156,29966
2023-04-10,118.77394104003906,157.2407989501953,157.87277221679688,157.02357482910156,157.211181640625,36454
2023-04-11,119.19905853271484,157.80364990234375,157.91226196289062,157.2506866455078,157.2506866455078,26070
2023-04-12,119.37809753417969,158.04063415527344,158.04063415527344,157.59628295898438,157.80364990234375,27730
2023-04-13,119.10211944580078,157.67527770996094,158.96884155273438,157.05319213867188,158.18875122070312,31955
2023-04-14,120.8325424194336,159.96615600585938,159.96615600585938,157.67527770996094,157.67527770996094,29591
2023-04-17,120.92955780029297,160.0945281982422,160.4598846435547,159.76866149902344,159.96615600585938,39993
2023-04-18,120.84003448486328,159.9760284423828,160.4302520751953,159.76866149902344,160.32164001464844,26401
2023-04-19,120.8250503540039,159.95628356933594,160.44012451171875,159.47242736816406,159.96615600585938,27805
2023-04-20,120.97428131103516,160.1537628173828,160.26239013671875,159.4822998046875,160.07476806640625,25960
2023-04-24,119.93751525878906,158.78121948242188,159.96615600585938,158.1788787841797,159.76866149902344,52039
2023-04-25,119.90021514892578,158.73184204101562,159.84765625,158.71209716796875,158.78121948242188,34786
2023-04-26,120.8325424194336,159.96615600585938,160.14389038085938,158.78121948242188,159.16632080078125,33112
2023-04-27,121.20549774169922,160.4598846435547,160.4598846435547,159.8575439453125,159.96615600585938,33149
2023-04-28,121.20549774169922,160.4598846435547,160.4598846435547,160.26239013671875,160.3611297607422,41693
2023-05-02,122.03156280517578,160.4598846435547,161.44732666015625,159.26507568359375,159.37368774414062,49352
2023-05-03,122.03156280517578,160.4598846435547,161.20045471191406,159.95628356933594,160.4598846435547,42785
2023-05-04,122.45960998535156,161.02272033691406,161.44732666015625,160.56849670410156,160.75611877441406,21009
2023-05-05,122.93270111083984,161.64480590820312,161.74356079101562,160.80548095703125,161.44732666015625,24278
2023-05-08,122.78252410888672,161.44732666015625,164.4886474609375,161.44732666015625,161.64480590820312,39725
2023-05-09,122.39952850341797,160.9437255859375,161.69418334960938,160.80548095703125,161.62506103515625,35563
2023-05-10,122.40705871582031,160.95359802246094,161.28933715820312,160.2525177001953,160.75611877441406,30783
2023-05-11,123.75878143310547,162.7310028076172,163.81719970703125,161.15109252929688,161.2498321533203,27814
2023-05-12,123.55601501464844,162.46438598632812,163.42221069335938,161.44732666015625,162.51376342773438,27121
2023-05-15,123.14301300048828,161.92129516601562,163.81719970703125,161.75343322753906,162.65200805664062,53595
2023-05-16,122.33197021484375,160.8548583984375,161.92129516601562,160.08465576171875,161.92129516601562,50218
2023-05-17,122.40705871582031,160.95359802246094,161.9114227294922,160.68699645996094,160.8548583984375,45926
2023-05-18,122.11418151855469,160.56849670410156,161.75343322753906,160.52899169921875,160.95359802246094,63038
2023-05-19,121.80352020263672,160.16000366210938,160.99000549316406,159.57000732421875,160.57000732421875,80121
2023-05-22,122.358642578125,160.88999938964844,161.5,160.08999633789062,160.08999633789062,48106
2023-05-23,121.38525390625,159.61000061035156,160.92999267578125,159.61000061035156,160.92999267578125,68462
2023-05-24,120.77681732177734,158.80999755859375,159.5,158.80999755859375,159.38999938964844,69521
2023-05-25,121.46128845214844,159.7100067138672,159.8000030517578,158.8300018310547,158.85000610351562,59261
2023-05-26,121.30159759521484,159.5,159.99000549316406,158.99000549316406,159.8000030517578,50233
2023-05-29,121.17991638183594,159.33999633789062,159.6999969482422,159.11000061035156,159.5,65646
2023-05-30,120.9821548461914,159.0800018310547,159.3699951171875,158.74000549316406,159.35000610351562,72602
2023-05-31,121.00495147705078,159.11000061035156,159.38999938964844,158.5500030517578,159.0,99300
2023-06-01,123.29471588134766,161.0,161.92999267578125,158.41000366210938,158.5,112711
2023-06-02,123.21810913085938,160.89999389648438,161.50999450683594,160.3000030517578,161.11000061035156,33737
2023-06-05,121.60993194580078,158.8000030517578,159.69000244140625,158.6999969482422,159.4499969482422,106823
2023-06-06,121.17341613769531,158.22999572753906,158.9600067138672,158.0,158.8000030517578,143470
2023-06-07,121.18878173828125,158.25,158.49000549316406,158.0,158.3000030517578,106482
2023-06-09,121.770751953125,159.00999450683594,159.4499969482422,158.1999969482422,158.27999877929688,105829
2023-06-12,122.52891540527344,160.0,160.22999572753906,158.97999572753906,159.3800048828125,55393
2023-06-13,122.52130889892578,159.99000549316406,160.05999755859375,159.27999877929688,160.0,35645
2023-06-14,122.91183471679688,160.5,160.5,159.99000549316406,159.99000549316406,40104
2023-06-15,124.06050872802734,162.0,162.49000549316406,160.6300048828125,160.6300048828125,53114
2023-06-16,124.06050872802734,162.0,162.5800018310547,161.1300048828125,162.3000030517578,50350
2023-06-19,125.87548065185547,164.3699951171875,164.42999267578125,162.00999450683594,162.00999450683594,43135
2023-06-20,126.15122985839844,164.72999572753906,166.67999267578125,164.3699951171875,164.39999389648438,58182
2023-06-21,126.98592376708984,165.82000732421875,165.97999572753906,164.07000732421875,165.3000030517578,49578
2023-06-22,126.3579330444336,165.0,165.77000427246094,164.6199951171875,165.77000427246094,39058
2023-06-23,126.72550964355469,165.47999572753906,165.97999572753906,164.60000610351562,165.0,36986
2023-06-26,126.8940200805664,165.6999969482422,165.8800048828125,164.6999969482422,165.47999572753906,44714
2023-06-27,127.12372589111328,166.0,166.1999969482422,165.02999877929688,165.6999969482422,49901
2023-06-28,127.04714965820312,165.89999389648438,166.1999969482422,165.6999969482422,166.0,34705
2023-06-29,127.07780456542969,165.94000244140625,166.22999572753906,165.22999572753906,165.89999389648438,43620
2023-06-30,128.0657196044922,167.22999572753906,167.77000427246094,165.9600067138672,165.9600067138672,41988
2023-07-03,127.1152114868164,164.5,166.5800018310547,164.00999450683594,165.91000366210938,51416
2023-07-04,127.50161743164062,165.0,165.24000549316406,164.5,164.5,36275
2023-07-05,127.50161743164062,165.0,165.08999633789062,164.6999969482422,165.0,34587
2023-07-06,127.81841278076172,165.41000366210938,165.99000549316406,164.8000030517578,165.14999389648438,33749
2023-07-07,128.54481506347656,166.35000610351562,167.0,165.4600067138672,165.8699951171875,34636
2023-07-10,129.04702758789062,167.0,167.0,166.36000061035156,166.36000061035156,32118
2023-07-11,129.6961669921875,167.83999633789062,168.49000549316406,166.36000061035156,167.0,39409
2023-07-12,128.73797607421875,166.60000610351562,168.0,166.60000610351562,167.83999633789062,48873
2023-07-13,129.15525817871094,167.13999938964844,167.6999969482422,165.91000366210938,166.6999969482422,43578
2023-07-14,127.50161743164062,165.0,167.5500030517578,165.0,167.13999938964844,57400
2023-07-17,126.61294555664062,163.85000610351562,165.8800048828125,163.75999450683594,165.4499969482422,72433
2023-07-18,125.38429260253906,162.25999450683594,164.60000610351562,161.8300018310547,164.44000244140625,115204
2023-07-19,125.47700500488281,162.3800048828125,164.0,161.6999969482422,162.44000244140625,64350
2023-07-20,125.56201171875,162.49000549316406,163.89999389648438,161.63999938964844,162.69000244140625,57326
2023-07-21,126.19566345214844,163.30999755859375,163.5,162.5,163.0,66164
2023-07-24,127.0379409790039,164.39999389648438,165.6999969482422,163.74000549316406,163.75999450683594,79670
2023-07-25,127.223388671875,164.63999938964844,165.11000061035156,163.9199981689453,164.64999389648438,64619
2023-07-26,126.34249114990234,163.5,164.88999938964844,163.5,164.7899932861328,56660
2023-07-27,126.45838928222656,163.64999389648438,164.49000549316406,163.60000610351562,163.92999267578125,57099
2023-07-28,126.48933410644531,163.69000244140625,164.30999755859375,163.35000610351562,164.0,69552
2023-07-31,126.14928436279297,163.25,163.88999938964844,162.88999938964844,163.69000244140625,105845
2023-08-01,126.77947998046875,162.9600067138672,163.44000244140625,162.14999389648438,163.27999877929688,118654
2023-08-02,126.88838958740234,163.10000610351562,163.14999389648438,162.77000427246094,162.77000427246094,82841
2023-08-03,126.96617889404297,163.1999969482422,163.5,162.9499969482422,163.1999969482422,77447
2023-08-04,127.24627685546875,163.55999755859375,163.97999572753906,163.41000366210938,163.4600067138672,55529
2023-08-07,126.88838958740234,163.10000610351562,164.0,163.00999450683594,164.0,56818
2023-08-08,126.421630859375,162.5,163.38999938964844,162.39999389648438,163.08999633789062,68165
2023-08-09,126.18817138671875,162.1999969482422,162.8699951171875,161.94000244140625,162.5,57582
2023-08-10,126.0325927734375,162.0,162.89999389648438,161.85000610351562,162.4199981689453,60514
2023-08-11,126.11044311523438,162.10000610351562,162.63999938964844,161.89999389648438,162.16000366210938,54324
2023-08-14,126.0325927734375,162.0,162.99000549316406,162.0,162.38999938964844,66599
2023-08-15,125.95478820800781,161.89999389648438,162.88999938964844,161.8000030517578,162.25,64957
2023-08-16,126.13377380371094,162.1300048828125,162.13999938964844,161.8300018310547,161.89999389648438,57798
2023-08-17,125.51130676269531,161.3300018310547,162.1199951171875,161.22999572753906,162.1199951171875,61224
2023-08-18,125.8303451538086,161.74000549316406,161.97999572753906,161.3699951171875,161.5800018310547,58471
2023-08-21,124.56997680664062,160.1199951171875,162.88999938964844,159.72999572753906,162.1999969482422,200118
2023-08-22,125.44132232666016,161.24000549316406,161.9499969482422,160.5,160.50999450683594,75989
2023-08-23,125.69812774658203,161.57000732421875,161.67999267578125,160.89999389648438,161.1999969482422,132744
2023-08-24,125.41021728515625,161.1999969482422,161.5500030517578,160.92999267578125,161.5500030517578,44053
2023-08-25,125.67469787597656,161.5399932861328,162.0,161.02000427246094,161.1999969482422,58149
2023-08-28,125.43353271484375,161.22999572753906,161.50999450683594,160.9499969482422,161.5,72145
2023-08-29,125.62805938720703,161.47999572753906,161.8699951171875,160.99000549316406,161.2899932861328,78795
2023-08-30,126.10262298583984,162.08999633789062,162.08999633789062,161.2899932861328,161.47000122070312,72413
2023-08-31,126.20378112792969,162.22000122070312,162.3800048828125,161.74000549316406,162.24000549316406,61765
2023-09-01,126.07064056396484,160.9499969482422,162.10000610351562,160.77999877929688,161.35000610351562,83846
2023-09-04,126.31340026855469,161.25999450683594,161.88999938964844,161.0800018310547,161.1999969482422,47769
2023-09-05,126.08626556396484,160.97000122070312,161.8800048828125,160.9499969482422,161.36000061035156,60049
2023-09-06,126.10192108154297,160.99000549316406,161.63999938964844,160.5,161.33999633789062,70318
2023-09-08,126.32122802734375,161.27000427246094,161.50999450683594,160.69000244140625,160.99000549316406,64424
2023-09-11,126.10974884033203,161.0,161.91000366210938,160.85000610351562,161.49000549316406,57903
2023-09-12,126.42308044433594,161.39999389648438,161.8300018310547,160.8800048828125,161.05999755859375,57169
2023-09-13,126.10974884033203,161.0,161.83999633789062,160.94000244140625,161.39999389648438,52028
2023-09-14,125.90612030029297,160.74000549316406,161.4600067138672,160.5,161.14999389648438,117385
2023-09-15,127.48052215576172,162.75,162.75,160.22999572753906,160.7899932861328,390983
2023-09-18,126.6502914428711,161.69000244140625,162.49000549316406,161.16000366210938,161.99000549316406,72900
2023-09-19,126.57975769042969,161.60000610351562,162.3000030517578,161.42999267578125,161.64999389648438,59108
2023-09-20,126.10974884033203,161.0,162.10000610351562,161.0,161.77999877929688,80167
2023-09-21,126.72074127197266,161.77999877929688,162.3000030517578,161.07000732421875,161.19000244140625,74413
2023-09-22,126.10974884033203,161.0,162.0,160.97999572753906,161.85000610351562,83279
2023-09-25,126.3838882446289,161.35000610351562,161.88999938964844,161.10000610351562,161.25,61073
2023-09-26,126.10974884033203,161.0,161.88999938964844,161.0,161.36000061035156,225870
2023-09-27,125.71813201904297,160.5,161.67999267578125,160.36000061035156,161.1999969482422,235440
2023-09-28,125.71813201904297,160.5,160.97999572753906,160.47000122070312,160.58999633789062,127750
2023-09-29,126.48574829101562,161.47999572753906,161.89999389648438,160.8000030517578,160.8000030517578,75791
2023-10-02,126.02832794189453,159.8000030517578,160.72999572753906,159.3800048828125,160.5800018310547,101044
2023-10-03,126.1071548461914,159.89999389648438,160.5399932861328,159.6999969482422,160.0,63894
2023-10-04,126.1071548461914,159.89999389648438,160.35000610351562,159.8000030517578,160.30999755859375,53299
2023-10-05,125.92581176757812,159.6699981689453,160.44000244140625,159.32000732421875,159.92999267578125,63655
2023-10-06,125.39736938476562,159.0,159.85000610351562,158.89999389648438,159.85000610351562,78173
2023-10-09,125.39736938476562,159.0,159.60000610351562,158.8000030517578,159.3000030517578,75326
2023-10-10,125.40526580810547,159.00999450683594,159.47000122070312,158.83999633789062,159.1999969482422,105061
2023-10-11,125.39736938476562,159.0,159.3000030517578,158.75,159.00999450683594,53727
2023-10-13,125.2790756225586,158.85000610351562,159.72999572753906,158.85000610351562,159.14999389648438,59497
2023-10-16,125.634033203125,159.3000030517578,159.5,158.9199981689453,159.25,88235
2023-10-17,126.02832794189453,159.8000030517578,159.8000030517578,158.91000366210938,159.3000030517578,69803
2023-10-18,125.61034393310547,159.27000427246094,159.77999877929688,158.91000366210938,159.5800018310547,57472
2023-10-19,125.35006713867188,158.94000244140625,159.27000427246094,158.5500030517578,159.27000427246094,54650
2023-10-20,125.18446350097656,158.72999572753906,159.77000427246094,158.5800018310547,158.9600067138672,67528
2023-10-23,124.84534454345703,158.3000030517578,158.99000549316406,158.05999755859375,158.99000549316406,61599
2023-10-24,124.37216186523438,157.6999969482422,158.58999633789062,157.61000061035156,158.5,71247
2023-10-25,124.5534896850586,157.92999267578125,158.1699981689453,157.69000244140625,157.75,56799
2023-10-26,124.21441650390625,157.5,158.19000244140625,157.5,158.02000427246094,66791
2023-10-27,124.41156768798828,157.75,157.9600067138672,157.5399932861328,157.5399932861328,47254
2023-10-30,124.5534896850586,157.92999267578125,158.42999267578125,157.88999938964844,157.88999938964844,61231
2023-10-31,124.60871887207031,158.0,158.3800048828125,157.58999633789062,158.10000610351562,229611
2023-11-01,124.34662628173828,156.57000732421875,158.08999633789062,155.02000427246094,158.0,76678
2023-11-03,125.24408721923828,157.6999969482422,157.75,156.6300048828125,156.6300048828125,52819
2023-11-06,125.1963882446289,157.63999938964844,158.0,157.3800048828125,157.8000030517578,57552
2023-11-07,125.30760955810547,157.77999877929688,158.0,157.02999877929688,157.63999938964844,48640
2023-11-08,125.24408721923828,157.6999969482422,157.9499969482422,157.57000732421875,157.77999877929688,43576
2023-11-09,125.48233795166016,158.0,158.32000732421875,157.64999389648438,157.6999969482422,41159
2023-11-10,126.34005737304688,159.0800018310547,159.88999938964844,158.0,158.0,50398
2023-11-13,126.4035873413086,159.16000366210938,159.27999877929688,158.66000366210938,159.0800018310547,53174
2023-11-14,126.66568756103516,159.49000549316406,159.63999938964844,159.0,159.16000366210938,52614
2023-11-16,127.0389404296875,159.9600067138672,160.5,159.60000610351562,159.60000610351562,71772
2023-11-17,127.21367645263672,160.17999267578125,160.5,159.8000030517578,159.99000549316406,57398
2023-11-20,128.5399627685547,161.85000610351562,162.5399932861328,160.25999450683594,160.32000732421875,144268
2023-11-21,128.7385711669922,162.10000610351562,162.75999450683594,161.30999755859375,161.9499969482422,62593
2023-11-22,128.90530395507812,162.30999755859375,162.5,161.0,162.10000610351562,62554
2023-11-23,128.6352996826172,161.97000122070312,162.35000610351562,161.5800018310547,162.30999755859375,41174
2023-11-24,128.3572998046875,161.6199951171875,162.1300048828125,161.5,161.97000122070312,61409
2023-11-27,127.17398834228516,160.1300048828125,161.85000610351562,160.1199951171875,161.6199951171875,96040
2023-11-28,127.15018463134766,160.10000610351562,160.99000549316406,159.35000610351562,160.14999389648438,195495
2023-11-29,127.3725357055664,160.3800048828125,160.64999389648438,159.9499969482422,160.11000061035156,49513
2023-11-30,128.18260192871094,161.39999389648438,162.0,160.3800048828125,160.3800048828125,61185
2023-12-01,127.94268035888672,160.0,161.10000610351562,159.80999755859375,161.10000610351562,69450
2023-12-04,128.2865447998047,160.42999267578125,160.8699951171875,159.91000366210938,160.0,54573
2023-12-05,128.2625732421875,160.39999389648438,160.82000732421875,160.19000244140625,160.42999267578125,169670
2023-12-06,128.34251403808594,160.5,161.63999938964844,160.3699951171875,160.5,59805
2023-12-07,128.42247009277344,160.60000610351562,161.8000030517578,160.35000610351562,160.5500030517578,47281
2023-12-08,128.86231994628906,161.14999389648438,161.44000244140625,160.0,160.63999938964844,57014
2023-12-11,128.86231994628906,161.14999389648438,161.52000427246094,160.39999389648438,161.14999389648438,51693
2023-12-12,128.2625732421875,160.39999389648438,161.4499969482422,160.3699951171875,161.14999389648438,102050
2023-12-13,128.72634887695312,160.97999572753906,161.38999938964844,160.5,160.52000427246094,55078
2023-12-14,128.50245666503906,160.6999969482422,161.39999389648438,160.5,160.97999572753906,51975
2023-12-15,123.9365234375,154.99000549316406,161.2899932861328,154.99000549316406,160.7100067138672,363424
2023-12-18,126.93516540527344,158.74000549316406,159.75,158.38999938964844,158.39999389648438,163235
2023-12-19,127.83869934082031,159.8699951171875,160.38999938964844,159.02999877929688,159.2899932861328,62089
2023-12-20,128.34251403808594,160.5,160.9600067138672,160.0,160.02999877929688,94960
2023-12-21,127.94268035888672,160.0,161.10000610351562,158.52999877929688,160.5500030517578,67636
2023-12-22,128.7423553466797,161.0,161.0500030517578,159.97999572753906,160.02000427246094,75738
2023-12-26,129.35804748535156,161.77000427246094,161.8000030517578,160.60000610351562,161.00999450683594,58389
2023-12-27,129.87783813476562,162.4199981689453,162.61000061035156,161.77999877929688,161.77999877929688,47868
2023-12-28,129.5339813232422,161.99000549316406,162.8000030517578,161.88999938964844,162.4600067138672,66636
2024-01-02,130.4196319580078,161.99000549316406,162.17999267578125,160.75,160.92999267578125,80959
2024-01-03,130.3793182373047,161.94000244140625,162.13999938964844,161.75999450683594,161.99000549316406,41412
2024-01-04,130.40350341796875,161.97000122070312,162.14999389648438,161.5800018310547,161.94000244140625,77763
2024-01-05,130.6047821044922,162.22000122070312,162.36000061035156,161.72000122070312,161.97000122070312,50353
2024-01-08,130.51620483398438,162.11000061035156,162.47999572753906,161.99000549316406,162.3000030517578,56610
2024-01-09,130.4678955078125,162.0500030517578,162.25999450683594,161.8000030517578,162.11000061035156,41996
2024-01-10,130.54844665527344,162.14999389648438,162.39999389648438,161.89999389648438,162.0500030517578,47178
2024-01-11,130.38739013671875,161.9499969482422,162.39999389648438,161.7100067138672,162.3000030517578,39849
2024-01-12,130.7577362060547,162.41000366210938,162.58999633789062,161.9499969482422,161.9499969482422,54743
2024-01-15,131.12811279296875,162.8699951171875,163.05999755859375,162.1999969482422,162.41000366210938,77786
2024-01-16,131.6675262451172,163.5399932861328,163.69000244140625,162.8000030517578,162.8800048828125,56240
2024-01-17,131.6755828857422,163.5500030517578,164.39999389648438,163.02000427246094,163.5399932861328,51652
2024-01-18,131.63528442382812,163.5,164.0,163.0,163.5500030517578,44072
2024-01-19,131.88490295410156,163.80999755859375,164.17999267578125,163.0,163.6999969482422,60469
2024-01-22,131.65139770507812,163.52000427246094,163.80999755859375,163.0,163.80999755859375,50924
2024-01-23,131.4742889404297,163.3000030517578,163.8000030517578,163.0800018310547,163.52000427246094,44723
2024-01-24,131.39376831054688,163.1999969482422,163.72000122070312,162.89999389648438,163.3000030517578,35951
2024-01-25,131.58700561523438,163.44000244140625,163.74000549316406,163.0,163.1999969482422,39542
2024-01-26,132.09423828125,164.07000732421875,164.2899932861328,163.42999267578125,163.44000244140625,51723
2024-01-29,132.102294921875,164.0800018310547,164.49000549316406,163.50999450683594,164.07000732421875,44036
2024-01-30,131.79637145996094,163.6999969482422,164.24000549316406,163.63999938964844,164.13999938964844,39328
2024-01-31,133.05227661132812,165.25999450683594,165.5,163.6999969482422,163.6999969482422,43976
2024-02-01,132.60655212402344,163.61000061035156,164.16000366210938,162.97000122070312,164.14999389648438,41813
2024-02-02,132.37147521972656,163.32000732421875,164.1300048828125,162.9499969482422,163.61000061035156,55366
2024-02-05,132.38766479492188,163.33999633789062,163.88999938964844,162.60000610351562,163.32000732421875,50304
2024-02-06,133.044189453125,164.14999389648438,164.14999389648438,163.13999938964844,163.33999633789062,37784
2024-02-07,133.65206909179688,164.89999389648438,165.0,164.0,164.14999389648438,33686
2024-02-08,133.35215759277344,164.52999877929688,165.0,164.3000030517578,164.89999389648438,50401
2024-02-09,133.48997497558594,164.6999969482422,165.3000030517578,163.5,164.52000427246094,58360
2024-02-14,133.530517578125,164.75,165.0,163.99000549316406,164.6999969482422,34680
2024-02-15,133.5629119873047,164.7899932861328,165.0,164.5,164.75,41793
2024-02-16,133.8628387451172,165.16000366210938,165.5,164.7899932861328,164.7899932861328,46098
2024-02-19,134.3410186767578,165.75,165.75,165.27999877929688,165.39999389648438,43945
2024-02-20,135.32168579101562,166.9600067138672,167.0,165.17999267578125,165.75,46669
2024-02-21,136.34292602539062,168.22000122070312,168.72999572753906,166.9600067138672,166.9600067138672,40689
2024-02-22,134.7056884765625,166.1999969482422,168.80999755859375,166.1999969482422,168.22000122070312,48243
2024-02-23,134.7462615966797,166.25,167.58999633789062,165.8000030517578,166.39999389648438,46943
2024-02-26,135.11099243164062,166.6999969482422,166.99000549316406,166.25,166.25,45136
2024-02-27,135.54052734375,167.22999572753906,167.49000549316406,166.6999969482422,166.6999969482422,48897
2024-02-28,135.8080291748047,167.55999755859375,167.8800048828125,167.22999572753906,167.22999572753906,45552
2024-02-29,137.7775421142578,169.99000549316406,170.0,167.55999755859375,167.55999755859375,59519
2024-03-01,137.8672637939453,169.0,169.77000427246094,167.89999389648438,168.88999938964844,52577
2024-03-04,137.5001983642578,168.5500030517578,169.0,168.10000610351562,169.0,52887
2024-03-05,137.54098510742188,168.60000610351562,169.0,168.5500030517578,168.5500030517578,38175
2024-03-06,137.8428192138672,168.97000122070312,169.49000549316406,168.0,168.60000610351562,41170
2024-03-07,138.10385131835938,169.2899932861328,169.57000732421875,168.99000549316406,169.10000610351562,30749
2024-03-08,139.13990783691406,170.55999755859375,170.7100067138672,169.2899932861328,169.2899932861328,44881
2024-03-11,138.8870086669922,170.25,170.64999389648438,169.5800018310547,170.55999755859375,36823
2024-03-12,137.1249237060547,168.08999633789062,170.25,168.0,170.25,44599
2024-03-13,135.81967163085938,166.49000549316406,169.0,166.19000244140625,168.36000061035156,46272
2024-03-14,136.39891052246094,167.1999969482422,167.5,166.02999877929688,166.49000549316406,44246
2024-03-15,135.8278350830078,166.5,168.99000549316406,166.5,167.39999389648438,57378
2024-03-18,137.2554168701172,168.25,168.49000549316406,167.1699981689453,167.1699981689453,36985
2024-03-19,137.467529296875,168.50999450683594,168.97999572753906,168.25,168.2899932861328,36684
2024-03-20,137.1331024169922,168.10000610351562,168.7899932861328,167.72000122070312,168.7899932861328,38624
2024-03-21,137.0270538330078,167.97000122070312,168.8000030517578,167.35000610351562,168.5,47889
2024-03-22,137.05154418945312,168.0,168.25999450683594,167.88999938964844,168.08999633789062,38754
2024-03-25,137.0678253173828,168.02000427246094,168.25999450683594,167.5,168.0500030517578,44054
2024-03-26,137.05154418945312,168.0,168.5,167.72000122070312,168.1999969482422,34818
2024-03-27,137.05154418945312,168.0,168.39999389648438,167.8000030517578,168.10000610351562,33988
2024-03-28,137.8672637939453,169.0,169.3699951171875,168.0,168.27999877929688,44385
2024-04-01,138.27783203125,168.39999389648438,168.7899932861328,165.85000610351562,167.89999389648438,71305
2024-04-02,138.15467834472656,168.25,168.38999938964844,167.6999969482422,168.10000610351562,36758
2024-04-03,138.0150909423828,168.0800018310547,168.3000030517578,167.64999389648438,168.25,38096
2024-04-04,137.8672637939453,167.89999389648438,168.3000030517578,167.80999755859375,168.0800018310547,26383
2024-04-05,138.0972137451172,168.17999267578125,168.17999267578125,167.8000030517578,167.99000549316406,37910
2024-04-08,137.78517150878906,167.8000030517578,168.5,167.8000030517578,168.3000030517578,41075
2024-04-09,137.8262176513672,167.85000610351562,168.1999969482422,167.5,167.85000610351562,39771
2024-04-10,137.94117736816406,167.99000549316406,168.1999969482422,167.0,167.86000061035156,35179
2024-04-11,137.7769775390625,167.7899932861328,168.0,167.05999755859375,167.99000549316406,34935
2024-04-12,137.53884887695312,167.5,168.0,167.00999450683594,167.85000610351562,41799
2024-04-15,135.68310546875,165.24000549316406,167.91000366210938,165.02999877929688,167.66000366210938,82129
2024-04-16,136.71766662597656,166.5,166.5,164.49000549316406,165.5800018310547,49011
2024-04-17,135.4778289794922,164.99000549316406,166.97999572753906,164.91000366210938,166.67999267578125,43714
2024-04-18,135.0179443359375,164.42999267578125,165.4499969482422,163.88999938964844,165.3000030517578,49309
2024-04-19,134.41854858398438,163.6999969482422,164.89999389648438,163.10000610351562,164.42999267578125,47000
2024-04-22,134.50888061523438,163.80999755859375,164.44000244140625,163.30999755859375,163.99000549316406,51966
2024-04-23,134.541748046875,163.85000610351562,163.99000549316406,163.1999969482422,163.8000030517578,40975
2024-04-24,134.11474609375,163.3300018310547,164.1699981689453,163.3000030517578,163.97000122070312,38722
2024-04-25,135.04261779785156,164.4600067138672,164.5,163.3300018310547,163.75,36520
2024-04-26,134.83731079101562,164.2100067138672,164.8000030517578,164.1999969482422,164.4600067138672,35373
2024-04-29,136.91481018066406,166.74000549316406,166.89999389648438,164.22999572753906,164.27000427246094,46290
2024-04-30,136.82443237304688,166.6300048828125,167.1999969482422,166.0,166.74000549316406,37724
2024-05-02,136.3697967529297,164.97999572753906,166.0,162.9499969482422,165.52999877929688,39214
2024-05-03,137.70062255859375,166.58999633789062,166.99000549316406,165.0800018310547,165.30999755859375,30063
2024-05-06,137.74197387695312,166.63999938964844,166.8699951171875,165.42999267578125,166.58999633789062,40949
2024-05-07,137.08897399902344,165.85000610351562,166.8000030517578,165.5800018310547,166.63999938964844,32259
2024-05-08,136.98973083496094,165.72999572753906,166.13999938964844,164.75,166.0,34688
2024-05-09,135.94827270507812,164.47000122070312,166.0,164.4499969482422,166.0,38155
2024-05-10,135.8160400390625,164.30999755859375,165.3699951171875,163.38999938964844,164.5399932861328,45589
2024-05-13,134.4025421142578,162.60000610351562,164.30999755859375,162.5,164.30999755859375,57440
2024-05-14,133.5428924560547,161.55999755859375,162.99000549316406,161.5,162.75999450683594,49493
2024-05-15,133.7247772216797,161.77999877929688,161.92999267578125,161.61000061035156,161.61000061035156,46872
2024-05-16,134.3199005126953,162.5,163.0,161.8699951171875,161.92999267578125,42922
2024-05-17,134.88197326660156,163.17999267578125,163.5,162.5,162.5,36816
2024-05-20,134.98947143554688,163.30999755859375,163.5,162.6699981689453,163.1999969482422,42969
2024-05-21,134.31167602539062,162.49000549316406,163.97999572753906,162.02999877929688,163.30999755859375,44798
2024-05-22,133.98101806640625,162.08999633789062,162.72000122070312,162.0500030517578,162.6999969482422,30481
2024-05-23,133.80746459960938,161.8800048828125,163.5500030517578,161.61000061035156,162.75,32941
2024-05-24,133.7412872314453,161.8000030517578,162.3000030517578,160.99000549316406,162.1300048828125,50497
2024-05-27,133.7412872314453,161.8000030517578,162.5399932861328,161.00999450683594,161.80999755859375,37984
2024-05-28,133.0800323486328,161.0,162.00999450683594,160.85000610351562,162.00999450683594,45602
2024-05-29,133.76611328125,161.8300018310547,161.9499969482422,161.0,161.0,39158
2024-05-31,135.06382751464844,163.39999389648438,163.60000610351562,161.17999267578125,162.02999877929688,50210
2024-06-03,133.8072052001953,160.7899932861328,162.8000030517578,160.52000427246094,162.3000030517578,66744
2024-06-04,134.37313842773438,161.47000122070312,161.47000122070312,160.5,160.7899932861328,38137
2024-06-05,133.7323455810547,160.6999969482422,161.8800048828125,160.5,161.47000122070312,35217
2024-06-06,134.13180541992188,161.17999267578125,161.5,160.58999633789062,160.6999969482422,40916
2024-06-07,134.18170166015625,161.24000549316406,161.88999938964844,161.0,161.27999877929688,39216
2024-06-10,133.84881591796875,160.83999633789062,161.24000549316406,160.0,161.24000549316406,52795
2024-06-11,133.2413787841797,160.11000061035156,161.14999389648438,160.0,160.75999450683594,44281
2024-06-12,133.04994201660156,159.8800048828125,160.7899932861328,159.5,160.11000061035156,37601
2024-06-13,131.49375915527344,158.00999450683594,160.3000030517578,157.1999969482422,160.0,66450
2024-06-14,132.72535705566406,159.49000549316406,159.8000030517578,158.25999450683594,158.32000732421875,59202
2024-06-17,132.1428680419922,158.7899932861328,159.99000549316406,158.5,159.99000549316406,63147
2024-06-18,131.95147705078125,158.55999755859375,159.13999938964844,158.39999389648438,158.89999389648438,44530
2024-06-19,131.73509216308594,158.3000030517578,158.89999389648438,158.0,158.55999755859375,50705
2024-06-20,131.27740478515625,157.75,158.88999938964844,157.57000732421875,158.6199951171875,58759
2024-06-21,129.4465789794922,155.5500030517578,158.8000030517578,155.5500030517578,158.0,182536
2024-06-24,131.30233764648438,157.77999877929688,157.9199981689453,156.5500030517578,156.7899932861328,77894
2024-06-25,132.30096435546875,158.97999572753906,159.1999969482422,157.52000427246094,157.77999877929688,46205
2024-06-26,133.01663208007812,159.83999633789062,160.0800018310547,159.0,159.0,43658
2024-06-27,134.90573120117188,162.11000061035156,162.3800048828125,159.99000549316406,160.0,39043
2024-06-28,134.93899536132812,162.14999389648438,163.1699981689453,161.5,162.44000244140625,56174
2024-07-01,132.83595275878906,158.5399932861328,161.3000030517578,157.6300048828125,161.1999969482422,83520
2024-07-02,133.2213592529297,159.0,159.39999389648438,158.5399932861328,158.6699981689453,62476
2024-07-03,132.83595275878906,158.5399932861328,159.38999938964844,158.25999450683594,159.2899932861328,46958
2024-07-04,134.01734924316406,159.9499969482422,159.97999572753906,158.80999755859375,158.89999389648438,40285
2024-07-05,134.43626403808594,160.4499969482422,160.9499969482422,159.22999572753906,160.0,42095
2024-07-08,134.2854766845703,160.27000427246094,160.8699951171875,160.14999389648438,160.60000610351562,54529
2024-07-09,134.2603302001953,160.24000549316406,160.5399932861328,159.5,160.27000427246094,37745
2024-07-10,134.8970947265625,161.0,161.22000122070312,160.5,160.5399932861328,33434
2024-07-11,135.58416748046875,161.82000732421875,162.0,161.00999450683594,161.00999450683594,31001
2024-07-12,135.8606414794922,162.14999389648438,162.3300018310547,161.5,161.82000732421875,38568
2024-07-15,136.3214569091797,162.6999969482422,163.25,162.0,162.14999389648438,38944
2024-07-16,137.32693481445312,163.89999389648438,164.5,163.0,163.02999877929688,41077
2024-07-17,137.7961883544922,164.4600067138672,164.52999877929688,163.8800048828125,163.89999389648438,31279
2024-07-18,136.1538848876953,162.5,164.8000030517578,162.5,164.5,32799
2024-07-19,135.7349853515625,162.0,163.49000549316406,161.1699981689453,163.3300018310547,41267
2024-07-22,136.07008361816406,162.39999389648438,163.8000030517578,162.0,162.3300018310547,45757
2024-07-23,136.63150024414062,163.07000732421875,163.49000549316406,162.39999389648438,162.52000427246094,33814
2024-07-24,136.3214569091797,162.6999969482422,163.1300048828125,161.63999938964844,163.07000732421875,45169
2024-07-25,136.38014221191406,162.77000427246094,163.1199951171875,162.05999755859375,162.89999389648438,36548
2024-07-26,136.8995819091797,163.38999938964844,163.4600067138672,162.39999389648438,163.1300048828125,43717
2024-07-29,135.20712280273438,161.3699951171875,163.5,161.3699951171875,163.38999938964844,51574
2024-07-30,133.85813903808594,159.75999450683594,162.44000244140625,159.75999450683594,161.92999267578125,72138
2024-07-31,134.39437866210938,160.39999389648438,160.8699951171875,160.0399932861328,160.17999267578125,48844
2024-08-01,134.99334716796875,160.00999450683594,161.0,159.3699951171875,160.58999633789062,54285
2024-08-02,134.98492431640625,160.0,160.6999969482422,159.8800048828125,160.17999267578125,45577
2024-08-05,134.83306884765625,159.82000732421875,159.89999389648438,158.5399932861328,159.69000244140625,51617
2024-08-06,134.98492431640625,160.0,160.99000549316406,159.82000732421875,159.97000122070312,33709
2024-08-07,135.19583129882812,160.25,160.9600067138672,159.89999389648438,160.25999450683594,29181
2024-08-08,135.1114959716797,160.14999389648438,160.69000244140625,159.89999389648438,160.64999389648438,28971
2024-08-09,135.6598663330078,160.8000030517578,161.35000610351562,160.14999389648438,160.47999572753906,41205
2024-08-12,135.6092529296875,160.74000549316406,161.39999389648438,160.4499969482422,161.39999389648438,36906
2024-08-13,135.4742889404297,160.5800018310547,161.24000549316406,160.39999389648438,160.85000610351562,32541
2024-08-14,135.80328369140625,160.97000122070312,161.0500030517578,160.5,160.5800018310547,35869
2024-08-15,136.65541076660156,161.97999572753906,162.0,160.97000122070312,160.97000122070312,34825
2024-08-16,136.571044921875,161.8800048828125,162.6999969482422,160.75,162.0500030517578,57781
2024-08-19,135.80328369140625,160.97000122070312,162.4499969482422,160.60000610351562,162.0500030517578,45193
2024-08-20,136.2335662841797,161.47999572753906,161.97999572753906,161.02999877929688,161.5500030517578,36308
2024-08-21,136.10699462890625,161.3300018310547,161.9499969482422,160.89999389648438,161.9499969482422,38805
2024-08-22,136.20823669433594,161.4499969482422,161.8800048828125,160.0,161.25,38345
2024-08-23,136.9253387451172,162.3000030517578,162.60000610351562,161.52999877929688,161.8000030517578,35121
2024-08-26,136.68067932128906,162.00999450683594,162.22999572753906,161.80999755859375,161.9499969482422,39963
2024-08-27,135.8370361328125,161.00999450683594,162.13999938964844,161.00999450683594,161.89999389648438,36534
2024-08-28,135.74420166015625,160.89999389648438,161.5500030517578,160.60000610351562,161.10000610351562,37694
2024-08-29,136.0732421875,161.2899932861328,161.80999755859375,160.8300018310547,160.9499969482422,29800
2024-08-30,135.997314453125,161.1999969482422,161.47000122070312,161.07000732421875,161.35000610351562,45509
2024-09-02,136.4220428466797,160.60000610351562,160.60000610351562,160.10000610351562,160.3000030517578,45157
2024-09-03,136.25216674804688,160.39999389648438,160.8000030517578,160.39999389648438,160.60000610351562,51781
2024-09-04,136.29464721679688,160.4499969482422,161.0,160.35000610351562,160.5500030517578,37236
2024-09-05,136.26914978027344,160.4199981689453,160.69000244140625,160.3000030517578,160.5399932861328,29017
2024-09-06,136.337158203125,160.5,160.5800018310547,160.27000427246094,160.42999267578125,33575
2024-09-09,136.039794921875,160.14999389648438,160.69000244140625,160.14999389648438,160.5,35062
2024-09-10,136.11627197265625,160.24000549316406,160.52000427246094,159.7100067138672,160.42999267578125,39155
2024-09-11,135.997314453125,160.10000610351562,160.4499969482422,160.10000610351562,160.42999267578125,31824
2024-09-12,135.90391540527344,159.99000549316406,160.69000244140625,159.6999969482422,160.3800048828125,35818
2024-09-13,136.13323974609375,160.25999450683594,160.4600067138672,159.64999389648438,159.99000549316406,53504
2024-09-16,136.06529235839844,160.17999267578125,160.5,159.99000549316406,160.4199981689453,43388
2024-09-17,135.8869171142578,159.97000122070312,160.5,159.6999969482422,160.22000122070312,44660
2024-09-18,135.9888458251953,160.08999633789062,160.3000030517578,159.7100067138672,159.97000122070312,34355
2024-09-19,135.85296630859375,159.92999267578125,160.08999633789062,159.5,160.0500030517578,40269
2024-09-20,135.8274383544922,159.89999389648438,160.0,158.10000610351562,159.88999938964844,58700
2024-09-23,134.27296447753906,158.07000732421875,159.89999389648438,157.7100067138672,159.60000610351562,76540
2024-09-24,134.4258270263672,158.25,158.82000732421875,158.0800018310547,158.14999389648438,39919
2024-09-25,134.29843139648438,158.10000610351562,158.8000030517578,158.0,158.3000030517578,45340
2024-09-26,134.5617218017578,158.41000366210938,158.7899932861328,158.10000610351562,158.38999938964844,35793
2024-09-27,134.68072509765625,158.5500030517578,158.8000030517578,157.8000030517578,158.41000366210938,55931
2024-09-30,135.1733856201172,159.1300048828125,159.4199981689453,158.5500030517578,159.0,42023
2024-10-01,134.87400817871094,157.67999267578125,158.88999938964844,156.89999389648438,158.30999755859375,72409
2024-10-02,135.5582733154297,158.47999572753906,158.49000549316406,157.1199951171875,157.6999969482422,51238
2024-10-03,135.13063049316406,157.97999572753906,158.5,157.60000610351562,158.47999572753906,37897
2024-10-04,135.13063049316406,157.97999572753906,158.5,157.41000366210938,158.0,52224
2024-10-07,135.14772033691406,158.0,158.5,157.64999389648438,158.0,45382
2024-10-08,134.71145629882812,157.49000549316406,158.13999938964844,157.3000030517578,157.97000122070312,114810
2024-10-09,133.97586059570312,156.6300048828125,157.8800048828125,156.5,157.5399932861328,49639
2024-10-10,133.26593017578125,155.8000030517578,156.6199951171875,155.8000030517578,156.6199951171875,51133
2024-10-11,133.63368225097656,156.22999572753906,157.0800018310547,155.83999633789062,155.85000610351562,45346
2024-10-14,134.56605529785156,157.32000732421875,157.77999877929688,156.3000030517578,156.3000030517578,43318
2024-10-15,133.56529235839844,156.14999389648438,157.6999969482422,155.5500030517578,157.33999633789062,86678
2024-10-16,133.96728515625,156.6199951171875,157.0,156.14999389648438,156.16000366210938,40558
2024-10-17,133.90740966796875,156.5500030517578,157.17999267578125,156.5500030517578,156.64999389648438,31710
2024-10-18,134.1383819580078,156.82000732421875,156.91000366210938,156.3000030517578,156.75,35585
2024-10-21,133.13758850097656,155.64999389648438,156.99000549316406,155.3300018310547,156.82000732421875,72607
2024-10-22,133.08627319335938,155.58999633789062,156.6699981689453,155.1999969482422,156.16000366210938,44641
2024-10-23,132.57305908203125,154.99000549316406,155.97999572753906,154.63999938964844,155.63999938964844,56429
2024-10-24,131.98284912109375,154.3000030517578,155.60000610351562,153.82000732421875,155.60000610351562,57772
2024-10-25,132.88101196289062,155.35000610351562,155.4499969482422,154.0,154.5,41086
2024-10-28,132.504638671875,154.91000366210938,155.85000610351562,154.89999389648438,155.1300048828125,48480
2024-10-29,132.87242126464844,155.33999633789062,155.80999755859375,154.91000366210938,155.49000549316406,41982
2024-10-30,133.17181396484375,155.69000244140625,155.89999389648438,155.30999755859375,155.39999389648438,42568
2024-10-31,133.30868530273438,155.85000610351562,155.89999389648438,155.64999389648438,155.6999969482422,36427
2024-11-01,133.09326171875,154.5,154.75,153.0500030517578,154.38999938964844,64555
2024-11-04,131.8269805908203,153.02999877929688,155.72999572753906,153.0,154.5,74077
2024-11-05,132.1284942626953,153.3800048828125,154.5,153.10000610351562,153.99000549316406,40863
2024-11-06,131.878662109375,153.08999633789062,154.0,153.0,153.47999572753906,49983
2024-11-07,131.95616149902344,153.17999267578125,154.0,153.0500030517578,153.1999969482422,50810
2024-11-08,132.9210205078125,154.3000030517578,154.60000610351562,153.35000610351562,153.35000610351562,38291
2024-11-11,131.6288299560547,152.8000030517578,154.35000610351562,152.8000030517578,154.3000030517578,64950
2024-11-12,131.0688934326172,152.14999389648438,153.00999450683594,151.89999389648438,152.9499969482422,53224
2024-11-13,131.80117797851562,153.0,153.0,151.25,152.14999389648438,60793
2024-11-14,132.91241455078125,154.2899932861328,154.8000030517578,152.6999969482422,152.99000549316406,52165
2024-11-18,131.9906768798828,153.22000122070312,156.0,152.8000030517578,154.33999633789062,74966
2024-11-19,132.87794494628906,154.25,154.97000122070312,153.72000122070312,154.74000549316406,47303
2024-11-21,132.86070251464844,154.22999572753906,154.99000549316406,152.5,154.7100067138672,57847
2024-11-22,132.6970672607422,154.0399932861328,154.5,153.1999969482422,154.1199951171875,40501
2024-11-25,132.1284942626953,153.3800048828125,154.5,153.0399932861328,154.0399932861328,52945
2024-11-26,133.09326171875,154.5,154.88999938964844,153.36000061035156,153.3800048828125,40396
2024-11-27,132.4041290283203,153.6999969482422,154.88999938964844,153.60000610351562,154.5,43016
2024-11-28,131.80117797851562,153.0,154.10000610351562,152.3000030517578,153.6999969482422,49616
2024-11-29,131.1550750732422,152.25,153.99000549316406,152.1999969482422,153.0,68458
2024-12-02,128.42176818847656,148.0,152.47999572753906,148.0,151.8000030517578,119718
2024-12-03,125.99217224121094,145.1999969482422,149.19000244140625,144.80999755859375,148.60000610351562,98970
2024-12-04,123.89229583740234,142.77999877929688,147.47000122070312,142.50999450683594,145.5,82723
2024-12-05,123.92704772949219,142.82000732421875,143.9499969482422,142.0,143.39999389648438,95017
2024-12-06,129.87083435058594,149.6699981689453,151.38999938964844,142.82000732421875,142.82000732421875,88277
2024-12-09,131.7017059326172,151.77999877929688,154.47000122070312,149.6699981689453,150.07000732421875,80814
2024-12-10,129.82745361328125,149.6199951171875,152.99000549316406,149.6199951171875,151.77999877929688,52326
2024-12-11,129.2894744873047,149.0,151.41000366210938,148.1699981689453,150.3300018310547,55353
2024-12-12,129.68862915039062,149.4600067138672,150.16000366210938,148.0500030517578,149.0,53340
2024-12-13,131.33724975585938,151.36000061035156,152.60000610351562,149.60000610351562,149.99000549316406,48338
2024-12-16,130.76463317871094,150.6999969482422,152.58999633789062,150.5,151.36000061035156,60722
2024-12-17,129.12464904785156,148.80999755859375,151.00999450683594,147.99000549316406,150.6999969482422,68825
2024-12-18,126.26982879638672,145.52000427246094,149.17999267578125,145.52000427246094,149.02999877929688,60584
2024-12-19,128.4651336669922,148.0500030517578,148.99000549316406,145.72999572753906,146.97999572753906,65094
2024-12-20,132.50003051757812,152.6999969482422,153.38999938964844,148.0,148.08999633789062,73135
2024-12-23,135.00770568847656,155.58999633789062,156.38999938964844,152.75999450683594,152.88999938964844,66038
2024-12-26,134.2007598876953,154.66000366210938,156.3000030517578,154.0,155.7899932861328,55668
2024-12-27,135.3634490966797,156.0,156.0,154.66000366210938,154.66000366210938,38316
2024-12-30,135.4762725830078,156.1300048828125,157.27000427246094,156.0,156.5,33360
2025-01-02,135.13548278808594,154.63999938964844,155.75999450683594,154.19000244140625,155.60000610351562,42648
2025-01-03,134.57618713378906,154.0,156.1300048828125,154.0,154.63999938964844,51914
2025-01-06,133.4838409423828,152.75,155.27999877929688,152.0,154.5,42754
2025-01-07,131.95455932617188,151.0,153.75999450683594,150.10000610351562,152.75,49174
2025-01-08,130.91464233398438,149.80999755859375,151.75999450683594,149.02999877929688,151.39999389648438,56118
2025-01-09,130.4077911376953,149.22999572753906,150.97999572753906,148.8000030517578,150.00999450683594,38384
2025-01-10,131.6924285888672,150.6999969482422,151.75999450683594,149.35000610351562,149.35000610351562,33216
2025-01-13,131.45645141601562,150.42999267578125,151.75999450683594,149.41000366210938,150.6999969482422,44124
2025-01-14,130.7136688232422,149.5800018310547,150.42999267578125,149.4499969482422,150.42999267578125,37626
2025-01-15,132.0856170654297,151.14999389648438,151.97000122070312,149.9199981689453,149.9199981689453,44763
2025-01-16,133.0731658935547,152.27999877929688,152.75999450683594,151.4600067138672,151.6999969482422,35387
2025-01-17,130.9059295654297,149.8000030517578,151.99000549316406,147.61000061035156,151.5,81492
2025-01-20,130.9059295654297,149.8000030517578,149.99000549316406,148.39999389648438,149.5,54469
2025-01-21,130.60008239746094,149.4499969482422,150.1199951171875,149.0,149.8000030517578,45344
2025-01-22,131.0894317626953,150.00999450683594,150.88999938964844,149.6999969482422,149.75999450683594,32348
2025-01-23,129.69998168945312,148.4199981689453,150.42999267578125,148.2899932861328,150.0,41523
2025-01-24,130.55638122558594,149.39999389648438,149.94000244140625,148.57000732421875,148.57000732421875,33445
2025-01-27,130.46900939941406,149.3000030517578,149.85000610351562,148.60000610351562,149.39999389648438,49149
2025-01-28,129.5164794921875,148.2100067138672,149.3000030517578,147.67999267578125,149.3000030517578,39061
2025-01-29,129.9272003173828,148.67999267578125,149.27999877929688,148.2100067138672,148.2100067138672,37591
2025-01-30,130.99330139160156,149.89999389648438,150.49000549316406,148.6999969482422,148.75,40753
2025-01-31,133.04693603515625,152.25,153.0,149.89999389648438,149.89999389648438,35655
2025-02-03,131.6825714111328,149.60000610351562,150.99000549316406,149.02000427246094,150.99000549316406,50119
2025-02-04,131.8497772216797,149.7899932861328,150.99000549316406,149.60000610351562,150.0,45676
2025-02-05,131.3128204345703,149.17999267578125,150.13999938964844,149.17999267578125,149.7899932861328,33233
2025-02-06,131.7705841064453,149.6999969482422,150.0,149.17999267578125,149.1999969482422,33722
2025-02-07,131.24241638183594,149.10000610351562,149.89999389648438,149.0,149.6999969482422,45761
2025-02-10,130.29180908203125,148.02000427246094,148.91000366210938,148.00999450683594,148.77000427246094,65563
2025-02-11,130.09814453125,147.8000030517578,148.72999572753906,147.8000030517578,148.5,41826
2025-02-12,130.26541137695312,147.99000549316406,148.5,147.60000610351562,148.02000427246094,42546
2025-02-13,130.12457275390625,147.8300018310547,148.4600067138672,147.50999450683594,147.99000549316406,31541
2025-02-14,131.23361206054688,149.08999633789062,149.33999633789062,148.02999877929688,148.02999877929688,35279
2025-02-17,131.93783569335938,149.88999938964844,150.35000610351562,149.08999633789062,149.5,55203
2025-02-18,132.05223083496094,150.02000427246094,150.5,149.83999633789062,149.88999938964844,41392
2025-02-19,131.52413940429688,149.4199981689453,150.5,149.00999450683594,150.11000061035156,31780
2025-02-20,131.75294494628906,149.67999267578125,150.10000610351562,149.25,149.8000030517578,37480
2025-02-21,133.90074157714844,152.1199951171875,152.17999267578125,149.82000732421875,150.0,70501
2025-02-24,133.89193725585938,152.11000061035156,153.74000549316406,152.0,152.39999389648438,41835
2025-02-25,135.0626678466797,153.44000244140625,153.5,151.3699951171875,152.0,42297
2025-02-26,133.04693603515625,151.14999389648438,153.72999572753906,151.0,153.44000244140625,51165
2025-02-27,132.61561584472656,150.66000366210938,151.9600067138672,149.8000030517578,151.38999938964844,50884
2025-02-28,132.4307403564453,150.4499969482422,152.2899932861328,149.64999389648438,151.22999572753906,59504
2025-03-05,131.28689575195312,148.05999755859375,150.3000030517578,147.67999267578125,149.61000061035156,67015
2025-03-06,132.4307403564453,149.35000610351562,150.0,148.5,149.5399932861328,53978
2025-03-07,133.34405517578125,150.3800048828125,150.5,149.35000610351562,150.4499969482422,42824
2025-03-10,133.14013671875,150.14999389648438,150.99000549316406,150.0,150.85000610351562,41828
2025-03-11,132.9893798828125,149.97999572753906,150.97999572753906,149.5,150.25,39130
2025-03-12,133.1223907470703,150.1300048828125,150.9600067138672,149.8699951171875,150.91000366210938,30122
2025-03-13,133.1756134033203,150.19000244140625,150.6699981689453,149.47999572753906,150.27000427246094,29724
2025-03-14,133.97361755371094,151.08999633789062,151.14999389648438,150.19000244140625,150.2899932861328,33788
2025-03-17,133.62782287597656,150.6999969482422,152.36000061035156,150.6999969482422,151.50999450683594,40530
2025-03-18,134.64755249023438,151.85000610351562,152.24000549316406,150.77999877929688,150.8000030517578,44075
2025-03-19,134.73619079589844,151.9499969482422,152.5,151.0,151.4199981689453,42216
2025-03-20,134.78054809570312,152.0,152.39999389648438,151.72999572753906,152.25,35564
2025-03-21,134.60321044921875,151.8000030517578,152.9499969482422,151.77999877929688,152.30999755859375,42433
2025-03-24,134.12437438964844,151.25999450683594,152.7100067138672,151.25999450683594,152.05999755859375,45457
2025-03-25,134.390380859375,151.55999755859375,152.1999969482422,151.5,151.6699981689453,37432
2025-03-26,134.73619079589844,151.9499969482422,152.8000030517578,151.44000244140625,151.55999755859375,38660
2025-03-27,134.69186401367188,151.89999389648438,152.75,151.6999969482422,152.5,44588
2025-03-28,135.13522338867188,152.39999389648438,152.60000610351562,151.89999389648438,151.89999389648438,43876
2025-03-31,135.44558715820312,152.75,152.94000244140625,152.41000366210938,152.75,51796
2025-04-01,136.731689453125,153.08999633789062,153.49000549316406,151.39999389648438,152.63999938964844,53441
2025-04-02,137.3479766845703,153.77999877929688,154.3000030517578,153.10000610351562,153.5,44231
2025-04-03,137.5444793701172,154.0,154.3000030517578,153.1999969482422,154.2899932861328,35074
2025-04-04,136.90142822265625,153.27999877929688,154.39999389648438,153.08999633789062,154.1699981689453,31974
2025-04-07,135.25802612304688,151.44000244140625,153.24000549316406,149.6300048828125,153.08999633789062,66253
2025-04-08,134.0165557861328,150.0500030517578,152.32000732421875,149.8800048828125,151.8000030517578,47129
2025-04-09,134.39166259765625,150.47000122070312,150.5,149.64999389648438,150.0,38425
2025-04-10,134.96328735351562,151.11000061035156,151.5,150.3000030517578,151.0,28437
2025-04-11,136.02609252929688,152.3000030517578,152.5,151.0,151.30999755859375,26393
2025-04-14,136.93714904785156,153.32000732421875,154.0,152.22000122070312,152.33999633789062,47563
2025-04-15,136.49951171875,152.8300018310547,154.9600067138672,151.02000427246094,153.7899932861328,67726
2025-04-16,138.0803680419922,154.60000610351562,154.60000610351562,152.30999755859375,152.8300018310547,55652
2025-04-17,139.19677734375,155.85000610351562,155.99000549316406,154.60000610351562,154.6999969482422,36646
2025-04-22,141.7869110107422,158.75,159.35000610351562,156.02999877929688,156.25,56550
2025-04-23,142.81402587890625,159.89999389648438,160.0,158.75,159.2100067138672,43123
2025-04-24,142.74261474609375,159.82000732421875,160.27999877929688,159.38999938964844,159.89999389648438,32475
2025-04-25,143.26953125,160.41000366210938,160.9199981689453,159.5,159.9199981689453,41532
2025-04-28,142.45677185058594,159.5,160.75,158.64999389648438,160.41000366210938,46650
2025-04-29,142.90335083007812,160.0,160.5,159.75,160.0,29212
2025-04-30,143.61790466308594,160.8000030517578,160.9499969482422,160.0,160.1300048828125,37536
2025-05-02,143.42901611328125,159.49000549316406,160.72000122070312,158.0,159.6999969482422,46493
2025-05-05,141.03688049316406,156.8300018310547,159.66000366210938,156.6300048828125,159.49000549316406,48822
2025-05-06,142.50274658203125,158.4600067138672,159.0,156.5500030517578,157.35000610351562,33618
2025-05-07,142.2689208984375,158.1999969482422,159.0,157.74000549316406,158.9199981689453,30847
2025-05-08,143.4560089111328,159.52000427246094,159.9499969482422,158.1999969482422,158.99000549316406,32362
2025-05-09,143.0153350830078,159.02999877929688,160.0,158.63999938964844,159.52000427246094,34252
2025-05-12,143.33010864257812,159.3800048828125,160.0,159.11000061035156,159.97999572753906,30480
2025-05-13,143.34808349609375,159.39999389648438,159.8000030517578,159.05999755859375,159.14999389648438,31858
2025-05-14,143.25814819335938,159.3000030517578,159.8000030517578,159.02000427246094,159.69000244140625,24613
2025-05-15,143.86065673828125,159.97000122070312,159.99000549316406,159.1199951171875,159.5,31786
2025-05-16,143.87864685058594,159.99000549316406,160.0,159.58999633789062,159.97000122070312,31523
2025-05-19,143.5819091796875,159.66000366210938,160.0,159.6199951171875,159.99000549316406,35467
2025-05-20,143.7617645263672,159.86000061035156,159.97999572753906,159.67999267578125,159.88999938964844,28646
2025-05-21,143.8876495361328,160.0,160.0,159.67999267578125,159.86000061035156,33878
2025-05-22,143.73477172851562,159.8300018310547,160.47000122070312,159.7100067138672,159.9499969482422,25894
2025-05-23,143.63584899902344,159.72000122070312,160.39999389648438,159.5,160.39999389648438,35127
2025-05-26,143.7078094482422,159.8000030517578,160.3000030517578,159.50999450683594,160.25,28956
2025-05-27,144.3373260498047,160.5,160.8000030517578,159.4199981689453,160.0,35181
2025-05-28,144.09449768066406,160.22999572753906,160.8000030517578,159.13999938964844,160.64999389648438,30683
2025-05-29,143.77076721191406,159.8699951171875,160.8300018310547,159.52000427246094,160.8000030517578,22374
2025-05-30,145.11068725585938,161.36000061035156,161.36000061035156,159.9199981689453,160.33999633789062,34043
2025-06-02,142.79269409179688,157.6999969482422,160.3000030517578,157.6999969482422,160.25999450683594,63936
2025-06-03,141.32582092285156,156.0800018310547,158.55999755859375,155.8800048828125,158.0,63485
2025-06-04,141.4344940185547,156.1999969482422,157.69000244140625,153.9199981689453,156.58999633789062,44043
2025-06-05,141.579345703125,156.36000061035156,157.7899932861328,156.36000061035156,156.41000366210938,38157
2025-06-06,141.47976684570312,156.25,157.77000427246094,155.0399932861328,156.7899932861328,50660
2025-06-09,140.34791564941406,155.0,157.49000549316406,155.0,157.35000610351562,46989
2025-06-10,141.15379333496094,155.88999938964844,156.0,154.77000427246094,155.39999389648438,34992
2025-06-11,140.89125061035156,155.60000610351562,156.6699981689453,155.50999450683594,156.08999633789062,33512
2025-06-12,140.89125061035156,155.60000610351562,155.77999877929688,154.3000030517578,155.75,35899
2025-06-13,142.60256958007812,157.49000549316406,159.14999389648438,155.4199981689453,155.60000610351562,64454
2025-06-16,143.69815063476562,158.6999969482422,159.0,157.5500030517578,158.6699981689453,44111
2025-06-17,142.7564697265625,157.66000366210938,158.75,157.61000061035156,158.72999572753906,33267
2025-06-18,143.11863708496094,158.05999755859375,158.61000061035156,157.4600067138672,158.0,32907
2025-06-20,142.6297149658203,157.52000427246094,158.63999938964844,157.27999877929688,158.10000610351562,35024
2025-06-23,142.3399658203125,157.1999969482422,157.47000122070312,155.52000427246094,156.97999572753906,48909
2025-06-24,142.8198699951172,157.72999572753906,157.97999572753906,157.0500030517578,157.4499969482422,26574
2025-06-25,142.7021484375,157.60000610351562,157.99000549316406,156.00999450683594,157.74000549316406,31160
2025-06-26,142.98284912109375,157.91000366210938,158.19000244140625,156.50999450683594,157.5800018310547,33755
2025-06-27,142.61160278320312,157.5,158.49000549316406,156.63999938964844,157.91000366210938,42652
2025-06-30,144.17807006835938,159.22999572753906,159.3000030517578,157.52000427246094,157.60000610351562,40025
2025-07-01,142.41835021972656,156.1999969482422,158.1300048828125,155.64999389648438,158.1300048828125,53775
2025-07-02,142.9654083251953,156.8000030517578,158.2100067138672,155.99000549316406,156.30999755859375,44317
2025-07-03,142.41835021972656,156.1999969482422,157.0,155.94000244140625,156.8000030517578,35167
2025-07-04,143.67660522460938,157.5800018310547,157.9600067138672,156.05999755859375,156.77999877929688,34812
2025-07-07,142.82864379882812,156.64999389648438,157.91000366210938,156.50999450683594,157.5800018310547,46116
2025-07-08,142.2633514404297,156.02999877929688,157.0,155.85000610351562,157.0,43602
2025-07-09,141.39718627929688,155.0800018310547,155.72000122070312,154.8000030517578,155.3699951171875,36346
2025-07-10,141.43365478515625,155.1199951171875,155.5,154.5800018310547,155.10000610351562,35760
2025-07-11,142.53689575195312,156.3300018310547,156.47000122070312,154.89999389648438,154.89999389648438,25490
2025-07-14,142.13571166992188,155.88999938964844,156.72999572753906,155.6999969482422,156.64999389648438,45948
2025-07-15,141.4154052734375,155.10000610351562,156.5800018310547,155.10000610351562,156.47999572753906,41910
2025-07-16,141.2786407470703,154.9499969482422,156.0,154.64999389648438,156.0,33141
2025-07-17,141.9168701171875,155.64999389648438,155.8300018310547,155.02000427246094,155.5,30838
2025-07-18,142.34539794921875,156.1199951171875,156.47999572753906,155.64999389648438,155.97999572753906,26053
2025-07-21,141.32423400878906,155.0,156.0,154.52999877929688,155.97999572753906,36500
2025-07-22,140.9139404296875,154.5500030517578,155.49000549316406,154.00999450683594,155.02000427246094,31723
2025-07-23,140.41249084472656,154.0,154.5399932861328,153.77000427246094,154.25999450683594,35269
2025-07-24,140.59481811523438,154.1999969482422,154.64999389648438,153.75,154.1999969482422,33095
2025-07-25,141.9716033935547,155.7100067138672,156.6199951171875,153.80999755859375,154.88999938964844,36429
2025-07-28,141.05067443847656,154.6999969482422,156.3000030517578,153.99000549316406,156.3000030517578,45039
2025-07-29,140.43983459472656,154.02999877929688,154.99000549316406,153.50999450683594,154.5500030517578,33047
2025-07-30,138.58892822265625,152.0,154.41000366210938,151.64999389648438,154.35000610351562,57939
2025-07-31,140.63128662109375,154.24000549316406,154.41000366210938,153.32000732421875,153.52000427246094,34919
2025-08-01,139.76808166503906,152.1999969482422,153.99000549316406,151.13999938964844,153.9600067138672,47375
2025-08-04,140.3833465576172,152.8699951171875,153.7899932861328,152.30999755859375,153.42999267578125,87971
2025-08-05,139.56605529785156,151.97999572753906,153.0,151.22999572753906,153.0,38446
2025-08-06,139.92417907714844,152.3699951171875,153.0,151.3300018310547,152.27999877929688,33950
2025-08-07,139.4282989501953,151.8300018310547,153.0,151.8300018310547,152.3699951171875,34379
2025-08-08,139.35479736328125,151.75,152.85000610351562,151.25,152.83999633789062,42704
2025-08-11,139.37319946289062,151.77000427246094,152.3000030517578,150.9499969482422,152.0,46395
2025-08-12,139.52931213378906,151.94000244140625,152.3000030517578,151.5,152.11000061035156,31988
2025-08-13,138.9140167236328,151.27000427246094,152.38999938964844,151.10000610351562,152.0500030517578,40866
2025-08-14,139.5200958251953,151.92999267578125,152.3000030517578,151.66000366210938,151.9499969482422,41506
2025-08-15,139.58441162109375,152.0,152.3000030517578,150.77999877929688,151.94000244140625,47670
2025-08-18,139.12525939941406,151.5,152.47000122070312,151.05999755859375,152.3000030517578,51458
2025-08-19,138.66612243652344,151.0,151.97000122070312,150.97000122070312,151.60000610351562,46986
2025-08-20,139.11605834960938,151.49000549316406,151.5,150.9499969482422,151.36000061035156,37728
2025-08-21,139.12525939941406,151.5,151.6999969482422,151.1999969482422,151.6999969482422,47411
2025-08-22,140.0435791015625,152.5,152.5,151.1999969482422,151.57000732421875,41373
2025-08-25,140.0435791015625,152.5,152.8000030517578,152.1999969482422,152.72000122070312,39995
2025-08-26,140.4935302734375,152.99000549316406,152.99000549316406,152.42999267578125,152.88999938964844,33490
2025-08-27,140.76902770996094,153.2899932861328,153.83999633789062,152.6999969482422,153.5,31682
2025-08-28,141.24655151367188,153.80999755859375,154.0,153.3000030517578,153.44000244140625,31406
2025-08-29,142.3302001953125,154.99000549316406,155.42999267578125,153.80999755859375,153.99000549316406,36762
2025-09-01,145.16030883789062,156.9499969482422,157.2899932861328,152.9600067138672,154.07000732421875,96811
2025-09-02,143.2088623046875,154.83999633789062,156.83999633789062,154.74000549316406,156.49000549316406,55091
2025-09-03,145.10484313964844,156.88999938964844,157.39999389648438,155.5,155.5,71113
2025-09-04,143.78224182128906,155.4600067138672,157.25999450683594,155.1300048828125,156.25,38021
2025-09-05,143.6527557373047,155.32000732421875,156.8000030517578,155.25999450683594,156.3000030517578,44090
2025-09-08,143.8007354736328,155.47999572753906,156.5,154.8800048828125,155.64999389648438,41811
2025-09-09,144.16143798828125,155.8699951171875,156.5,155.14999389648438,156.0,31336
2025-09-10,144.60540771484375,156.35000610351562,156.5,155.80999755859375,155.8699951171875,31369
2025-09-11,145.08631896972656,156.8699951171875,157.0,156.1699981689453,156.5,31004
2025-09-12,145.94647216796875,157.8000030517578,157.8000030517578,156.4600067138672,156.8699951171875,45670
2025-09-15,145.85398864746094,157.6999969482422,158.50999450683594,157.0,157.7899932861328,46018
2025-09-16,146.22393798828125,158.10000610351562,158.5,157.6999969482422,157.6999969482422,36244
2025-09-17,146.88986206054688,158.82000732421875,159.0,158.17999267578125,158.1999969482422,38073
2025-09-18,146.81585693359375,158.74000549316406,159.3699951171875,158.74000549316406,158.82000732421875,33499
2025-09-19,147.51878356933594,159.5,159.5,158.85000610351562,159.10000610351562,41937
2025-09-22,147.05633544921875,159.0,159.6999969482422,158.52999877929688,159.60000610351562,50390
2025-09-23,146.9730987548828,158.91000366210938,159.6199951171875,158.1199951171875,159.38999938964844,36037
2025-09-24,147.6112823486328,159.60000610351562,159.6300048828125,159.00999450683594,159.44000244140625,37907
2025-09-25,148.49913024902344,160.55999755859375,160.60000610351562,159.49000549316406,159.6199951171875,46022
2025-09-26,148.12921142578125,160.16000366210938,160.99000549316406,160.0800018310547,160.64999389648438,42971
2025-09-29,148.92457580566406,161.02000427246094,161.7899932861328,159.5,161.0,62449
2025-09-30,149.8402099609375,162.00999450683594,163.3000030517578,161.02000427246094,161.02000427246094,59600
2025-10-01,148.76934814453125,159.75999450683594,162.0,159.7100067138672,160.8000030517578,52161
2025-10-02,149.2442626953125,160.27000427246094,160.58999633789062,159.80999755859375,160.4199981689453,37908
2025-10-03,149.4211883544922,160.4600067138672,160.97000122070312,159.97000122070312,160.27000427246094,34619
2025-10-06,149.4211883544922,160.4600067138672,160.97999572753906,160.4600067138672,160.75,40412
2025-10-07,149.08595275878906,160.10000610351562,161.5,159.3000030517578,160.61000061035156,43561
2025-10-08,148.85313415527344,159.85000610351562,160.82000732421875,159.75,159.99000549316406,37803
2025-10-09,148.62034606933594,159.60000610351562,161.0,159.0,160.5,49219
2025-10-10,148.99282836914062,160.0,160.5,159.5,160.0,36560
2025-10-13,149.04869079589844,160.05999755859375,160.5,159.77000427246094,160.11000061035156,49302
2025-10-14,148.9741973876953,159.97999572753906,160.38999938964844,159.75,160.10000610351562,41929
2025-10-15,149.45843505859375,160.5,160.64999389648438,159.82000732421875,160.0,39007
2025-10-16,149.45843505859375,160.5,160.97999572753906,157.88999938964844,160.64999389648438,67683
2025-10-17,148.62034606933594,159.60000610351562,160.77999877929688,159.47000122070312,160.49000549316406,39395
2025-10-20,148.34095764160156,159.3000030517578,160.36000061035156,159.3000030517578,160.0,40047
2025-10-21,148.62034606933594,159.60000610351562,160.47999572753906,159.4199981689453,159.97999572753906,39726
2025-10-22,149.3001251220703,160.3300018310547,160.49000549316406,159.7100067138672,160.00999450683594,41340
2025-10-23,147.92193603515625,158.85000610351562,160.30999755859375,158.24000549316406,160.0,57832
2025-10-24,148.34095764160156,159.3000030517578,159.88999938964844,158.6199951171875,159.0500030517578,48218
2025-10-27,147.6053009033203,158.50999450683594,159.97000122070312,158.3000030517578,159.4499969482422,51756
2025-10-28,146.8883056640625,157.74000549316406,159.0,157.60000610351562,158.89999389648438,54263
2025-10-29,148.1547393798828,159.10000610351562,159.94000244140625,158.07000732421875,158.07000732421875,45712
2025-10-30,148.76002502441406,159.75,159.97000122070312,158.6199951171875,159.39999389648438,41095
2025-10-31,147.59603881835938,158.5,159.97000122070312,158.39999389648438,159.97000122070312,50811
2025-11-03,146.47076416015625,156.1999969482422,158.5,156.1999969482422,158.0,83624
2025-11-04,146.3207244873047,156.0399932861328,156.85000610351562,154.6300048828125,156.66000366210938,57785
2025-11-05,147.81170654296875,157.6300048828125,157.6300048828125,156.0399932861328,156.0399932861328,43756
2025-11-06,147.59603881835938,157.39999389648438,158.49000549316406,155.0,157.6300048828125,55429
2025-11-07,148.25244140625,158.10000610351562,158.38999938964844,157.5,157.97999572753906,39226
2025-11-10,148.77752685546875,158.66000366210938,158.69000244140625,157.4499969482422,158.10000610351562,51423
2025-11-11,148.6743927001953,158.5500030517578,159.39999389648438,158.0,158.02999877929688,42877
2025-11-12,149.09634399414062,159.0,159.60000610351562,158.61000061035156,158.61000061035156,39963
2025-11-13,148.6837615966797,158.55999755859375,159.77000427246094,158.55999755859375,159.49000549316406,39661
2025-11-14,149.70587158203125,159.64999389648438,159.86000061035156,159.05999755859375,159.49000549316406,46591
2025-11-17,149.59336853027344,159.52999877929688,160.0,159.17999267578125,159.75,53967
2025-11-18,149.75274658203125,159.6999969482422,160.0,159.52999877929688,159.8000030517578,38228
2025-11-19,150.03408813476562,160.0,160.0,159.61000061035156,159.75,40824
2025-11-21,150.03408813476562,160.0,160.0,159.6999969482422,159.75,52547
2025-11-24,149.75274658203125,159.6999969482422,160.0,159.6999969482422,159.99000549316406,52544
2025-11-25,149.6964874267578,159.63999938964844,160.0,159.41000366210938,159.75,57085
2025-11-26,149.44329833984375,159.3699951171875,159.99000549316406,159.22999572753906,159.99000549316406,42307
2025-11-27,149.51832580566406,159.4499969482422,159.97000122070312,159.4499969482422,159.80999755859375,54182
2025-11-28,150.9718017578125,161.0,161.0,159.5,159.85000610351562,61594
2025-12-01,151.44386291503906,160.39999389648438,160.7899932861328,160.00999450683594,160.6999969482422,56096
2025-12-02,149.20619201660156,158.02999877929688,160.3000030517578,158.02999877929688,160.3000030517578,107822
2025-12-03,149.857666015625,158.72000122070312,159.22000122070312,158.14999389648438,158.47999572753906,62877
2025-12-04,150.20701599121094,159.08999633789062,159.19000244140625,158.3000030517578,158.80999755859375,41910
2025-12-05,150.21646118164062,159.10000610351562,159.99000549316406,158.80999755859375,159.08999633789062,57197
2025-12-08,150.89625549316406,159.82000732421875,161.99000549316406,159.3000030517578,159.88999938964844,158741
2025-12-09,150.15036010742188,159.02999877929688,160.64999389648438,158.8800048828125,160.64999389648438,81542
2025-12-10,149.50833129882812,158.35000610351562,159.88999938964844,158.00999450683594,159.88999938964844,92347
2025-12-11,149.45164489746094,158.2899932861328,158.64999389648438,157.75,158.42999267578125,70630
2025-12-12,149.0645751953125,157.8800048828125,159.0500030517578,157.39999389648438,158.5800018310547,231063
2025-12-15,147.58224487304688,156.30999755859375,158.5800018310547,155.9499969482422,158.13999938964844,170193
2025-12-16,147.58224487304688,156.30999755859375,156.97999572753906,156.0,156.5500030517578,133395
2025-12-17,147.57278442382812,156.3000030517578,156.74000549316406,156.02000427246094,156.4499969482422,75374
2025-12-18,147.3084259033203,156.02000427246094,156.80999755859375,155.80999755859375,156.3000030517578,113719
2025-12-19,148.8002166748047,157.60000610351562,157.63999938964844,156.32000732421875,156.35000610351562,99496
2025-12-22,149.36669921875,158.1999969482422,158.3800048828125,157.52999877929688,157.89999389648438,124944
2025-12-23,149.6499786376953,158.5,158.9499969482422,157.91000366210938,158.52999877929688,91761
2025-12-26,149.0362548828125,157.85000610351562,159.0,157.63999938964844,158.5,171415
2025-12-29,148.61138916015625,157.39999389648438,158.6199951171875,156.89999389648438,158.6199951171875,118066
2025-12-30,148.7530059814453,157.5500030517578,158.2100067138672,157.13999938964844,157.9499969482422,61112
2026-01-02,150.03659057617188,157.8000030517578,157.8000030517578,157.00999450683594,157.52999877929688,79357
2026-01-05,149.60874938964844,157.35000610351562,158.10000610351562,156.99000549316406,158.07000732421875,94297
2026-01-06,149.39002990722656,157.1199951171875,157.82000732421875,157.0,157.60000610351562,83360
2026-01-07,149.20936584472656,156.92999267578125,157.25,156.77999877929688,157.1199951171875,118353
2026-01-08,149.2664337158203,156.99000549316406,157.19000244140625,156.52000427246094,157.16000366210938,78712
2026-01-09,148.80052185058594,156.5,156.97999572753906,156.32000732421875,156.97999572753906,101031
2026-01-12,148.6769256591797,156.3699951171875,156.97999572753906,156.0500030517578,156.5,161430
2026-01-13,148.94314575195312,156.64999389648438,156.75,156.25,156.3800048828125,67091
2026-01-14,149.03822326660156,156.75,157.0,156.39999389648438,156.7899932861328,68856
2026-01-15,148.8575897216797,156.55999755859375,157.00999450683594,156.42999267578125,156.77999877929688,85287
2026-01-16,149.0952911376953,156.80999755859375,156.94000244140625,156.61000061035156,156.75999450683594,66283
2026-01-19,149.00022888183594,156.7100067138672,157.25999450683594,156.6999969482422,156.80999755859375,81882
2026-01-20,149.2759552001953,157.0,157.14999389648438,156.5,156.8300018310547,97507
2026-01-21,149.19985961914062,156.9199981689453,157.0800018310547,156.85000610351562,157.0,88206
2026-01-22,149.24740600585938,156.97000122070312,157.1999969482422,156.97000122070312,157.1999969482422,79854
2026-01-23,149.65626525878906,157.39999389648438,157.39999389648438,157.0,157.1999969482422,89150
2026-01-26,149.6277313232422,157.3699951171875,157.39999389648438,156.97000122070312,157.38999938964844,98304
2026-01-27,149.6277313232422,157.3699951171875,158.0,157.3699951171875,157.39999389648438,91186
2026-01-28,149.60874938964844,157.35000610351562,158.0,157.22999572753906,157.6699981689453,93439
2026-01-29,149.4661102294922,157.1999969482422,157.88999938964844,157.0500030517578,157.6699981689453,96440
2026-01-30,149.75135803222656,157.5,158.22000122070312,157.00999450683594,157.10000610351562,109418
2026-02-02,150.2492218017578,156.9199981689453,157.60000610351562,156.72999572753906,157.5,83896
2026-02-03,150.43115234375,157.11000061035156,157.3000030517578,156.75,157.0,72702
2026-02-04,150.2779541015625,156.9499969482422,157.3000030517578,156.89999389648438,157.3000030517578,61818
2026-02-05,150.2396697998047,156.91000366210938,157.1699981689453,156.75,156.9499969482422,68080
2026-02-06,150.3258514404297,157.0,157.16000366210938,156.86000061035156,157.16000366210938,62986
2026-02-09,150.36412048339844,157.0399932861328,157.10000610351562,156.8000030517578,157.10000610351562,76963
2026-02-10,150.0002899169922,156.66000366210938,157.32000732421875,156.41000366210938,157.0399932861328,314167
2026-02-11,150.1151885986328,156.77999877929688,157.0,156.66000366210938,156.99000549316406,63232
2026-02-12,149.84707641601562,156.5,157.1999969482422,156.5,157.05999755859375,63692
2026-02-13,150.21095275878906,156.8800048828125,157.1999969482422,156.50999450683594,156.50999450683594,92256
2026-02-18,150.7949981689453,157.49000549316406,157.6999969482422,156.8800048828125,156.8800048828125,91243
2026-02-19,150.3258514404297,157.0,157.75,156.88999938964844,157.5,99700
2026-02-20,150.61309814453125,157.3000030517578,157.35000610351562,157.0,157.35000610351562,76001
2026-02-23,150.7567138671875,157.4499969482422,157.49000549316406,157.16000366210938,157.35000610351562,77462
2026-02-24,150.73756408691406,157.42999267578125,157.75,157.33999633789062,157.5,68303
2026-02-25,150.91946411132812,157.6199951171875,157.6199951171875,157.4600067138672,157.60000610351562,84797
2026-02-26,150.99607849121094,157.6999969482422,157.97000122070312,157.50999450683594,157.75,73774
2026-02-27,152.21209716796875,158.97000122070312,159.38999938964844,157.86000061035156,158.0,95421
2026-03-02,152.7616729736328,158.44000244140625,159.1300048828125,157.3000030517578,159.1300048828125,96600
2026-03-03,152.4820556640625,158.14999389648438,158.82000732421875,157.75999450683594,158.66000366210938,81286
2026-03-04,152.3085174560547,157.97000122070312,158.57000732421875,157.8699951171875,158.5500030517578,69682
2026-03-05,152.33743286132812,158.0,158.35000610351562,157.66000366210938,158.35000610351562,59118
2026-03-06,152.65560913085938,158.3300018310547,158.89999389648438,158.00999450683594,158.1999969482422,108628
2026-03-09,152.2506561279297,157.91000366210938,158.74000549316406,157.91000366210938,158.74000549316406,93039
2026-03-10,152.33743286132812,158.0,158.4499969482422,157.52000427246094,158.4499969482422,85041
2026-03-11,152.33743286132812,158.0,158.14999389648438,157.8000030517578,158.1199951171875,68898
2026-03-12,151.36363220214844,156.99000549316406,158.14999389648438,156.75,158.14999389648438,87578
2026-03-13,151.20936584472656,156.8300018310547,157.66000366210938,156.6300048828125,157.3300018310547,104174
2026-03-16,150.90084838867188,156.50999450683594,157.94000244140625,156.16000366210938,157.89999389648438,114743
2026-03-17,150.56338500976562,156.16000366210938,156.77000427246094,156.0,156.5800018310547,85751
2026-03-18,150.02345275878906,155.60000610351562,156.3800048828125,155.5,156.25999450683594,97098
2026-03-19,150.43801879882812,156.02999877929688,156.1199951171875,155.16000366210938,155.8000030517578,79634
2026-03-20,150.02345275878906,155.60000610351562,157.91000366210938,155.3000030517578,156.6999969482422,381008
2026-03-23,150.71763610839844,156.32000732421875,158.0,154.44000244140625,156.3300018310547,136075
2026-03-24,150.40911865234375,156.0,157.17999267578125,155.6199951171875,156.6699981689453,81834
2026-03-25,150.3512725830078,155.94000244140625,156.74000549316406,155.6300048828125,156.6699981689453,80871
2026-03-26,150.73692321777344,156.33999633789062,156.75999450683594,155.30999755859375,156.47999572753906,90527
2026-03-27,151.9132080078125,157.55999755859375,158.17999267578125,155.5800018310547,156.58999633789062,110153
2026-03-30,150.31268310546875,155.89999389648438,157.8000030517578,155.7899932861328,157.7899932861328,102111
2026-03-31,150.54409790039062,156.13999938964844,156.1999969482422,155.88999938964844,156.1699981689453,81501
2026-04-01,151.47625732421875,156.0,156.1300048828125,155.77999877929688,155.9499969482422,80275
2026-04-02,151.63162231445312,156.16000366210938,156.24000549316406,155.86000061035156,156.1199951171875,72844
2026-04-06,152.3501434326172,156.89999389648438,156.89999389648438,156.16000366210938,156.5,99981
2026-04-07,151.85494995117188,156.38999938964844,157.10000610351562,156.10000610351562,157.0,65248
2026-04-08,151.96176147460938,156.5,157.6300048828125,156.1999969482422,156.4499969482422,84589
2026-04-09,152.14625549316406,156.69000244140625,157.25,156.10000610351562,157.10000610351562,75184
2026-04-10,152.93276977539062,157.5,157.50999450683594,156.3000030517578,156.8699951171875,69456
2026-04-13,152.52493286132812,157.0800018310547,157.50999450683594,156.8000030517578,157.5,88566
2026-04-14,152.71913146972656,157.27999877929688,157.35000610351562,156.8000030517578,157.35000610351562,82355
2026-04-15,152.69972229003906,157.25999450683594,157.33999633789062,156.85000610351562,157.27999877929688,91889
2026-04-16,152.447265625,157.0,157.33999633789062,157.0,157.3000030517578,67400
2026-04-17,152.97158813476562,157.5399932861328,157.58999633789062,157.07000732421875,157.22999572753906,76135
2026-04-20,153.32115173339844,157.89999389648438,158.33999633789062,157.67999267578125,157.8800048828125,86944
2026-04-22,152.447265625,157.0,158.1199951171875,156.77000427246094,158.1199951171875,104354
2026-04-23,152.3404541015625,156.88999938964844,157.4600067138672,156.60000610351562,157.39999389648438,89766
2026-04-24,153.427978515625,158.00999450683594,158.1999969482422,157.0,157.11000061035156,80845
2026-04-27,152.42782592773438,156.97999572753906,158.1999969482422,156.64999389648438,158.1999969482422,93609
2026-04-28,152.43756103515625,156.99000549316406,157.33999633789062,155.91000366210938,157.22000122070312,114528
2026-04-29,151.5733642578125,156.10000610351562,156.88999938964844,155.69000244140625,156.80999755859375,90850
2026-04-30,151.86463928222656,156.39999389648438,156.6699981689453,155.75,156.22999572753906,113290
2026-05-04,152.53939819335938,155.99000549316406,156.60000610351562,155.5500030517578,156.60000610351562,99540
2026-05-05,151.9722137451172,155.41000366210938,156.60000610351562,155.39999389648438,156.0,94818
2026-05-06,152.76429748535156,156.22000122070312,157.5500030517578,155.10000610351562,155.5500030517578,121040
2026-05-07,152.5296173095703,155.97999572753906,156.25,155.72000122070312,156.22000122070312,89012
2026-05-08,152.5980682373047,156.0500030517578,156.1999969482422,155.6999969482422,156.19000244140625,84685
2026-05-11,152.06024169921875,155.5,156.1999969482422,155.0500030517578,156.14999389648438,138684
2026-05-12,151.6201934814453,155.0500030517578,155.8699951171875,155.0,155.5,82379
2026-05-13,151.42462158203125,154.85000610351562,155.5,154.82000732421875,155.5,66486
2026-05-14,151.76687622070312,155.1999969482422,155.5,154.86000061035156,155.1199951171875,61114
2026-05-15,152.06024169921875,155.5,155.69000244140625,155.02999877929688,155.1999969482422,98319
2026-05-18,151.8059844970703,155.24000549316406,155.83999633789062,154.69000244140625,155.83999633789062,89996
2026-05-19,150.64230346679688,154.0500030517578,155.13999938964844,153.77000427246094,155.13999938964844,75658
2026-05-20,151.37571716308594,154.8000030517578,155.10000610351562,154.07000732421875,154.07000732421875,77583
2026-05-21,151.32681274414062,154.75,155.0,154.3000030517578,154.99000549316406,82469
2026-05-22,151.86463928222656,155.3000030517578,155.39999389648438,154.75,155.0,90116
2026-05-25,151.76687622070312,155.1999969482422,155.47000122070312,155.0500030517578,155.3800048828125,76454
2026-05-26,151.27792358398438,154.6999969482422,155.6999969482422,154.6999969482422,155.38999938964844,120254
2026-05-27,151.53219604492188,154.9600067138672,155.25,154.60000610351562,155.25,71072
2026-05-28,151.60061645507812,155.02999877929688,155.13999938964844,154.2100067138672,155.0,100024
2026-05-29,152.26559448242188,155.7100067138672,155.8699951171875,154.72000122070312,155.22999572753906,113034
2026-06-01,152.3049774169922,154.64999389648438,154.85000610351562,153.44000244140625,154.85000610351562,119760
2026-06-02,151.7830047607422,154.1199951171875,155.0,153.72000122070312,154.75999450683594,101445
2026-06-03,151.6352996826172,153.97000122070312,154.8000030517578,153.58999633789062,154.19000244140625,76596
2026-06-05,152.60043334960938,154.9499969482422,154.99000549316406,154.0,154.5800018310547,70410
2026-06-08,150.876953125,153.1999969482422,155.10000610351562,152.72999572753906,154.9499969482422,169389
2026-06-09,149.52774047851562,151.8300018310547,153.88999938964844,150.0,153.5,120233
2026-06-10,148.31639099121094,150.60000610351562,151.99000549316406,150.02000427246094,151.99000549316406,102722
2026-06-11,148.23760986328125,150.52000427246094,151.60000610351562,150.14999389648438,150.99000549316406,118316
2026-06-12,149.10426330566406,151.39999389648438,151.5,150.10000610351562,150.99000549316406,87545
2026-06-15,149.63607788085938,151.94000244140625,152.0500030517578,150.50999450683594,151.58999633789062,101968
2026-06-16,149.63607788085938,151.94000244140625,152.60000610351562,151.1999969482422,152.0,85663
2026-06-17,149.21258544921875,151.50999450683594,152.49000549316406,151.0,152.49000549316406,115532
2026-06-18,148.0209503173828,150.3000030517578,151.6999969482422,150.0,151.6999969482422,104756
2026-06-19,148.2178955078125,150.5,150.94000244140625,149.8300018310547,150.4199981689453,78916
2026-06-22,148.1292724609375,150.41000366210938,150.91000366210938,150.2100067138672,150.55999755859375,86413
2026-06-23,147.823974609375,150.10000610351562,150.69000244140625,149.8300018310547,150.60000610351562,74171
2026-06-24,147.5285186767578,149.8000030517578,150.8800048828125,149.64999389648438,150.8000030517578,70245
2026-06-25,148.11941528320312,150.39999389648438,150.42999267578125,149.82000732421875,150.42999267578125,73418
2026-06-26,148.0209503173828,150.3000030517578,150.7899932861328,149.14999389648438,150.66000366210938,102815
2026-06-29,149.25198364257812,151.5500030517578,151.6999969482422,150.39999389648438,150.75,71558
2026-06-30,148.71031188964844,151.0,151.74000549316406,150.60000610351562,151.72999572753906,117171
2026-07-01,147.71824645996094,148.89999389648438,150.19000244140625,148.5,149.89999389648438,112275
2026-07-02,148.37301635742188,149.55999755859375,149.8699951171875,149.0,149.0,80345
2026-07-03,149.10714721679688,150.3000030517578,150.60000610351562,149.6199951171875,149.8000030517578,86102
2026-07-06,147.8174591064453,149.0,150.64999389648438,148.94000244140625,150.64999389648438,111028
2026-07-07,147.72817993164062,148.91000366210938,149.8000030517578,148.5,149.77000427246094,87467
2026-07-08,147.2222137451172,148.39999389648438,148.97999572753906,148.2100067138672,148.97999572753906,93182
2026-07-09,147.59921264648438,148.77999877929688,148.89999389648438,148.3000030517578,148.5,66604
2026-07-10,148.11508178710938,149.3000030517578,149.66000366210938,148.66000366210938,149.0,115115
2026-07-13,146.91468811035156,148.08999633789062,149.94000244140625,147.88999938964844,149.8800048828125,199714
2026-07-14,147.2222137451172,148.39999389648438,149.1999969482422,148.39999389648438,148.5800018310547,114899
2026-07-15,147.74801635742188,148.92999267578125,149.49000549316406,148.60000610351562,149.38999938964844,116186
2026-07-16,148.10516357421875,149.2899932861328,149.5,148.5500030517578,149.16000366210938,96088
2026-07-17,147.73809814453125,148.9199981689453,149.33999633789062,148.75999450683594,149.33999633789062,90064
2026-07-20,147.32142639160156,148.5,149.2899932861328,148.4499969482422,149.13999938964844,104317
2026-07-21,147.82737731933594,149.00999450683594,149.00999450683594,147.8300018310547,148.55999755859375,129164
2026-07-22,146.6269989013672,147.8000030517578,149.00999450683594,147.75999450683594,149.00999450683594,102859
2026-07-23,146.577392578125,147.75,147.9600067138672,147.0500030517578,147.9499969482422,102678
2026-07-24,146.58729553222656,147.75999450683594,147.75999450683594,146.74000549316406,147.6999969482422,112516
2026-07-27,145.83334350585938,147.0,147.75,146.91000366210938,147.75,114893
2026-07-28,145.83334350585938,147.0,147.22999572753906,146.8699951171875,147.0,108802
2026-07-29,145.734130859375,146.89999389648438,147.25999450683594,146.75,146.99000549316406,98713
2026-07-30,146.25,147.4199981689453,147.4199981689453,146.91000366210938,146.99000549316406,100539
2026-07-31,146.25,147.4199981689453,147.99000549316406,147.0399932861328,147.47999572753906,109198
2026-08-03,147.0,147.0,147.9600067138672,146.82000732421875,147.33999633789062,192179
2026-08-04,147.60000610351562,147.60000610351562,147.74000549316406,146.91000366210938,147.27000427246094,188992
2026-08-05,147.99000549316406,147.99000549316406,148.6699981689453,147.60000610351562,147.60000610351562,113078
2026-08-06,146.97999572753906,146.97999572753906,148.38999938964844,146.91000366210938,148.19000244140625,88321
