Date,Adj Close,Close,High,Low,Open,Volume
2020-03-24,59.4329719543457,87.47309875488281,92.35601043701172,84.87686157226562,85.12650299072266,21219
2020-03-25,64.83349609375,95.42156219482422,98.75672912597656,87.87252044677734,87.87252044677734,28316
2020-03-26,67.84585571289062,99.85513305664062,100.8337173461914,96.89942169189453,99.64543914794922,16549
2020-03-27,69.85409545898438,102.81084442138672,104.84789276123047,93.97366333007812,99.85513305664062,30670
2020-03-30,68.86354064941406,101.35295867919922,102.86077117919922,100.24456787109375,102.85078430175781,11547
2020-03-31,69.19599914550781,101.84225463867188,102.85078430175781,100.27452850341797,100.27452850341797,8210
2020-04-01,66.15647888183594,97.36874389648438,99.85513305664062,96.85948181152344,99.85513305664062,6481
2020-04-02,67.16061401367188,98.84659576416016,98.85658264160156,97.36874389648438,97.36874389648438,4925
2020-04-03,67.16737365722656,98.85658264160156,98.85658264160156,97.55846405029297,98.84659576416016,6584
2020-04-06,67.16737365722656,98.85658264160156,100.82373046875,98.38726043701172,98.38726043701172,6536
2020-04-07,68.8024673461914,101.26309204101562,103.83935546875,99.85513305664062,100.40433502197266,23856
2020-04-08,69.40628814697266,102.15180206298828,102.55122375488281,100.8836441040039,102.55122375488281,19995
2020-04-09,72.5950698852539,106.8449935913086,107.84354400634766,101.0833511352539,102.35150909423828,26459
2020-04-13,72.93428039550781,107.34426879882812,107.84354400634766,106.66525268554688,107.83355712890625,12575
2020-04-14,73.1174545288086,107.61387634277344,107.84354400634766,106.8449935913086,107.84354400634766,11123
2020-04-15,73.18531799316406,107.71372985839844,107.84354400634766,107.0447006225586,107.61387634277344,15746
2020-04-16,74.29119873046875,109.34136962890625,109.84064483642578,106.08609771728516,107.71372985839844,17491
2020-04-17,72.83930969238281,107.2044677734375,110.35989379882812,106.29579162597656,109.78073120117188,21371
2020-04-20,73.60597229003906,108.33283233642578,108.34281921386719,107.23442840576172,107.85353088378906,14928
2020-04-22,75.27497100830078,110.78926849365234,111.83775329589844,107.46409606933594,108.33283233642578,18678
2020-04-23,76.5301284790039,112.63658905029297,113.81488037109375,109.84064483642578,111.81777954101562,18216
2020-04-24,75.98057556152344,111.82776641845703,114.82341766357422,108.94194793701172,112.64657592773438,17074
2020-04-27,79.84778594970703,117.5195083618164,118.91748046875,109.84064483642578,113.31560516357422,10786
2020-04-28,80.73655700683594,118.82760620117188,120.525146484375,116.84049224853516,116.84049224853516,9466
2020-04-29,82.05277252197266,120.76480102539062,121.70343780517578,118.77767944335938,121.70343780517578,5986
2020-04-30,80.73655700683594,118.82760620117188,120.82471466064453,117.32978057861328,120.6649398803711,8394
2020-05-04,77.07968139648438,113.44541931152344,118.72775268554688,112.06741333007812,118.72775268554688,10994
2020-05-05,78.35518646240234,115.32269287109375,115.33267974853516,113.83485412597656,113.83485412597656,6844
2020-05-06,78.19233703613281,115.08303833007812,115.8419418334961,113.89476776123047,115.32269287109375,15447
2020-05-07,79.17609405517578,116.53093719482422,116.83050537109375,115.04309844970703,115.83195495605469,9591
2020-05-08,81.41500091552734,119.82615661621094,119.82615661621094,117.48954772949219,117.48954772949219,15477
2020-05-11,80.05809783935547,117.82905578613281,119.82615661621094,116.83050537109375,119.82615661621094,14743
2020-05-12,80.60086822509766,118.62789916992188,119.82615661621094,117.47956848144531,117.82905578613281,10504
2020-05-13,81.41500091552734,119.82615661621094,123.22123718261719,116.65076446533203,118.63788604736328,14407
2020-05-14,79.54926300048828,117.08014678955078,123.92021942138672,115.33267974853516,119.82615661621094,12567
2020-05-15,81.41500091552734,119.82615661621094,124.81891632080078,116.0416488647461,117.20995330810547,19774
2020-05-18,82.76515197753906,121.81327819824219,123.37101745605469,119.84613037109375,119.84613037109375,13756
2020-05-19,82.43273162841797,121.32398986816406,122.81182861328125,118.04873657226562,122.81182861328125,14137
2020-05-20,80.79763793945312,118.91748046875,121.833251953125,118.12862396240234,121.8232650756836,12066
2020-05-21,80.74334716796875,118.83759307861328,120.42529296875,118.51805877685547,119.82615661621094,14613
2020-05-22,80.5601806640625,118.56798553466797,120.12572479248047,117.3597412109375,119.54656219482422,19516
2020-05-25,80.72978973388672,118.81761932373047,120.00589752197266,118.57797241210938,118.57797241210938,13888
2020-05-26,82.43273162841797,121.32398986816406,121.44380950927734,118.73773956298828,119.34685516357422,14049
2020-05-27,81.4286117553711,119.84613037109375,122.32254028320312,119.82615661621094,121.67347717285156,6093
2020-05-28,81.47608947753906,119.91603088378906,122.232666015625,118.8675537109375,118.8675537109375,13382
2020-05-29,84.63770294189453,124.56928253173828,127.10559844970703,119.90604400634766,119.90604400634766,12617
2020-06-01,82.0866928100586,120.81472778320312,127.83454132080078,119.81617736816406,125.81746673583984,25482
2020-06-02,82.12743377685547,120.87464141845703,124.46942138671875,119.84613037109375,121.02442169189453,21511
2020-06-03,81.41500091552734,119.82615661621094,121.8232650756836,119.3268814086914,121.79330444335938,20471
2020-06-04,79.71888732910156,117.32978057861328,120.5151596069336,116.84049224853516,120.325439453125,38026
2020-06-05,82.06632995605469,120.7847671508789,120.7847671508789,117.83904266357422,118.81761932373047,15477
2020-06-08,84.76661682128906,124.75900268554688,124.80892944335938,119.82615661621094,120.4752197265625,19227
2020-06-09,83.06366729736328,122.25263977050781,124.81891632080078,121.37391662597656,124.80892944335938,25292
2020-06-10,82.98904418945312,122.1427993774414,123.24120330810547,120.724853515625,122.25263977050781,18604
2020-06-12,83.76927185058594,123.29113006591797,123.30111694335938,120.82471466064453,122.1427993774414,19424
2020-06-15,82.4666519165039,121.37391662597656,123.32109069824219,119.90604400634766,123.31110382080078,25497
2020-06-16,83.78961181640625,123.32109069824219,123.32109069824219,121.78331756591797,121.78331756591797,15085
2020-06-17,83.49109649658203,122.88172912597656,123.82036590576172,122.3425064086914,123.62065124511719,10704
2020-06-18,84.12886047363281,123.82036590576172,123.82036590576172,122.44236755371094,123.32109069824219,15511
2020-06-19,84.12886047363281,123.82036590576172,123.82036590576172,123.71052551269531,123.82036590576172,14889
2020-06-22,81.89672088623047,120.5351333618164,123.22123718261719,120.3653793334961,123.22123718261719,36536
2020-06-23,82.5683822631836,121.52369689941406,121.62355041503906,120.5750732421875,120.5850601196289,21322
2020-06-24,82.69730377197266,121.71342468261719,122.58216094970703,120.5850601196289,121.67347717285156,14376
2020-06-25,82.3309326171875,121.17420196533203,121.7234115600586,120.85466766357422,121.70343780517578,15897
2020-06-26,82.602294921875,121.57362365722656,124.81891632080078,118.83759307861328,121.17420196533203,28463
2020-06-29,83.21971893310547,122.48230743408203,122.82181549072266,121.03440856933594,121.17420196533203,10069
2020-06-30,83.62677764892578,123.08143615722656,124.26971435546875,122.52224731445312,123.56074523925781,9501
2020-07-01,85.27545928955078,125.50791931152344,126.8060302734375,122.41240692138672,122.41240692138672,15063
2020-07-02,85.28223419189453,125.51790618896484,125.51790618896484,124.11993408203125,125.50791931152344,21105
2020-07-03,84.8140869140625,124.82890319824219,125.51790618896484,123.61067199707031,125.51790618896484,16362
2020-07-06,84.19671630859375,123.92021942138672,125.31819152832031,123.82036590576172,124.8388900756836,20985
2020-07-07,84.603759765625,124.51935577392578,124.81891632080078,124.37955474853516,124.80892944335938,25941
2020-07-08,84.80731201171875,124.81891632080078,124.81891632080078,124.07000732421875,124.50936889648438,23399
2020-07-09,85.69609069824219,126.12702178955078,126.25682830810547,124.21978759765625,124.81891632080078,27083
2020-07-10,85.58757019042969,125.96725463867188,129.31239318847656,125.89735412597656,126.12702178955078,23603
2020-07-13,85.35688018798828,125.62774658203125,128.2838897705078,122.06291198730469,127.81456756591797,21780
2020-07-14,85.6214599609375,126.01718139648438,129.68186950683594,123.83035278320312,125.66768646240234,31605
2020-07-15,86.05567169189453,126.65625,128.1840362548828,125.83744049072266,125.83744049072266,14961
2020-07-16,87.52114868164062,128.81312561035156,128.81312561035156,126.8160171508789,127.06565856933594,18433
2020-07-17,87.38546752929688,128.61341857910156,128.81312561035156,128.44366455078125,128.81312561035156,13205
2020-07-20,87.39224243164062,128.62339782714844,129.2724609375,128.36376953125,128.81312561035156,11791
2020-07-21,86.1642074584961,126.8160171508789,130.30096435546875,126.04713439941406,129.04278564453125,21060
2020-07-22,88.87127685546875,130.8002471923828,131.2595672607422,126.7061767578125,126.8160171508789,21356
2020-07-23,91.86327362060547,135.203857421875,140.99545288085938,129.81167602539062,131.80877685546875,18855
2020-07-24,89.08838653564453,131.11978149414062,135.99270629882812,129.81167602539062,135.99270629882812,23703
2020-07-27,89.42082214355469,131.60906982421875,133.26666259765625,129.90155029296875,131.11978149414062,12187
2020-07-28,91.59187316894531,134.80442810058594,134.80442810058594,132.05841064453125,132.42787170410156,13796
2020-07-29,89.08838653564453,131.11978149414062,136.6916961669922,130.32093811035156,134.80442810058594,19725
2020-07-30,90.9134292602539,133.80587768554688,133.80587768554688,131.1597137451172,132.6076202392578,9798
2020-07-31,90.9134292602539,133.80587768554688,135.00413513183594,131.80877685546875,133.59617614746094,16584
2020-08-03,87.52793884277344,128.82310485839844,134.4449462890625,128.82310485839844,133.8158721923828,15588
2020-08-04,86.41525268554688,127.18548583984375,130.7802734375,126.41659545898438,129.81167602539062,16645
2020-08-05,87.0123062133789,128.064208984375,130.5106658935547,127.22542572021484,127.81456756591797,13813
2020-08-06,90.77772521972656,133.60617065429688,133.80587768554688,128.12411499023438,129.7917022705078,19718
2020-08-07,90.9134292602539,133.80587768554688,134.30516052246094,132.22816467285156,134.20530700683594,11088
2020-08-10,90.04500579833984,132.52774047851562,133.80587768554688,129.81167602539062,133.80587768554688,13913
2020-08-11,85.54684448242188,125.90734100341797,132.5077667236328,124.848876953125,132.5077667236328,47234
2020-08-12,81.75423431396484,120.325439453125,126.31674194335938,119.83614349365234,125.91732025146484,52675
2020-08-13,84.16275787353516,123.87029266357422,124.42948150634766,120.325439453125,121.22412872314453,37291
2020-08-14,84.46810150146484,124.31964111328125,124.81891632080078,121.93310546875,123.82036590576172,20241
2020-08-17,84.33918762207031,124.12991333007812,125.47795867919922,123.31110382080078,125.47795867919922,24180
2020-08-18,82.63624572753906,121.62355041503906,124.31964111328125,121.34395599365234,124.12991333007812,39447
2020-08-19,83.63357543945312,123.09142303466797,123.32109069824219,121.32398986816406,121.62355041503906,35697
2020-08-20,84.12886047363281,123.82036590576172,123.82036590576172,123.07144927978516,123.09142303466797,9008
2020-08-21,84.53594207763672,124.41949462890625,125.0985107421875,123.73049926757812,123.82036590576172,18261
2020-08-24,85.23473358154297,125.44800567626953,125.75755310058594,124.67912292480469,124.67912292480469,9389
2020-08-25,85.62823486328125,126.02716064453125,129.81167602539062,125.54785919189453,125.72760009765625,18510
2020-08-26,86.1642074584961,126.8160171508789,127.78461456298828,126.02716064453125,126.02716064453125,11050
2020-08-27,85.01763153076172,125.12847137451172,125.12847137451172,122.42239379882812,123.26117706298828,9138
2020-08-28,83.78961181640625,123.32109069824219,125.12847137451172,122.88172912597656,124.81891632080078,26442
2020-08-31,83.4571762084961,122.83180236816406,124.42948150634766,122.82181549072266,123.32109069824219,11689
2020-09-01,83.30793762207031,122.61212158203125,123.5507583618164,120.55509948730469,122.36248016357422,36632
2020-09-02,82.5683822631836,121.52369689941406,122.21269989013672,120.71487426757812,121.63353729248047,38575
2020-09-03,81.41500091552734,119.82615661621094,121.51371002197266,119.62644958496094,121.32398986816406,49176
2020-09-04,81.87638854980469,120.50517272949219,120.625,119.62644958496094,119.82615661621094,26321
2020-09-08,81.75423431396484,120.325439453125,121.22412872314453,120.02587127685547,120.50517272949219,28931
2020-09-09,82.70410919189453,121.7234115600586,121.8232650756836,120.27550506591797,120.325439453125,32288
2020-09-10,82.10026550292969,120.8346939086914,121.8232650756836,120.42529296875,121.8232650756836,32573
2020-09-11,81.89672088623047,120.5351333618164,121.31400299072266,120.22557830810547,120.89460754394531,42669
2020-09-14,81.85603332519531,120.4752197265625,121.30401611328125,119.82615661621094,120.54512023925781,53889
2020-09-15,84.28490447998047,124.05003356933594,124.61920928955078,120.19562530517578,120.19562530517578,37295
2020-09-16,83.44359588623047,122.81182861328125,124.21978759765625,122.0728988647461,124.07000732421875,37381
2020-09-17,82.77872467041016,121.833251953125,123.4509048461914,121.53368377685547,123.32109069824219,42462
2020-09-18,83.24686431884766,122.52224731445312,122.82181549072266,121.9231185913086,121.93310546875,27289
2020-09-21,82.90763854980469,122.0229721069336,123.12138366699219,121.34395599365234,123.12138366699219,23360
2020-09-22,83.76927185058594,123.29113006591797,123.81037902832031,122.62210083007812,122.67203521728516,23840
2020-09-23,83.72178649902344,123.22123718261719,123.78042602539062,122.54222106933594,123.31110382080078,28518
2020-09-24,83.55215454101562,122.97159576416016,123.67058563232422,122.65206146240234,123.22123718261719,29230
2020-09-25,83.64714813232422,123.11139678955078,123.56074523925781,122.79185485839844,123.02152252197266,23549
2020-09-28,83.45036315917969,122.82181549072266,123.31110382080078,122.68201446533203,123.11139678955078,11353
2020-09-29,83.45036315917969,122.82181549072266,123.32109069824219,122.26262664794922,122.98158264160156,20254
2020-09-30,83.6064453125,123.05148315429688,123.32109069824219,121.44380950927734,123.30111694335938,44355
2020-10-01,83.0433120727539,122.22268676757812,122.82181549072266,121.40386962890625,122.82181549072266,15196
2020-10-02,85.1397705078125,125.3082046508789,128.98287963867188,122.10285949707031,122.60213470458984,28145
2020-10-05,84.1220474243164,123.81037902832031,125.1084976196289,122.3425064086914,124.9087905883789,26830
2020-10-06,84.04745483398438,123.7005386352539,126.8160171508789,123.3310775756836,124.91876983642578,24257
2020-10-07,84.33238220214844,124.11993408203125,124.28968811035156,123.5807113647461,123.81037902832031,22308
2020-10-08,84.7326889038086,124.70907592773438,125.31819152832031,122.85176849365234,124.11993408203125,26652
2020-10-09,84.4952163696289,124.35958099365234,125.76753997802734,124.15987396240234,125.3082046508789,17892
2020-10-13,82.92796325683594,122.05293273925781,124.30965423583984,121.37391662597656,124.30965423583984,39847
2020-10-14,82.36487579345703,121.22412872314453,122.31255340576172,120.625,121.7234115600586,87454
2020-10-15,82.2630844116211,121.07434844970703,121.41385650634766,120.82471466064453,121.08433532714844,45305
2020-10-16,82.12743377685547,120.87464141845703,121.32398986816406,120.82471466064453,120.97449493408203,29560
2020-10-19,82.95510864257812,122.0928726196289,122.32254028320312,121.02442169189453,121.28404235839844,33247
2020-10-20,83.11116790771484,122.32254028320312,124.31964111328125,121.68346405029297,121.8232650756836,53297
2020-10-21,84.28490447998047,124.05003356933594,124.30965423583984,121.833251953125,122.37246704101562,36600
2020-10-22,84.11529541015625,123.8003921508789,123.81037902832031,122.83180236816406,123.72051239013672,29703
2020-10-23,83.33506774902344,122.65206146240234,123.8003921508789,122.2426528930664,123.8003921508789,28779
2020-10-26,82.73798370361328,121.7733383178711,123.02152252197266,121.7733383178711,122.62210083007812,41567
2020-10-27,82.2495346069336,121.05437469482422,122.32254028320312,120.95452117919922,121.7733383178711,26345
2020-10-28,81.55072021484375,120.02587127685547,121.41385650634766,118.82760620117188,121.25408935546875,43640
2020-10-29,81.57106018066406,120.05582427978516,120.325439453125,118.84757995605469,118.84757995605469,42844
2020-10-30,80.97402954101562,119.1771011352539,120.14569854736328,118.89750671386719,119.14714813232422,49887
2020-11-03,79.92240905761719,117.62934875488281,118.62789916992188,117.48954772949219,117.98882293701172,31786
2020-11-04,80.12593078613281,117.92890930175781,118.81761932373047,117.62934875488281,117.77912902832031,18428
2020-11-05,81.32682800292969,119.69635009765625,119.81617736816406,117.72920227050781,117.72920227050781,18085
2020-11-06,81.39466857910156,119.79620361328125,119.82615661621094,119.1571273803711,119.69635009765625,35134
2020-11-09,82.01885986328125,120.71487426757812,121.02442169189453,119.42674255371094,119.58650970458984,51233
2020-11-10,82.21561431884766,121.00444793701172,121.12427520751953,120.3753662109375,120.3753662109375,31092
2020-11-11,82.07312774658203,120.79475402832031,120.97449493408203,120.325439453125,120.325439453125,24372
2020-11-12,81.75423431396484,120.325439453125,120.76480102539062,120.325439453125,120.325439453125,38439
2020-11-13,81.381103515625,119.77622985839844,120.4153060913086,118.82760620117188,120.33541870117188,22405
2020-11-16,80.8450927734375,118.98737335205078,119.77622985839844,118.22847747802734,119.53658294677734,24157
2020-11-17,80.09202575683594,117.87898254394531,119.1271743774414,117.86900329589844,119.1271743774414,26069
2020-11-18,80.22771453857422,118.07869720458984,118.32833099365234,117.82905578613281,117.93889617919922,19425
2020-11-19,80.39730834960938,118.32833099365234,118.32833099365234,118.07869720458984,118.08868408203125,21362
2020-11-23,80.07167053222656,117.84902954101562,118.32833099365234,117.83904266357422,118.12862396240234,19239
2020-11-24,79.62388610839844,117.18998718261719,118.32833099365234,116.83050537109375,117.96885681152344,35267
2020-11-25,78.70120239257812,115.83195495605469,117.47956848144531,115.83195495605469,117.47956848144531,27644
2020-11-26,78.02274322509766,114.83340454101562,116.58087158203125,114.03456115722656,115.8519287109375,20822
2020-11-27,79.1082763671875,116.43108367919922,116.81053161621094,113.33557891845703,114.3341293334961,44032
2020-11-30,79.24394989013672,116.63079833984375,116.83050537109375,114.88333129882812,116.43108367919922,14754
2020-12-01,79.37964630126953,116.83050537109375,118.23846435546875,116.27131652832031,116.63079833984375,10692
2020-12-02,78.51118469238281,115.55236053466797,116.76060485839844,115.03311157226562,116.56089782714844,17441
2020-12-03,79.37287139892578,116.82051849365234,116.82051849365234,115.03311157226562,115.56234741210938,15927
2020-12-04,78.31444549560547,115.26277923583984,116.63079833984375,115.05308532714844,116.35120391845703,17728
2020-12-07,76.34695434570312,112.36698150634766,115.67218780517578,111.55815124511719,115.39259338378906,45733
2020-12-08,76.93718719482422,113.2357177734375,113.82486724853516,111.83775329589844,112.7264633178711,23990
2020-12-09,76.90327453613281,113.185791015625,113.62515258789062,112.35699462890625,113.16582489013672,18679
2020-12-10,74.56935119628906,109.75077819824219,113.1957778930664,108.39274597167969,113.1358642578125,51273
2020-12-11,76.64544677734375,112.80634307861328,113.73500061035156,109.84064483642578,109.84064483642578,30284
2020-12-14,76.93718719482422,113.2357177734375,113.61517333984375,112.33702850341797,112.80634307861328,23509
2020-12-15,77.66313171386719,114.30416870117188,114.30416870117188,112.85626983642578,113.2357177734375,18103
2020-12-16,77.95489501953125,114.73355102539062,115.33267974853516,114.3341293334961,114.6536636352539,15475
2020-12-17,77.68351745605469,114.3341293334961,116.0915756225586,112.8263168334961,114.73355102539062,19654
2020-12-18,78.48407745361328,115.51242065429688,115.82196807861328,113.99462127685547,114.32414245605469,15465
2020-12-21,78.65367126464844,115.76205444335938,115.81198120117188,114.87334442138672,115.64222717285156,12351
2020-12-22,78.64691162109375,115.75206756591797,116.08159637451172,114.94324493408203,115.76205444335938,15700
2020-12-23,81.00794982910156,119.2270278930664,119.68636322021484,115.75206756591797,115.75206756591797,27679
2020-12-28,80.91295623779297,119.08723449707031,119.2270278930664,118.03874969482422,119.2270278930664,25376
2020-12-29,80.77046966552734,118.8775405883789,119.68636322021484,118.04873657226562,118.21849060058594,18314
2020-12-30,81.32682800292969,119.69635009765625,119.69635009765625,118.30836486816406,118.8775405883789,21854
2021-01-04,81.00794982910156,119.2270278930664,119.69635009765625,117.83904266357422,119.69635009765625,19032
2021-01-05,81.00116729736328,119.217041015625,119.56653594970703,118.77767944335938,119.2270278930664,22750
2021-01-06,80.77725219726562,118.88751983642578,119.65641021728516,118.45814514160156,119.217041015625,29879
2021-01-07,79.67138671875,117.25988006591797,119.29692840576172,116.59085083007812,118.32833099365234,34798
2021-01-08,81.00794982910156,119.2270278930664,119.2270278930664,117.25988006591797,117.5195083618164,28723
2021-01-11,80.98078155517578,119.18708801269531,119.52659606933594,117.98882293701172,119.1271743774414,34102
2021-01-12,79.71888732910156,117.32978057861328,119.1771011352539,117.32978057861328,119.1771011352539,30018
2021-01-13,78.70120239257812,115.83195495605469,117.6692886352539,115.18289947509766,117.38969421386719,21990
2021-01-14,80.0445327758789,117.80908966064453,118.05872344970703,115.83195495605469,115.87189483642578,14435
2021-01-15,80.05132293701172,117.8190689086914,118.06871032714844,116.23137664794922,117.82905578613281,28506
2021-01-18,80.05809783935547,117.82905578613281,118.22847747802734,116.83050537109375,117.80908966064453,21234
2021-01-19,79.0404281616211,116.33123016357422,117.77912902832031,114.93325805664062,117.77912902832031,23764
2021-01-20,79.78672790527344,117.42963409423828,117.82905578613281,115.9417953491211,116.33123016357422,17779
2021-01-21,78.84365844726562,116.0416488647461,117.82905578613281,115.44252014160156,117.4196548461914,24668
2021-01-22,79.00650024414062,116.28130340576172,116.73065185546875,115.43253326416016,115.93180847167969,19593
2021-01-26,78.6875991821289,115.81198120117188,116.59085083007812,115.11299896240234,116.28130340576172,15454
2021-01-27,78.74190521240234,115.8918685913086,116.13152313232422,115.09302520751953,115.83195495605469,11735
2021-01-28,78.93863677978516,116.18144989013672,116.72066497802734,115.7420883178711,116.13152313232422,12261
2021-01-29,79.73243713378906,117.3497543334961,118.09866333007812,116.18144989013672,116.33123016357422,24683
2021-02-01,78.42302703857422,115.42254638671875,117.33976745605469,114.61372375488281,117.33976745605469,22860
2021-02-02,78.70120239257812,115.83195495605469,117.15003967285156,115.43253326416016,115.45250701904297,32386
2021-02-03,78.9861068725586,116.25135040283203,116.61082458496094,115.47247314453125,115.81198120117188,29039
2021-02-04,79.41358184814453,116.88043212890625,117.83904266357422,115.73210144042969,116.24136352539062,16190
2021-02-05,79.8681640625,117.5494613647461,117.62934875488281,116.88043212890625,116.88043212890625,12506
2021-02-08,80.05809783935547,117.82905578613281,118.81761932373047,117.18998718261719,117.32978057861328,27079
2021-02-09,80.29553985595703,118.17855072021484,118.17855072021484,117.62934875488281,117.82905578613281,23283
2021-02-10,79.79351806640625,117.43962097167969,118.17855072021484,116.83050537109375,118.17855072021484,28195
2021-02-11,80.26164245605469,118.12862396240234,118.12862396240234,116.83050537109375,117.43962097167969,22900
2021-02-12,80.19379425048828,118.02877044677734,118.11863708496094,117.4595947265625,118.11863708496094,16403
2021-02-17,80.26164245605469,118.12862396240234,118.12862396240234,117.47956848144531,118.11863708496094,19221
2021-02-18,80.11918640136719,117.91893005371094,118.07869720458984,117.52949523925781,117.82905578613281,27306
2021-02-19,80.39730834960938,118.32833099365234,118.32833099365234,117.6493148803711,117.91893005371094,35641
2021-02-22,80.58728790283203,118.60792541503906,118.82760620117188,115.70214080810547,118.32833099365234,36515
2021-02-23,80.17345428466797,117.99880981445312,118.57797241210938,116.58087158203125,118.17855072021484,19356
2021-02-24,79.90206909179688,117.5993881225586,117.82905578613281,117.22992706298828,117.82905578613281,17682
2021-02-25,79.8274154663086,117.48954772949219,117.82905578613281,117.04019927978516,117.5993881225586,14686
2021-02-26,80.05809783935547,117.82905578613281,117.82905578613281,117.31979370117188,117.62934875488281,19329
2021-03-01,79.00650024414062,116.28130340576172,117.90894317626953,116.13152313232422,117.23991394042969,24550
2021-03-02,78.65367126464844,115.76205444335938,116.28130340576172,112.9361572265625,116.28130340576172,19804
2021-03-03,77.68351745605469,114.3341293334961,116.83050537109375,113.85482025146484,115.76205444335938,22208
2021-03-04,76.93718719482422,113.2357177734375,114.82341766357422,113.17581176757812,114.3341293334961,24183
2021-03-05,77.5614013671875,114.15438842773438,114.66365051269531,112.95612335205078,113.25569152832031,18635
2021-03-08,80.05809783935547,117.82905578613281,117.82905578613281,115.83195495605469,115.83195495605469,44843
2021-03-09,79.65100860595703,117.22992706298828,117.82905578613281,117.00025939941406,117.82905578613281,22967
2021-03-10,79.51532745361328,117.03022003173828,117.82905578613281,116.99027252197266,116.99027252197266,21951
2021-03-11,79.51532745361328,117.03022003173828,117.82905578613281,116.45105743408203,117.05018615722656,32789
2021-03-12,79.47463989257812,116.97030639648438,117.03022003173828,114.89331817626953,117.01024627685547,33842
2021-03-15,78.70796966552734,115.8419418334961,116.94034576416016,115.16292572021484,116.54092407226562,17707
2021-03-16,77.68351745605469,114.3341293334961,116.78057861328125,113.84484100341797,115.97174835205078,22006
2021-03-17,76.3265609741211,112.33702850341797,114.81343078613281,111.6879653930664,114.79346466064453,35205
2021-03-18,76.1908950805664,112.13731384277344,112.38695526123047,109.94049835205078,112.33702850341797,43075
2021-03-19,77.34429168701172,113.83485412597656,113.83485412597656,112.13731384277344,112.38695526123047,25601
2021-03-22,77.06610107421875,113.42544555664062,113.83485412597656,112.95612335205078,113.83485412597656,18012
2021-03-23,77.34429168701172,113.83485412597656,113.83485412597656,112.95612335205078,113.42544555664062,18190
2021-03-24,77.03897094726562,113.38550567626953,113.81488037109375,112.95612335205078,113.81488037109375,26849
2021-03-25,75.65491485595703,111.34845733642578,113.38550567626953,110.70938873291016,113.38550567626953,41129
2021-03-26,74.75255584716797,110.0203857421875,111.92761993408203,108.86206817626953,111.92761993408203,28409
2021-03-29,74.48796844482422,109.63095092773438,111.05888366699219,109.00186157226562,110.29998016357422,25188
2021-03-30,75.81774139404297,111.5881118774414,111.5881118774414,109.63095092773438,109.63095092773438,27336
2021-03-31,77.34429168701172,113.83485412597656,113.83485412597656,110.0203857421875,111.34845733642578,31933
2021-04-01,75.45136260986328,111.04889678955078,112.7763900756836,108.84209442138672,112.7763900756836,34104
2021-04-05,74.49474334716797,109.64093780517578,112.03746032714844,109.40128326416016,111.14875030517578,39211
2021-04-06,74.82720947265625,110.1302261352539,110.82921600341797,109.32140350341797,109.75077819824219,32648
2021-04-07,75.2410659790039,110.73934173583984,110.73934173583984,109.85063171386719,110.68941497802734,29583
2021-04-08,75.14605712890625,110.59954833984375,111.6180648803711,109.85063171386719,111.14875030517578,27725
2021-04-09,74.39976501464844,109.50113677978516,110.83919525146484,109.06177520751953,110.83919525146484,50643
2021-04-12,74.60330200195312,109.80070495605469,110.2200927734375,108.87205505371094,110.0303726196289,35447
2021-04-13,74.52188873291016,109.68087768554688,110.50967407226562,109.64093780517578,109.84064483642578,22501
2021-04-14,74.25049591064453,109.28145599365234,110.32994079589844,109.12168884277344,109.84064483642578,28405
2021-04-15,74.03341674804688,108.96192169189453,109.04180908203125,108.23297882080078,109.04180908203125,31819
2021-04-16,74.08765411376953,109.04180908203125,109.04180908203125,108.34281921386719,108.49259948730469,24432
2021-04-19,72.69681549072266,106.9947738647461,109.04180908203125,105.08753967285156,109.04180908203125,33037
2021-04-20,72.67647552490234,106.9648208618164,108.27291870117188,106.83500671386719,107.82357025146484,27114
2021-04-22,72.4593734741211,106.6452865600586,107.79361724853516,106.58537292480469,107.1146011352539,29660
2021-04-23,73.19889068603516,107.73370361328125,108.6224136352539,106.65526580810547,106.65526580810547,35607
2021-04-26,73.95198059082031,108.84209442138672,108.84209442138672,107.34426879882812,107.72371673583984,15386
2021-04-27,74.19622039794922,109.20157623291016,109.83065795898438,108.462646484375,108.84209442138672,21175
2021-04-28,74.38619232177734,109.48117065429688,110.54962158203125,108.84209442138672,109.20157623291016,22034
2021-04-29,75.15283966064453,110.60952758789062,110.60952758789062,109.48117065429688,109.48117065429688,17248
2021-04-30,75.8788070678711,111.677978515625,111.79780578613281,110.33992004394531,110.60952758789062,21069
2021-05-03,75.58708190917969,111.24860382080078,111.98753356933594,111.04889678955078,111.4882583618164,16640
2021-05-04,74.49474334716797,109.64093780517578,111.59809875488281,108.84209442138672,111.24860382080078,34068
2021-05-05,74.84752655029297,110.16018676757812,111.14875030517578,109.84064483642578,109.84064483642578,16713
2021-05-06,75.70918273925781,111.4283447265625,111.83775329589844,110.33992004394531,110.61951446533203,21391
2021-05-07,75.11215209960938,110.54962158203125,111.33847045898438,110.35989379882812,111.33847045898438,19876
2021-05-10,73.9451904296875,108.83210754394531,111.83775329589844,108.3528060913086,110.84918212890625,31096
2021-05-11,73.9451904296875,108.83210754394531,109.56105041503906,107.2643814086914,108.74224090576172,19842
2021-05-12,72.9749984741211,107.40418243408203,108.83210754394531,106.8449935913086,108.05323791503906,16142
2021-05-13,73.2735366821289,107.84354400634766,108.06322479248047,106.9049072265625,107.49404907226562,17752
2021-05-14,73.9791030883789,108.88203430175781,109.29144287109375,107.44412231445312,107.44412231445312,15070
2021-05-17,72.79861450195312,107.14456176757812,109.89057159423828,106.72516632080078,108.85208129882812,25849
2021-05-18,73.95198059082031,108.84209442138672,109.73080444335938,107.57393646240234,107.57393646240234,20300
2021-05-19,72.96818542480469,107.39419555664062,109.42125701904297,107.154541015625,108.84209442138672,15445
2021-05-20,73.23280334472656,107.78363037109375,109.05178833007812,107.1645278930664,107.84354400634766,11953
2021-05-21,72.92072296142578,107.32429504394531,108.85208129882812,106.8649673461914,107.70375061035156,30467
2021-05-24,72.9003677368164,107.29434204101562,107.90345764160156,106.59535217285156,107.49404907226562,17642
2021-05-25,72.5950698852539,106.8449935913086,107.61387634277344,106.47553253173828,107.22444152832031,22912
2021-05-26,70.83786010742188,104.25874328613281,106.83500671386719,104.0490493774414,106.83500671386719,46968
2021-05-27,70.76322937011719,104.1489028930664,105.00765991210938,103.86930847167969,104.68812561035156,21766
2021-05-28,71.16352081298828,104.73805236816406,105.34716796875,104.68812561035156,104.68812561035156,28324
2021-05-31,71.54345703125,105.2972412109375,105.47697448730469,104.34861755371094,104.94774627685547,26338
2021-06-01,70.70895385742188,104.06902313232422,105.2872543334961,103.9791488647461,104.47842407226562,29592
2021-06-02,71.43490600585938,105.13746643066406,106.31575775146484,104.1489028930664,105.34716796875,24747
2021-06-04,71.84877014160156,105.74658966064453,105.78652954101562,105.07756042480469,105.14745330810547,15412
2021-06-07,71.88946533203125,105.8064956665039,106.8050537109375,105.56684875488281,105.84644317626953,26524
2021-06-08,74.83397674560547,110.14021301269531,110.82921600341797,105.88638305664062,107.49404907226562,49335
2021-06-09,75.98057556152344,111.82776641845703,113.33557891845703,109.69086456298828,110.58956146240234,38968
2021-06-10,77.8802261352539,114.62371063232422,115.77204132080078,112.38695526123047,112.8363037109375,36228
2021-06-11,77.59530639648438,114.20431518554688,115.20286560058594,113.33557891845703,114.6436767578125,38595
2021-06-14,77.54779815673828,114.13441467285156,114.99317169189453,113.63513946533203,114.6336898803711,58718
2021-06-15,76.03483581542969,111.90764617919922,114.39404296875,111.33847045898438,114.20431518554688,26340
2021-06-16,76.22479248046875,112.18724060058594,112.81632995605469,112.01748657226562,112.37696838378906,15713
2021-06-17,75.8516616821289,111.6380386352539,112.65656280517578,111.05888366699219,112.35699462890625,10135
2021-06-18,75.53278350830078,111.16871643066406,111.69795227050781,109.84064483642578,109.84064483642578,16925
2021-06-21,75.32926177978516,110.86915588378906,111.5281982421875,110.61951446533203,111.16871643066406,22878
2021-06-22,73.9451904296875,108.83210754394531,111.13876342773438,108.16307830810547,110.68941497802734,21523
2021-06-23,72.42545318603516,106.59535217285156,109.23152923583984,105.93630981445312,108.84209442138672,18634
2021-06-24,73.95198059082031,108.84209442138672,109.79071807861328,106.28580474853516,106.28580474853516,31052
2021-06-25,71.84877014160156,105.74658966064453,109.84064483642578,104.0490493774414,108.84209442138672,36318
2021-06-28,70.93283081054688,104.39854431152344,105.6966552734375,101.86222076416016,105.6966552734375,35519
2021-06-29,71.57736206054688,105.34716796875,106.81503295898438,104.34861755371094,104.84789276123047,25475
2021-06-30,71.85553741455078,105.7565689086914,106.78507995605469,105.19738006591797,105.84644317626953,20315
2021-07-01,70.50541687011719,103.76945495605469,106.23587799072266,103.38002014160156,105.74658966064453,16487
2021-07-02,70.28829193115234,103.44992065429688,104.54832458496094,103.06048583984375,104.1988296508789,25027
2021-07-05,69.89480590820312,102.87075805664062,103.8493423461914,102.86077117919922,103.71952819824219,21768
2021-07-06,69.82695770263672,102.77090454101562,103.7794418334961,102.01200103759766,103.05049896240234,27529
2021-07-07,69.22992706298828,101.89218139648438,103.22025299072266,101.35295867919922,102.85078430175781,28756
2021-07-08,70.478271484375,103.7295150756836,103.90924835205078,100.85368347167969,102.1717758178711,28068
2021-07-12,71.91659545898438,105.84644317626953,106.12603759765625,103.61967468261719,103.7295150756836,29956
2021-07-13,71.98444366455078,105.94629669189453,107.84354400634766,105.447021484375,105.88638305664062,35613
2021-07-14,71.38063049316406,105.05758666992188,107.0447006225586,104.83790588378906,106.33573150634766,22068
2021-07-15,72.2558364868164,106.34571838378906,106.6952133178711,105.06757354736328,105.06757354736328,17891
2021-07-16,72.35761260986328,106.49549865722656,106.67523956298828,105.84644317626953,106.48551177978516,14669
2021-07-19,72.2558364868164,106.34571838378906,107.45410919189453,105.84644317626953,106.67523956298828,31025
2021-07-20,71.2381362915039,104.84789276123047,106.7451400756836,104.64817810058594,106.35570526123047,30994
2021-07-21,71.38063049316406,105.05758666992188,105.82646942138672,104.89781951904297,104.92777252197266,12303
2021-07-22,71.34669494628906,105.00765991210938,106.8449935913086,104.85787963867188,105.05758666992188,19241
2021-07-23,71.50272369384766,105.2373275756836,106.18595123291016,105.00765991210938,105.00765991210938,16358
2021-07-26,71.45523834228516,105.16742706298828,107.32429504394531,104.85787963867188,106.8449935913086,17095
2021-07-27,70.72929382324219,104.0989761352539,106.03616333007812,103.85932159423828,105.36713409423828,24095
2021-07-28,70.8785629272461,104.31865692138672,105.72661590576172,104.0989761352539,105.09752655029297,23408
2021-07-29,71.22457885742188,104.82791900634766,105.19738006591797,104.32864379882812,104.78797912597656,11514
2021-07-30,71.2381362915039,104.84789276123047,106.27581787109375,103.85932159423828,104.84789276123047,19267
2021-08-02,70.59361267089844,103.8992691040039,105.2972412109375,103.35005950927734,104.0790023803711,13460
2021-08-03,69.68448638916016,102.56121063232422,104.65816497802734,102.4713363647461,104.31865692138672,18925
2021-08-04,68.8024673461914,101.26309204101562,103.74948120117188,101.00347137451172,103.36004638671875,22609
2021-08-05,69.34525299072266,102.06193542480469,102.77090454101562,101.15325164794922,101.66251373291016,18465
2021-08-06,69.26385498046875,101.94210815429688,102.62112426757812,101.66251373291016,102.07191467285156,14363
2021-08-09,70.22724914550781,103.36004638671875,103.59970092773438,102.3914566040039,102.60115051269531,26605
2021-08-10,69.87443542480469,102.84080505371094,103.33009338378906,102.61113739013672,103.33009338378906,17538
2021-08-11,69.26385498046875,101.94210815429688,103.30013275146484,101.94210815429688,102.86077117919922,20920
2021-08-12,68.8296127319336,101.30303192138672,102.99058532714844,101.16323852539062,102.05194854736328,16388
2021-08-13,68.79568481445312,101.25310516357422,102.81084442138672,99.88509368896484,101.85223388671875,28918
2021-08-16,68.32758331298828,100.56410217285156,101.90216064453125,99.08625030517578,101.26309204101562,36012
2021-08-17,68.25971984863281,100.46424865722656,102.04196166992188,100.16468048095703,101.14326477050781,20496
2021-08-18,68.50395965576172,100.82373046875,101.78234100341797,100.46424865722656,100.48422241210938,17231
2021-08-19,68.38863372802734,100.65397644042969,101.81229400634766,100.21461486816406,100.82373046875,14463
2021-08-20,68.63963317871094,101.0234375,101.78234100341797,100.65397644042969,101.78234100341797,10345
2021-08-23,68.35468292236328,100.60404968261719,101.59261322021484,100.36439514160156,101.28306579589844,24330
2021-08-24,68.04940795898438,100.15470123291016,101.1732177734375,99.86511993408203,100.84369659423828,34385
2021-08-25,68.06294250488281,100.17466735839844,100.45426177978516,99.88509368896484,100.33443450927734,26257
2021-08-26,67.73050689697266,99.68537902832031,100.33443450927734,99.68537902832031,100.17466735839844,23488
2021-08-27,68.09687042236328,100.22460174560547,100.36439514160156,99.80520629882812,99.85513305664062,21302
2021-08-30,67.96796417236328,100.03487396240234,101.05339813232422,99.86511993408203,100.23458099365234,35532
2021-08-31,68.95172882080078,101.48277282714844,101.70245361328125,100.19464111328125,100.19464111328125,21088
2021-09-01,69.33847045898438,102.05194854736328,102.05194854736328,100.65397644042969,100.85368347167969,39355
2021-09-02,69.33847045898438,102.05194854736328,102.05194854736328,101.1732177734375,101.1732177734375,27887
2021-09-03,69.10100555419922,101.70245361328125,102.05194854736328,101.0833511352539,102.05194854736328,12070
2021-09-06,68.6260986328125,101.00347137451172,101.35295867919922,100.8636703491211,100.8636703491211,14653
2021-09-08,68.86354064941406,101.35295867919922,102.18175506591797,100.8836441040039,101.33299255371094,14785
2021-09-09,68.93135833740234,101.45281219482422,101.71244049072266,100.8636703491211,101.00347137451172,18732
2021-09-10,69.43343353271484,102.19174194335938,104.32864379882812,101.2331314086914,101.66251373291016,22206
2021-09-13,69.22313690185547,101.88219451904297,103.00057220458984,101.40288543701172,102.35150909423828,14133
2021-09-14,69.20277404785156,101.85223388671875,102.66106414794922,101.74239349365234,102.29159545898438,13476
2021-09-15,69.13491821289062,101.75238037109375,102.66106414794922,101.55267333984375,101.85223388671875,20150
2021-09-16,68.97886657714844,101.52271270751953,102.41142272949219,101.04341125488281,101.76236724853516,13501
2021-09-17,69.98299407958984,103.00057220458984,103.32010650634766,101.33299255371094,101.83226776123047,18857
2021-09-20,69.20277404785156,101.85223388671875,103.14036560058594,101.40288543701172,102.50129699707031,9649
2021-09-21,69.27059173583984,101.95208740234375,102.66106414794922,101.85223388671875,101.85223388671875,12397
2021-09-22,69.31132507324219,102.01200103759766,103.8493423461914,101.89218139648438,101.89218139648438,36800
2021-09-23,69.19599914550781,101.84225463867188,103.31011962890625,101.76236724853516,102.41142272949219,16886
2021-09-24,69.14167785644531,101.76236724853516,102.631103515625,101.75238037109375,102.25165557861328,9853
2021-09-27,69.28417205810547,101.97206115722656,102.51127624511719,101.85223388671875,102.16178894042969,18957
2021-09-28,68.95172882080078,101.48277282714844,102.35150909423828,101.36294555664062,102.00202178955078,18927
2021-09-29,68.87712097167969,101.37293243408203,101.89218139648438,100.85368347167969,101.89218139648438,24458
2021-09-30,68.84994506835938,101.33299255371094,101.83226776123047,100.90361022949219,101.60260009765625,18964
2021-10-01,68.06294250488281,100.17466735839844,101.09333801269531,99.3059310913086,101.09333801269531,12418
2021-10-04,67.28952026367188,99.03632354736328,100.30448150634766,98.87655639648438,100.24456787109375,24634
2021-10-05,68.35468292236328,100.60404968261719,100.80375671386719,98.90650939941406,99.06627655029297,17024
2021-10-06,67.84585571289062,99.85513305664062,101.42285919189453,99.39579772949219,100.59406280517578,25052
2021-10-07,68.1375732421875,100.28450775146484,102.04196166992188,99.85513305664062,99.85513305664062,20652
2021-10-08,68.51750946044922,100.84369659423828,100.85368347167969,99.65542602539062,100.65397644042969,17445
2021-10-11,68.51750946044922,100.84369659423828,101.22315216064453,100.35440826416016,100.85368347167969,8125
2021-10-13,68.66677856445312,101.0633773803711,101.20317840576172,100.40433502197266,101.00347137451172,8772
2021-10-14,68.38180541992188,100.64398956298828,101.05339813232422,100.07481384277344,100.80375671386719,11323
2021-10-15,68.52430725097656,100.85368347167969,101.24311828613281,100.68392944335938,100.68392944335938,12228
2021-10-18,68.74817657470703,101.1832046508789,101.29304504394531,100.15470123291016,101.19319152832031,16357
2021-10-19,68.50395965576172,100.82373046875,101.21316528320312,100.41432189941406,100.85368347167969,15903
2021-10-20,68.47003173828125,100.7738037109375,100.8836441040039,100.24456787109375,100.53414916992188,15276
2021-10-21,67.85942077636719,99.87510681152344,100.85368347167969,99.68537902832031,100.7638168334961,14835
2021-10-22,67.5066146850586,99.3558578491211,100.21461486816406,98.27742004394531,100.21461486816406,36723
2021-10-25,66.5906982421875,98.0078125,100.08480072021484,97.907958984375,99.75527954101562,19546
2021-10-26,66.4007339477539,97.72821807861328,98.84659576416016,97.09912872314453,98.43718719482422,19553
2021-10-27,66.48892974853516,97.8580322265625,97.8580322265625,96.85948181152344,97.35875701904297,11962
2021-10-28,65.74262237548828,96.7596206665039,97.8580322265625,96.57988739013672,97.11910247802734,20378
2021-10-29,66.48892974853516,97.8580322265625,98.35730743408203,96.4600601196289,96.7596206665039,77489
2021-11-01,66.15647888183594,97.36874389648438,99.01634979248047,95.83097076416016,98.28740692138672,34368
2021-11-03,65.81045532226562,96.85948181152344,98.83660888671875,96.16049194335938,97.37872314453125,34505
2021-11-04,66.6856689453125,98.14761352539062,99.84514617919922,96.42012023925781,97.10911560058594,32098
2021-11-05,66.14971160888672,97.35875701904297,98.55701446533203,97.04920196533203,98.54702758789062,14260
2021-11-08,65.47801971435547,96.37018585205078,97.34877014160156,96.37018585205078,96.85948181152344,19098
2021-11-09,64.85386657714844,95.45152282714844,96.56990051269531,94.66266632080078,96.42012023925781,21917
2021-11-10,64.16181945800781,94.43299865722656,95.41158294677734,94.36309814453125,95.36164855957031,22529
2021-11-11,64.16181945800781,94.43299865722656,95.16194152832031,93.94371032714844,94.48292541503906,16908
2021-11-12,62.62171173095703,92.16629028320312,94.42301177978516,91.9665756225586,94.17337799072266,33941
2021-11-16,61.807579040527344,90.96802520751953,92.85528564453125,90.48872375488281,92.54573822021484,27097
2021-11-17,61.339439392089844,90.27902221679688,92.86527252197266,89.92953491210938,91.17771911621094,29747
2021-11-18,60.4913444519043,89.03083801269531,90.88814544677734,88.88105773925781,90.3589096069336,24170
2021-11-19,59.63651657104492,87.77265930175781,90.4088363647461,87.47309875488281,89.37034606933594,44628
2021-11-22,60.0435905456543,88.37179565429688,89.51013946533203,87.77265930175781,88.36180877685547,35075
2021-11-23,59.46685791015625,87.52302551269531,88.40174865722656,86.89393615722656,88.37179565429688,29478
2021-11-24,58.2388916015625,85.71564483642578,88.19205474853516,84.93677520751953,87.52302551269531,34917
2021-11-25,57.947139739990234,85.28627014160156,86.01521301269531,84.92678833007812,85.71564483642578,22206
2021-11-26,57.953941345214844,85.29625701904297,86.0950927734375,84.89683532714844,85.28627014160156,23630
2021-11-29,58.36098098754883,85.8953857421875,87.5629653930664,85.33619689941406,85.33619689941406,32522
2021-11-30,58.9784049987793,86.80406951904297,87.4031982421875,85.74560546875,86.23489379882812,34751
2021-12-01,61.0069694519043,89.78973388671875,91.07786560058594,86.12505340576172,86.12505340576172,34553
2021-12-02,61.72615432739258,90.84819793701172,91.84674835205078,88.39176177978516,89.79972076416016,35496
2021-12-03,62.43852996826172,91.89668273925781,92.26614379882812,89.88958740234375,90.83821868896484,24626
2021-12-06,63.13734436035156,92.92518615722656,96.82952117919922,91.52721405029297,91.89668273925781,41928
2021-12-07,64.45353698730469,94.86237335205078,95.67120361328125,93.30463409423828,93.30463409423828,30108
2021-12-08,66.48892974853516,97.8580322265625,97.9978256225586,94.87236022949219,94.87236022949219,36838
2021-12-09,64.72494506835938,95.26179504394531,98.33733367919922,94.76251983642578,97.83805847167969,47767
2021-12-10,66.38717651367188,97.70824432373047,97.70824432373047,94.59276580810547,95.26179504394531,33017
2021-12-13,65.89189910888672,96.97930908203125,97.60839080810547,96.3602066040039,97.35875701904297,24661
2021-12-14,66.44143676757812,97.78813171386719,100.20462799072266,96.85948181152344,97.36874389648438,22113
2021-12-15,67.7644271850586,99.73530578613281,100.10477447509766,97.7581787109375,97.87799835205078,18650
2021-12-16,65.5458755493164,96.47004699707031,99.65542602539062,96.47004699707031,98.85658264160156,40259
2021-12-17,66.48892974853516,97.8580322265625,99.65542602539062,97.00926208496094,97.00926208496094,18883
2021-12-20,66.64495849609375,98.08769989013672,98.09768676757812,95.88089752197266,97.8680191040039,24237
2021-12-21,67.74407958984375,99.70535278320312,99.78523254394531,97.35875701904297,98.0078125,19486
2021-12-22,67.77798461914062,99.75527954101562,99.82518005371094,98.61692810058594,99.70535278320312,16866
2021-12-23,67.82550811767578,99.82518005371094,99.82518005371094,98.89652252197266,99.76526641845703,16129
2021-12-27,67.82550811767578,99.82518005371094,99.82518005371094,99.3558578491211,99.82518005371094,12874
2021-12-28,69.54199981689453,102.35150909423828,102.35150909423828,99.81519317626953,99.81519317626953,26949
2021-12-29,69.28417205810547,101.97206115722656,102.85078430175781,101.27307891845703,102.35150909423828,18972
2021-12-30,69.94229888916016,102.94065856933594,102.96062469482422,101.59261322021484,102.65107727050781,12208
2022-01-03,71.7537612915039,105.6067886352539,105.6067886352539,100.85368347167969,102.2217025756836,29728
2022-01-04,70.22045135498047,103.35005950927734,105.05758666992188,102.56121063232422,104.33863067626953,28987
2022-01-05,69.06029510498047,101.64253997802734,103.76945495605469,101.35295867919922,103.76945495605469,26110
2022-01-06,68.15117645263672,100.30448150634766,101.85223388671875,99.92503356933594,101.60260009765625,18899
2022-01-07,69.20277404785156,101.85223388671875,102.35150909423828,99.6654052734375,100.7138900756836,20762
2022-01-10,70.42398071289062,103.64962768554688,104.34861755371094,100.28450775146484,101.77235412597656,30517
2022-01-11,68.53790283203125,100.8736572265625,103.37003326416016,100.35440826416016,103.23023986816406,31030
2022-01-12,68.95852661132812,101.49275970458984,102.6910171508789,101.04341125488281,102.6910171508789,17935
2022-01-13,68.40216827392578,100.67394256591797,102.67105102539062,100.53414916992188,101.51272583007812,16124
2022-01-14,69.1077651977539,101.71244049072266,102.19174194335938,100.67394256591797,101.0334243774414,33272
2022-01-17,69.54199981689453,102.35150909423828,103.30013275146484,101.55267333984375,101.71244049072266,13371
2022-01-18,70.28829193115234,103.44992065429688,103.44992065429688,101.86222076416016,102.75093078613281,18308
2022-01-19,69.8608627319336,102.82083129882812,103.74948120117188,102.46134948730469,103.59970092773438,20635
2022-01-20,69.27059173583984,101.95208740234375,103.79940795898438,100.85368347167969,102.82083129882812,24844
2022-01-21,68.77532196044922,101.22315216064453,103.79940795898438,100.9834976196289,102.30158233642578,26306
2022-01-24,69.67769622802734,102.55122375488281,102.94065856933594,101.72242736816406,101.95208740234375,18305
2022-01-25,69.74553680419922,102.65107727050781,102.65107727050781,101.63255310058594,102.3215560913086,17157
2022-01-26,69.14849090576172,101.77235412597656,102.83081817626953,100.85368347167969,101.46279907226562,23462
2022-01-27,69.6098403930664,102.45137023925781,103.16033935546875,101.0633773803711,102.78089141845703,17173
2022-01-28,68.98567199707031,101.53269958496094,103.28016662597656,101.38291931152344,102.45137023925781,35998
2022-01-31,67.69657897949219,99.63545227050781,103.24022674560547,99.38581085205078,101.53269958496094,38034
2022-02-01,67.54732513427734,99.415771484375,100.8137435913086,98.36729431152344,99.1561508178711,56381
2022-02-02,67.40484619140625,99.2060775756836,100.33443450927734,98.0078125,99.7752456665039,30882
2022-02-03,67.2962875366211,99.04631042480469,99.80520629882812,98.45716094970703,99.2060775756836,24799
2022-02-04,67.7576675415039,99.7253189086914,99.85513305664062,98.65687561035156,99.04631042480469,22038
2022-02-07,67.71013641357422,99.65542602539062,100.34442138671875,99.2060775756836,99.73530578613281,18286
2022-02-08,67.72372436523438,99.6753921508789,100.17466735839844,99.5056381225586,100.04486083984375,14729
2022-02-09,68.19864654541016,100.37438201904297,100.8337173461914,99.79521942138672,99.84514617919922,17944
2022-02-10,67.66267395019531,99.58552551269531,100.8337173461914,99.05628967285156,100.64398956298828,19459
2022-02-11,68.52430725097656,100.85368347167969,100.85368347167969,99.82518005371094,99.82518005371094,13922
2022-02-14,69.22313690185547,101.88219451904297,101.88219451904297,100.38436889648438,100.75382995605469,14674
2022-02-15,69.06029510498047,101.64253997802734,102.75093078613281,100.65397644042969,101.88219451904297,21770
2022-02-16,69.35203552246094,102.07191467285156,102.75093078613281,100.8736572265625,101.65252685546875,16760
2022-02-17,69.1552963256836,101.78234100341797,102.73096466064453,100.90361022949219,102.07191467285156,14499
2022-02-18,68.89746856689453,101.40288543701172,102.7409439086914,101.40288543701172,101.82228088378906,17438
2022-02-21,67.91370391845703,99.95498657226562,102.60115051269531,99.95498657226562,101.41287231445312,18756
2022-02-22,67.20811462402344,98.91649627685547,100.31446838378906,98.88653564453125,100.01490020751953,19211
2022-02-23,67.2148666381836,98.92648315429688,99.91504669189453,98.86656951904297,98.93646240234375,19544
2022-02-24,65.81045532226562,96.85948181152344,98.95643615722656,96.33024597167969,98.93646240234375,28339
2022-02-25,67.01809692382812,98.63690185546875,102.05194854736328,98.0677261352539,98.85658264160156,27915
2022-03-02,66.48892974853516,97.8580322265625,99.08625030517578,95.90087127685547,98.63690185546875,19184
2022-03-03,66.94349670410156,98.52706146240234,100.01490020751953,97.41867065429688,97.45861053466797,44706
2022-03-04,67.69657897949219,99.63545227050781,100.16468048095703,97.8580322265625,98.35730743408203,19344
2022-03-07,67.16737365722656,98.85658264160156,101.30303192138672,98.09768676757812,99.63545227050781,27926
2022-03-08,66.36002349853516,97.66830444335938,99.81519317626953,97.30883026123047,98.93646240234375,21351
2022-03-09,66.12256622314453,97.31880950927734,98.12763977050781,96.3602066040039,97.70824432373047,17089
2022-03-10,66.14971160888672,97.35875701904297,97.72821807861328,96.400146484375,97.30883026123047,16834
2022-03-11,66.1021957397461,97.28885650634766,97.78813171386719,96.51997375488281,97.35875701904297,14587
2022-03-14,66.6856689453125,98.14761352539062,98.59696197509766,97.27886962890625,97.28885650634766,12536
2022-03-15,66.0207748413086,97.16902923583984,98.53704833984375,96.85948181152344,97.8580322265625,16382
2022-03-16,66.66535949707031,98.1176528930664,98.35730743408203,97.52851104736328,97.67829132080078,14108
2022-03-17,66.8688735961914,98.41722106933594,100.95353698730469,98.1176528930664,98.30738067626953,25174
2022-03-18,66.4957275390625,97.8680191040039,99.4557113647461,97.36874389648438,98.86656951904297,20788
2022-03-21,67.05883026123047,98.69681549072266,99.24601745605469,97.9978256225586,99.24601745605469,15147
2022-03-22,67.43877410888672,99.2560043334961,99.3558578491211,97.88798522949219,98.69681549072266,18882
2022-03-23,66.76028442382812,98.25745391845703,98.60694122314453,97.63835144042969,98.60694122314453,20447
2022-03-24,66.55677032470703,97.9578857421875,98.85658264160156,97.7581787109375,98.53704833984375,41066
2022-03-25,67.43877410888672,99.2560043334961,99.32589721679688,98.20752716064453,98.35730743408203,25191
2022-03-28,67.05883026123047,98.69681549072266,99.90505981445312,98.69681549072266,99.32589721679688,42087
2022-03-29,68.32078552246094,100.55411529541016,101.28306579589844,98.71678161621094,98.71678161621094,28966
2022-03-30,68.54466247558594,100.8836441040039,101.20317840576172,99.97496032714844,100.85368347167969,15094
2022-03-31,67.96119689941406,100.02488708496094,101.05339813232422,99.00636291503906,100.8836441040039,37839
2022-04-01,68.21221923828125,100.39434814453125,100.62401580810547,99.13617706298828,99.84514617919922,74150
2022-04-04,67.84585571289062,99.85513305664062,100.85368347167969,99.4656982421875,100.39434814453125,32351
2022-04-05,67.39806365966797,99.19609069824219,99.85513305664062,98.86656951904297,99.85513305664062,30016
2022-04-06,67.16737365722656,98.85658264160156,99.75527954101562,98.45716094970703,99.31591796875,26118
2022-04-07,67.4930419921875,99.33588409423828,99.3558578491211,98.57698822021484,98.69681549072266,22695
2022-04-08,67.13349151611328,98.80665588378906,98.85658264160156,98.61692810058594,98.85658264160156,17511
2022-04-11,67.20130920410156,98.90650939941406,99.3059310913086,98.45716094970703,98.84659576416016,21007
2022-04-12,67.2488021850586,98.97640991210938,99.48567199707031,98.71678161621094,98.80665588378906,14083
2022-04-13,67.33023071289062,99.09623718261719,99.44572448730469,98.85658264160156,98.97640991210938,16751
2022-04-14,66.98419952392578,98.58697509765625,99.5555648803711,98.56700134277344,99.1561508178711,31815
2022-04-18,67.84585571289062,99.85513305664062,99.85513305664062,98.55701446533203,98.58697509765625,33475
2022-04-19,67.84585571289062,99.85513305664062,99.85513305664062,99.5655517578125,99.7752456665039,19930
2022-04-20,67.84585571289062,99.85513305664062,99.85513305664062,99.5655517578125,99.6254653930664,22015
2022-04-22,67.4455795288086,99.2659912109375,99.85513305664062,98.87655639648438,99.85513305664062,22970
2022-04-25,67.20130920410156,98.90650939941406,99.75527954101562,98.90650939941406,99.415771484375,20608
2022-04-26,67.4319839477539,99.24601745605469,99.4057846069336,98.46714782714844,98.94644927978516,19320
2022-04-27,67.47270202636719,99.3059310913086,99.74529266357422,98.65687561035156,98.85658264160156,17374
2022-04-28,67.84585571289062,99.85513305664062,99.85513305664062,99.10621643066406,99.69536590576172,27672
2022-04-29,67.64908599853516,99.5655517578125,99.85513305664062,99.05628967285156,99.84514617919922,19761
2022-05-02,67.66205596923828,98.84659576416016,99.22604370117188,98.56700134277344,99.22604370117188,33670
2022-05-03,67.54586029052734,98.67684173583984,98.98639678955078,96.91939544677734,98.89652252197266,36497
2022-05-04,67.36129760742188,98.40723419189453,98.85658264160156,98.34732055664062,98.68682861328125,25705
2022-05-05,66.9306869506836,97.77814483642578,98.78668212890625,97.55846405029297,98.56700134277344,24012
2022-05-06,66.38383483886719,96.97930908203125,98.48712158203125,96.80955505371094,97.77814483642578,25629
2022-05-09,66.12413024902344,96.599853515625,97.32879638671875,96.16049194335938,96.97930908203125,18223
2022-05-10,66.50688171386719,97.15904235839844,97.25890350341797,96.5399398803711,96.6497802734375,16544
2022-05-11,66.82817077636719,97.62836456298828,97.8480453491211,97.10911560058594,97.15904235839844,15409
2022-05-12,66.7051010131836,97.44862365722656,97.8480453491211,97.17901611328125,97.8480453491211,18931
2022-05-13,67.1425552368164,98.08769989013672,98.53704833984375,97.50853729248047,97.50853729248047,12718
2022-05-16,67.19042205810547,98.1575927734375,98.75672912597656,97.8680191040039,98.09768676757812,21409
2022-05-17,67.19727325439453,98.1675796508789,98.84659576416016,97.97785949707031,98.84659576416016,18028
2022-05-18,66.76663970947266,97.53849029541016,98.45716094970703,96.97930908203125,98.17756652832031,25159
2022-05-19,67.59369659423828,98.74674224853516,98.75672912597656,97.7981185913086,97.8180923461914,14384
2022-05-20,68.35240936279297,99.85513305664062,99.85513305664062,98.14761352539062,98.72676849365234,17848
2022-05-23,68.35924530029297,99.86511993408203,100.35440826416016,99.59551239013672,99.85513305664062,16379
2022-05-24,68.31139373779297,99.79521942138672,100.34442138671875,99.5655517578125,99.87510681152344,22370
2022-05-25,68.39342498779297,99.91504669189453,100.28450775146484,99.79521942138672,100.18465423583984,16862
2022-05-26,68.85820770263672,100.59406280517578,100.62401580810547,99.91504669189453,99.91504669189453,17256
2022-05-27,68.85820770263672,100.59406280517578,100.59406280517578,100.20462799072266,100.47423553466797,12329
2022-05-30,68.84455108642578,100.57408905029297,100.59406280517578,100.16468048095703,100.58407592773438,12051
2022-05-31,69.85617065429688,102.05194854736328,102.5711898803711,100.35440826416016,100.59406280517578,17351
2022-06-01,68.85022735595703,99.85513305664062,102.25165557861328,99.2060775756836,101.32300567626953,46547
2022-06-02,68.90530395507812,99.93502044677734,101.21316528320312,99.91504669189453,100.08480072021484,17930
2022-06-03,68.43024444580078,99.24601745605469,100.57408905029297,98.60694122314453,99.86511993408203,21786
2022-06-06,68.04464721679688,98.68682861328125,101.84225463867188,98.41722106933594,99.84514617919922,27567
2022-06-07,69.02232360839844,100.10477447509766,100.29449462890625,98.95643615722656,99.3558578491211,16126
2022-06-08,69.4974136352539,100.79376983642578,100.82373046875,99.86511993408203,100.10477447509766,17373
2022-06-09,68.50598907470703,99.3558578491211,100.45426177978516,99.3059310913086,99.80520629882812,20129
2022-06-10,68.50598907470703,99.3558578491211,99.86511993408203,98.86656951904297,99.5655517578125,16847
2022-06-13,68.41647338867188,99.22604370117188,99.6254653930664,98.66685485839844,99.3558578491211,18648
2022-06-14,67.81745910644531,98.35730743408203,99.22604370117188,97.87799835205078,99.22604370117188,27692
2022-06-15,68.41647338867188,99.22604370117188,99.22604370117188,98.17756652832031,98.17756652832031,17811
2022-06-17,68.51285552978516,99.3658447265625,99.70535278320312,99.01634979248047,99.22604370117188,11926
2022-06-20,68.57478332519531,99.4557113647461,100.35440826416016,98.2175064086914,99.3658447265625,20879
2022-06-21,68.47154235839844,99.3059310913086,99.4557113647461,99.10621643066406,99.4557113647461,14614
2022-06-22,68.54041290283203,99.4057846069336,99.4557113647461,98.87655639648438,99.4557113647461,15714
2022-06-23,68.57478332519531,99.4557113647461,99.4557113647461,99.2060775756836,99.3558578491211,14720
2022-06-24,67.54206085205078,97.9578857421875,99.4557113647461,97.8580322265625,99.4557113647461,28744
2022-06-27,67.17716217041016,97.42865753173828,98.69681549072266,97.25890350341797,98.36729431152344,23125
2022-06-28,67.63155364990234,98.08769989013672,98.52706146240234,97.76815795898438,97.8580322265625,22085
2022-06-29,67.66600036621094,98.13762664794922,98.51707458496094,98.07771301269531,98.08769989013672,19525
2022-06-30,67.79682159423828,98.32734680175781,98.42720794677734,97.7481918334961,98.39724731445312,17827
2022-07-01,70.57784271240234,101.59261322021484,102.05194854736328,97.36874389648438,97.55846405029297,52017
2022-07-04,69.23204040527344,99.65542602539062,100.10477447509766,98.40723419189453,99.70535278320312,21798
2022-07-05,67.78913879394531,97.57843780517578,99.75527954101562,97.47858428955078,99.65542602539062,39715
2022-07-06,68.35797882080078,98.39724731445312,98.75672912597656,97.60839080810547,97.72821807861328,14332
2022-07-07,68.11518859863281,98.0477523803711,98.73675537109375,97.67829132080078,98.65687561035156,13639
2022-07-08,67.96952056884766,97.83805847167969,98.65687561035156,97.46859741210938,98.0477523803711,18869
2022-07-11,68.5105972290039,98.61692810058594,98.99637603759766,97.8580322265625,97.8580322265625,12361
2022-07-12,67.94868469238281,97.80810546875,98.76671600341797,97.65831756591797,98.0577392578125,16697
2022-07-13,67.89320373535156,97.72821807861328,97.8480453491211,96.3602066040039,97.8480453491211,24807
2022-07-14,67.22030639648438,96.7596206665039,97.63835144042969,95.86093139648438,97.63835144042969,15377
2022-07-15,67.87239837646484,97.6982650756836,97.70824432373047,96.3602066040039,96.7596206665039,14719
2022-07-18,67.50472259521484,97.16902923583984,97.7581787109375,96.85948181152344,97.6982650756836,13743
2022-07-19,67.3243408203125,96.90940856933594,97.8580322265625,96.62981414794922,97.7481918334961,13955
2022-07-20,67.16482543945312,96.67974090576172,97.83805847167969,96.52996063232422,97.28885650634766,17709
2022-07-21,67.60877990722656,97.31880950927734,97.44862365722656,96.81953430175781,96.95933532714844,13613
2022-07-22,67.98338317871094,97.8580322265625,97.8580322265625,97.35875701904297,97.54847717285156,16417
2022-07-25,68.48979949951172,98.58697509765625,98.58697509765625,97.80810546875,97.8580322265625,19769
2022-07-26,69.07251739501953,99.4257583618164,99.6753921508789,97.55846405029297,99.23603057861328,15363
2022-07-27,69.01700592041016,99.34587097167969,99.74529266357422,98.1176528930664,99.4656982421875,17736
2022-07-28,68.29554748535156,98.30738067626953,99.6254653930664,97.7581787109375,99.4557113647461,23439
2022-07-29,69.35692596435547,99.83515930175781,100.14471435546875,98.62691497802734,98.69681549072266,11810
2022-08-01,69.87335205078125,99.83515930175781,101.75238037109375,97.72821807861328,99.3059310913086,43186
2022-08-02,70.79585266113281,101.15325164794922,101.15325164794922,98.52706146240234,99.34587097167969,22918
2022-08-03,70.58621215820312,100.85368347167969,101.45281219482422,100.39434814453125,101.15325164794922,10474
2022-08-04,70.7120361328125,101.0334243774414,101.33299255371094,100.85368347167969,101.0633773803711,14138
2022-08-05,70.93563079833984,101.35295867919922,101.35295867919922,100.85368347167969,101.0334243774414,17737
2022-08-08,72.50811767578125,103.59970092773438,104.73805236816406,101.35295867919922,101.47278594970703,16068
2022-08-09,73.45159912109375,104.94774627685547,105.4070816040039,103.39000701904297,103.65961456298828,17215
2022-08-10,72.14472198486328,103.08045196533203,106.72516632080078,102.87075805664062,105.37712097167969,20519
2022-08-11,74.21336364746094,106.03616333007812,106.11605072021484,103.09043884277344,103.09043884277344,15278
2022-08-12,74.03865814208984,105.78652954101562,106.04615020751953,105.3871078491211,105.98623657226562,21906
2022-08-15,73.76609802246094,105.3970947265625,105.78652954101562,103.8493423461914,105.77654266357422,25457
2022-08-16,74.08756256103516,105.85643005371094,106.04615020751953,105.447021484375,105.447021484375,22078
2022-08-17,74.09453582763672,105.86640930175781,107.24441528320312,105.5968017578125,106.08609771728516,17997
2022-08-18,73.96178436279297,105.67668914794922,106.8449935913086,105.5968017578125,106.26583099365234,21214
2022-08-19,74.8493423461914,106.9448471069336,107.19448852539062,105.68667602539062,105.68667602539062,14079
2022-08-22,74.29724884033203,106.15599060058594,106.92487335205078,105.92632293701172,106.92487335205078,14968
2022-08-23,75.12887573242188,107.34426879882812,107.34426879882812,106.39564514160156,106.8449935913086,19086
2022-08-24,75.12887573242188,107.34426879882812,107.76365661621094,107.0447006225586,107.42415618896484,14191
2022-08-25,74.66062927246094,106.67523956298828,107.34426879882812,106.08609771728516,107.33428192138672,16642
2022-08-26,75.12887573242188,107.34426879882812,107.34426879882812,106.09607696533203,106.68522644042969,17051
2022-08-29,75.82076263427734,108.33283233642578,108.33283233642578,107.24441528320312,107.34426879882812,13400
2022-08-30,76.8061752319336,109.74079132080078,109.74079132080078,108.36279296875,108.48262023925781,15678
2022-08-31,79.28019714355469,113.27566528320312,113.83485412597656,109.64093780517578,109.74079132080078,47853
2022-09-01,79.33572387695312,112.60663604736328,113.83485412597656,108.84209442138672,112.43688201904297,22388
2022-09-02,79.989990234375,113.53528594970703,113.53528594970703,110.90909576416016,112.60663604736328,18587
2022-09-05,77.78096771240234,110.39983367919922,113.55525970458984,110.0603256225586,113.53528594970703,16633
2022-09-06,78.5196533203125,111.44831848144531,113.1258773803711,110.33992004394531,111.83775329589844,20002
2022-09-08,78.60404205322266,111.5681381225586,112.8263168334961,111.02892303466797,111.7378921508789,13025
2022-09-09,79.49752807617188,112.8363037109375,112.8363037109375,111.33847045898438,111.5681381225586,13351
2022-09-12,78.53369903564453,111.4682846069336,112.8363037109375,110.25005340576172,112.8363037109375,14803
2022-09-13,78.41412353515625,111.29853057861328,112.18724060058594,110.53963470458984,111.80779266357422,10316
2022-09-14,78.88546752929688,111.96755981445312,113.28565216064453,111.85771942138672,111.85771942138672,18624
2022-09-15,79.63824462890625,113.0360107421875,113.0360107421875,112.05743408203125,112.7264633178711,11981
2022-09-16,78.6111068725586,111.578125,113.30561828613281,110.94903564453125,113.06597137451172,15673
2022-09-19,78.29451751708984,111.12877655029297,112.33702850341797,111.12877655029297,111.5881118774414,10444
2022-09-20,78.45632934570312,111.35844421386719,113.185791015625,110.94903564453125,111.14875030517578,22648
2022-09-21,78.0904769897461,110.83919525146484,112.03746032714844,110.83919525146484,111.6380386352539,14285
2022-09-22,78.40006256103516,111.278564453125,111.80779266357422,110.79925537109375,111.08883666992188,17351
2022-09-23,79.0965347290039,112.26712799072266,112.33702850341797,111.33847045898438,111.80779266357422,9986
2022-09-26,78.80106353759766,111.84773254394531,112.75641632080078,111.09882354736328,112.26712799072266,16807
2022-09-27,78.84324645996094,111.90764617919922,112.53673553466797,111.89765930175781,112.20721435546875,7170
2022-09-28,79.3005599975586,112.55670928955078,112.8363037109375,111.84773254394531,111.90764617919922,12837
2022-09-29,78.40708923339844,111.28854370117188,112.8363037109375,111.19867706298828,112.55670928955078,21376
2022-09-30,81.60811614990234,115.83195495605469,116.48101043701172,112.10736083984375,112.62660217285156,136231
2022-10-03,80.162841796875,113.0459976196289,115.57233428955078,112.03746032714844,113.44541931152344,25304
2022-10-04,80.43901062011719,113.43543243408203,113.83485412597656,112.9461441040039,113.0360107421875,16364
2022-10-05,80.39652252197266,113.37551879882812,114.21430206298828,112.96611022949219,113.2956314086914,23822
2022-10-06,80.74347686767578,113.86480712890625,113.86480712890625,113.37551879882812,113.44541931152344,32710
2022-10-07,81.74893951416016,115.28275299072266,115.29273986816406,113.49534606933594,113.75496673583984,14322
2022-10-10,81.74188232421875,115.27276611328125,115.28275299072266,114.41400909423828,115.23282623291016,12534
2022-10-11,83.46253204345703,117.69924926757812,119.77622985839844,114.83340454101562,114.84339141845703,30310
2022-10-13,81.92597961425781,115.53238677978516,117.32978057861328,114.16437530517578,117.32978057861328,21555
2022-10-14,81.47280883789062,114.89331817626953,115.53238677978516,114.5438232421875,115.53238677978516,19112
2022-10-17,80.61601257324219,113.68506622314453,115.6921615600586,113.33557891845703,114.89331817626953,31779
2022-10-18,80.99130249023438,114.21430206298828,114.61372375488281,113.39549255371094,113.67508697509766,21171
2022-10-19,80.72222137451172,113.83485412597656,115.82196807861328,113.41545867919922,114.73355102539062,15982
2022-10-20,80.3894271850586,113.36553192138672,114.76350402832031,113.33557891845703,114.10446166992188,22458
2022-10-21,80.3681869506836,113.33557891845703,114.61372375488281,113.33557891845703,114.2842025756836,27078
2022-10-24,80.01412200927734,112.8363037109375,113.83485412597656,112.71647644042969,113.68506622314453,21551
2022-10-25,79.1431884765625,111.60808563232422,113.75496673583984,110.88912963867188,113.15583801269531,25461
2022-10-26,77.99608612060547,109.99043273925781,111.70793914794922,109.84064483642578,111.70793914794922,38688
2022-10-27,78.15185546875,110.21011352539062,111.3284912109375,110.00041198730469,110.83919525146484,15723
2022-10-28,78.78204345703125,111.09882354736328,111.76785278320312,110.20012664794922,110.35989379882812,20068
2022-10-31,78.45634460449219,110.63948822021484,112.61662292480469,109.41127014160156,111.09882354736328,22327
2022-11-01,77.12957000732422,108.03327178955078,111.23861694335938,107.84354400634766,110.83919525146484,19009
2022-11-03,76.99409484863281,107.84354400634766,109.7607650756836,107.74369049072266,108.03327178955078,16203
2022-11-04,76.27406311035156,106.83500671386719,108.07321166992188,106.34571838378906,107.84354400634766,25821
2022-11-07,75.78215789794922,106.14600372314453,106.7451400756836,105.2972412109375,106.63529968261719,48400
2022-11-08,75.36154174804688,105.5568618774414,106.65526580810547,105.37712097167969,106.14600372314453,27953
2022-11-09,75.58256530761719,105.86640930175781,106.23587799072266,105.5568618774414,105.84644317626953,24642
2022-11-10,74.73419189453125,104.67813873291016,105.84644317626953,103.8892822265625,105.57683563232422,18727
2022-11-11,74.09971618652344,103.7894287109375,105.17741394042969,102.35150909423828,104.67813873291016,24583
2022-11-14,73.9072265625,103.51981353759766,104.33863067626953,102.95064544677734,103.8992691040039,15533
2022-11-16,73.8858413696289,103.48986053466797,104.0989761352539,103.25020599365234,103.51981353759766,16047
2022-11-17,72.71666717529297,101.85223388671875,103.64962768554688,101.0833511352539,103.48986053466797,21060
2022-11-18,72.71666717529297,101.85223388671875,102.431396484375,101.20317840576172,101.85223388671875,12841
2022-11-21,72.78083801269531,101.94210815429688,102.83081817626953,101.56265258789062,101.85223388671875,14451
2022-11-22,73.92863464355469,103.54977416992188,103.83935546875,101.49275970458984,101.90216064453125,11819
2022-11-23,72.67388916015625,101.79232025146484,103.51981353759766,101.36294555664062,103.51981353759766,13511
2022-11-24,72.28176879882812,101.24311828613281,102.35150909423828,100.55411529541016,101.81229400634766,14731
2022-11-25,71.96099853515625,100.79376983642578,101.92213439941406,100.37438201904297,101.26309204101562,12168
2022-11-28,71.86116790771484,100.65397644042969,101.79232025146484,100.55411529541016,100.79376983642578,12695
2022-11-29,72.50992584228516,101.56265258789062,102.1717758178711,99.89507293701172,100.74384307861328,17848
2022-11-30,73.25135040283203,102.60115051269531,103.15035247802734,101.36294555664062,101.75238037109375,22051
2022-12-01,75.26858520507812,104.65816497802734,105.89636993408203,101.15325164794922,101.1732177734375,27101
2022-12-02,75.63479614257812,105.16742706298828,105.32719421386719,103.12039947509766,104.66815185546875,10262
2022-12-05,73.96875,102.85078430175781,105.2373275756836,102.85078430175781,105.15744018554688,16012
2022-12-06,72.17337036132812,100.35440826416016,103.54977416992188,98.83660888671875,102.85078430175781,38505
2022-12-07,72.88433074951172,101.34297180175781,101.96207427978516,99.93502044677734,100.50418853759766,18771
2022-12-08,71.95792388916016,100.05484771728516,101.85223388671875,99.90505981445312,101.33299255371094,18387
2022-12-09,72.71198272705078,101.10332489013672,101.48277282714844,100.04486083984375,100.05484771728516,8531
2022-12-12,72.13746643066406,100.30448150634766,101.84225463867188,100.01490020751953,101.84225463867188,17646
2022-12-13,71.31159210205078,99.1561508178711,100.8337173461914,98.83660888671875,100.30448150634766,16675
2022-12-14,70.37799835205078,97.8580322265625,100.55411529541016,97.8580322265625,99.22604370117188,20242
2022-12-15,70.01893615722656,97.35875701904297,99.00636291503906,96.96932220458984,97.59840393066406,13729
2022-12-16,70.37799835205078,97.8580322265625,98.43718719482422,97.35875701904297,97.51852416992188,12870
2022-12-19,69.83942413330078,97.10911560058594,98.42720794677734,96.47004699707031,97.9578857421875,25349
2022-12-20,70.20567321777344,97.61837768554688,98.35730743408203,96.5099868774414,97.10911560058594,22504
2022-12-21,73.88970947265625,102.7409439086914,102.7908706665039,97.63835144042969,97.63835144042969,21879
2022-12-22,71.63475036621094,99.60549926757812,102.6910171508789,98.43718719482422,102.45137023925781,23777
2022-12-23,71.31159210205078,99.1561508178711,100.34442138671875,97.9978256225586,99.60549926757812,24329
2022-12-26,70.59345245361328,98.1575927734375,99.85513305664062,97.97785949707031,99.85513305664062,26416
2022-12-27,71.1679458618164,98.95643615722656,100.04486083984375,98.1575927734375,98.48712158203125,34195
2022-12-28,72.89151763916016,101.35295867919922,101.73240661621094,99.14616394042969,100.09478759765625,19557
2022-12-29,73.99026489257812,102.88074493408203,103.25020599365234,101.85223388671875,101.85223388671875,9631
2023-01-02,71.66741180419922,98.92648315429688,102.85078430175781,98.0078125,102.83081817626953,32883
2023-01-03,70.66909790039062,97.54847717285156,100.42430877685547,97.21895599365234,100.42430877685547,20556
2023-01-04,70.9656753540039,97.9578857421875,98.39724731445312,96.4600601196289,97.93791198730469,14203
2023-01-05,70.69801330566406,97.58842468261719,98.24746704101562,96.6098403930664,97.9478988647461,29235
2023-01-06,69.6707992553711,96.17047882080078,99.615478515625,95.89088439941406,97.25890350341797,39987
2023-01-09,70.53164672851562,97.35875701904297,98.0577392578125,96.16049194335938,96.80955505371094,25762
2023-01-10,72.47757720947266,100.04486083984375,100.82373046875,97.44862365722656,97.44862365722656,18287
2023-01-11,72.55714416503906,100.15470123291016,100.79376983642578,98.67684173583984,100.04486083984375,14432
2023-01-12,71.32740020751953,98.45716094970703,100.15470123291016,97.9678726196289,100.15470123291016,16115
2023-01-13,70.16992950439453,96.85948181152344,99.33588409423828,96.4500732421875,98.45716094970703,33561
2023-01-16,70.16992950439453,96.85948181152344,97.72821807861328,96.16049194335938,96.85948181152344,25912
2023-01-17,69.95291137695312,96.5599136352539,97.66830444335938,96.18046569824219,96.85948181152344,23040
2023-01-18,69.15718078613281,95.46150970458984,96.78958129882812,95.41158294677734,96.5599136352539,39031
2023-01-19,68.21675109863281,94.16339111328125,96.61982727050781,93.3745346069336,95.51143646240234,35216
2023-01-20,67.99971771240234,93.86382293701172,94.75253295898438,93.26469421386719,94.16339111328125,28880
2023-01-23,68.39037322998047,94.40304565429688,94.8424072265625,93.89378356933594,94.36309814453125,22563
2023-01-24,68.00696563720703,93.87380981445312,94.61273956298828,93.86382293701172,94.40304565429688,23154
2023-01-25,67.8622817993164,93.67410278320312,94.51288604736328,93.08495330810547,93.94371032714844,31398
2023-01-26,67.06657409667969,92.57569122314453,94.36309814453125,92.36599731445312,93.71404266357422,27013
2023-01-27,67.63805389404297,93.36454772949219,93.86382293701172,92.56571197509766,92.94515991210938,23280
2023-01-30,68.4482421875,94.48292541503906,95.29175567626953,93.36454772949219,93.36454772949219,20858
2023-01-31,70.09760284423828,96.7596206665039,97.54847717285156,94.11346435546875,94.11346435546875,26077
2023-02-01,70.26451110839844,96.2403793334961,99.415771484375,94.97221374511719,95.62127685546875,24540
2023-02-02,71.05914306640625,97.32879638671875,97.58842468261719,95.88089752197266,96.2403793334961,13870
2023-02-03,70.87688446044922,97.07916259765625,97.32879638671875,95.88089752197266,97.25890350341797,17268
2023-02-06,70.68003845214844,96.80955505371094,97.6483383178711,95.74110412597656,96.79956817626953,19369
2023-02-07,70.10411834716797,96.02069854736328,96.84949493408203,95.97077178955078,96.80955505371094,12656
2023-02-08,69.45526885986328,95.13198852539062,96.30029296875,94.41303253173828,96.04066467285156,10718
2023-02-09,68.98868560791016,94.49291229248047,95.61128997802734,94.06353759765625,95.13198852539062,20107
2023-02-10,68.49295806884766,93.81389617919922,95.72113037109375,92.88524627685547,94.50289916992188,20369
2023-02-13,68.19404602050781,93.40449523925781,96.22040557861328,92.96512603759766,93.81389617919922,18417
2023-02-14,68.04092407226562,93.19479370117188,94.33314514160156,92.87525939941406,93.584228515625,13828
2023-02-15,67.95345306396484,93.07496643066406,93.184814453125,92.33604431152344,93.12489318847656,23088
2023-02-16,67.51602935791016,92.47583770751953,93.36454772949219,92.47583770751953,93.07496643066406,17486
2023-02-17,67.30461120605469,92.1862564086914,93.3246078491211,92.06643676757812,92.48582458496094,21254
2023-02-22,67.42853546142578,92.35601043701172,93.13488006591797,92.23619079589844,92.31607055664062,11837
2023-02-23,68.53667449951172,93.87380981445312,94.65267944335938,92.35601043701172,92.41592407226562,31842
2023-02-24,68.12842559814453,93.31462097167969,93.91374969482422,92.86527252197266,93.90377044677734,24412
2023-02-27,68.11385345458984,93.29464721679688,94.46295928955078,92.92518615722656,93.3445816040039,12585
2023-02-28,68.77725219726562,94.20333099365234,94.35311889648438,93.31462097167969,93.3246078491211,12916
2023-03-01,70.517578125,95.85094451904297,96.85948181152344,92.46585083007812,93.56426239013672,35662
2023-03-02,69.63604736328125,94.65267944335938,97.26888275146484,93.66411590576172,95.76107025146484,14543
2023-03-03,69.28341674804688,94.17337799072266,95.74110412597656,93.88379669189453,94.69261932373047,11213
2023-03-06,68.16677856445312,92.65557861328125,94.76251983642578,92.00652313232422,93.94371032714844,31151
2023-03-07,68.321044921875,92.86527252197266,94.7425537109375,92.66556549072266,92.66556549072266,28866
2023-03-08,68.3945083618164,92.96512603759766,94.35311889648438,92.67555236816406,93.14486694335938,11784
2023-03-09,68.79856872558594,93.51433563232422,93.6441421508789,92.68553161621094,93.02503967285156,10067
2023-03-10,68.68834686279297,93.36454772949219,94.39305877685547,92.88524627685547,93.51433563232422,13082
2023-03-13,68.68834686279297,93.36454772949219,93.81389617919922,93.04501342773438,93.46440124511719,14925
2023-03-14,69.42300415039062,94.36309814453125,94.36309814453125,93.2746810913086,93.36454772949219,15445
2023-03-15,69.27607727050781,94.16339111328125,94.36309814453125,93.55427551269531,94.36309814453125,14606
2023-03-16,70.517578125,95.85094451904297,95.85094451904297,93.84385681152344,94.15340423583984,16638
2023-03-17,69.37889862060547,94.30318450927734,95.56136322021484,93.46440124511719,94.86237335205078,15521
2023-03-20,68.10063171386719,92.56571197509766,94.97221374511719,92.076416015625,94.30318450927734,37873
2023-03-21,68.01248931884766,92.44588470458984,92.97511291503906,92.15630340576172,92.57569122314453,17533
2023-03-22,68.32835388183594,92.87525939941406,93.25470733642578,92.10637664794922,92.61563873291016,20420
2023-03-23,68.0639419555664,92.51577758789062,93.36454772949219,92.05644989013672,92.87525939941406,18002
2023-03-24,68.15941619873047,92.64559173583984,93.08495330810547,92.0364761352539,92.49581146240234,14205
2023-03-27,68.05654907226562,92.50579833984375,92.78539276123047,91.36744689941406,92.64559173583984,31589
2023-03-28,68.321044921875,92.86527252197266,93.3445816040039,91.876708984375,92.49581146240234,9843
2023-03-29,68.4532699584961,93.04501342773438,93.31462097167969,92.1862564086914,92.92518615722656,9479
2023-03-30,68.57083892822266,93.20478057861328,93.20478057861328,91.95658874511719,93.04501342773438,11001
2023-03-31,69.61400604248047,94.62272644042969,94.86237335205078,92.89523315429688,93.20478057861328,17446
2023-04-03,69.06525421142578,93.13488006591797,94.25325775146484,92.59566497802734,94.25325775146484,19729
2023-04-04,69.776123046875,94.09349060058594,94.86237335205078,93.384521484375,93.57424926757812,10980
2023-04-05,70.53144836425781,95.11201477050781,95.27178192138672,94.16339111328125,94.16339111328125,14838
2023-04-06,70.49442291259766,95.06208801269531,96.07062530517578,94.51288604736328,95.17192840576172,10953
2023-04-10,70.64250183105469,95.26179504394531,95.65122985839844,94.00362396240234,94.86237335205078,14119
2023-04-11,71.07196044921875,95.84095764160156,95.96078491210938,94.86237335205078,94.86237335205078,15368
2023-04-12,70.56104278564453,95.1519546508789,97.33878326416016,94.50289916992188,96.3602066040039,17500
2023-04-13,71.08675384521484,95.86093139648438,95.99073791503906,94.9522476196289,95.26179504394531,10231
2023-04-14,71.5829086303711,96.52996063232422,96.85948181152344,95.06208801269531,95.86093139648438,16442
2023-04-17,72.23453521728516,97.40868377685547,97.40868377685547,96.5099868774414,96.6597671508789,12478
2023-04-18,73.98207092285156,99.76526641845703,99.82518005371094,97.35875701904297,97.62836456298828,8497
2023-04-19,73.80435943603516,99.5256118774414,99.75527954101562,97.82807159423828,99.44572448730469,10043
2023-04-20,73.56742858886719,99.2060775756836,99.5056381225586,96.95933532714844,99.4557113647461,17030
2023-04-24,75.47047424316406,101.77235412597656,101.77235412597656,98.42720794677734,99.2060775756836,16307
2023-04-25,74.41898345947266,100.35440826416016,101.57263946533203,99.73530578613281,101.32300567626953,12973
2023-04-26,75.05579376220703,101.21316528320312,101.34297180175781,100.40433502197266,101.28306579589844,12684
2023-04-27,74.86327362060547,100.95353698730469,101.45281219482422,100.42430877685547,101.19319152832031,13539
2023-04-28,75.80368041992188,102.2217025756836,102.7908706665039,101.30303192138672,101.45281219482422,13498
2023-05-02,74.01988983154297,99.07626342773438,104.84789276123047,98.41722106933594,101.46279907226562,89027
2023-05-03,76.1236801147461,101.89218139648438,102.5811767578125,99.87510681152344,99.91504669189453,18329
2023-05-04,79.29423522949219,106.13602447509766,106.59535217285156,101.40288543701172,101.89218139648438,41215
2023-05-05,77.3471450805664,103.52980041503906,107.24441528320312,101.85223388671875,105.52690124511719,30278
2023-05-08,77.1606216430664,103.28016662597656,105.01764678955078,100.9135971069336,102.84080505371094,14727
2023-05-09,78.25727081298828,104.74803161621094,105.01764678955078,102.05194854736328,103.29015350341797,13304
2023-05-10,78.55567932128906,105.14745330810547,105.14745330810547,102.45137023925781,104.74803161621094,23533
2023-05-11,79.46582794189453,106.36568450927734,106.7451400756836,104.17886352539062,104.84789276123047,12702
2023-05-12,78.63029479980469,105.247314453125,107.07466125488281,104.50838470458984,106.37567138671875,18843
2023-05-15,78.16030883789062,104.61822509765625,106.26583099365234,104.05903625488281,105.14745330810547,21886
2023-05-16,78.40647888183594,104.94774627685547,105.5568618774414,104.12893676757812,105.5568618774414,14985
2023-05-17,78.65267181396484,105.27726745605469,105.37712097167969,104.1888427734375,105.21735382080078,14643
2023-05-18,79.02566528320312,105.77654266357422,106.28580474853516,104.74803161621094,105.27726745605469,16338
2023-05-19,78.10807800292969,104.54832458496094,105.83645629882812,104.1489028930664,105.51692199707031,19676
2023-05-22,77.39934539794922,103.59970092773438,105.05758666992188,103.03052520751953,104.59825134277344,27551
2023-05-23,77.12332153320312,103.23023986816406,103.65961456298828,102.35150909423828,103.49984741210938,36562
2023-05-24,76.01921081542969,101.75238037109375,103.25020599365234,100.36439514160156,103.23023986816406,80480
2023-05-25,76.61604309082031,102.55122375488281,103.35005950927734,100.55411529541016,101.95208740234375,32724
2023-05-26,77.36207580566406,103.54977416992188,104.71807861328125,102.15180206298828,102.55122375488281,12110
2023-05-29,77.8022232055664,104.138916015625,104.68812561035156,102.89073181152344,103.54977416992188,15077
2023-05-30,77.21285247802734,103.35005950927734,104.74803161621094,103.06048583984375,104.138916015625,14715
2023-05-31,78.92868041992188,105.646728515625,106.42559814453125,103.9491958618164,103.96916198730469,19920
2023-06-01,79.57408905029297,105.74658966064453,107.86351776123047,104.88783264160156,104.88783264160156,14135
2023-06-02,84.1576919555664,111.83775329589844,113.62515258789062,106.31575775146484,106.34571838378906,140579
2023-06-05,84.53338623046875,112.33702850341797,112.57667541503906,109.84064483642578,110.83919525146484,22068
2023-06-06,84.30046844482422,112.02747344970703,112.8363037109375,110.86915588378906,111.83775329589844,23255
2023-06-07,84.1351318359375,111.80779266357422,112.33702850341797,110.1302261352539,112.02747344970703,24407
2023-06-09,83.7819595336914,111.33847045898438,111.80779266357422,111.03890991210938,111.80779266357422,10636
2023-06-12,83.83457946777344,111.40837097167969,111.76785278320312,110.83919525146484,111.45829772949219,14103
2023-06-13,83.7819595336914,111.33847045898438,111.4383316040039,110.84918212890625,111.40837097167969,12844
2023-06-14,83.89469909667969,111.4882583618164,111.4882583618164,110.36988067626953,111.3185043334961,20694
2023-06-15,83.66926574707031,111.18869018554688,111.28854370117188,110.49968719482422,110.84918212890625,17005
2023-06-16,83.81954956054688,111.38839721679688,111.77783966064453,110.58956146240234,111.03890991210938,20483
2023-06-19,84.1576919555664,111.83775329589844,111.83775329589844,111.06886291503906,111.38839721679688,17387
2023-06-20,84.04496765136719,111.6879653930664,112.18724060058594,111.60808563232422,111.60808563232422,13834
2023-06-21,85.05937194824219,113.0360107421875,113.0360107421875,111.79780578613281,111.82776641845703,17528
2023-06-22,86.00614929199219,114.294189453125,114.83340454101562,112.63658905029297,113.1358642578125,14061
2023-06-23,86.41191101074219,114.83340454101562,114.83340454101562,113.00605773925781,114.32414245605469,10934
2023-06-26,87.26850128173828,115.97174835205078,116.73065185546875,113.35554504394531,114.83340454101562,15273
2023-06-27,87.4638671875,116.23137664794922,116.72066497802734,114.11444854736328,115.45250701904297,17887
2023-06-28,87.08815002441406,115.73210144042969,116.71067810058594,114.87334442138672,116.201416015625,9844
2023-06-29,87.71186065673828,116.56089782714844,116.58087158203125,114.56379699707031,115.86190795898438,10765
2023-06-30,88.38813781738281,117.4595947265625,121.21414947509766,115.18289947509766,116.0915756225586,21393
2023-07-03,88.60663604736328,116.97030639648438,117.32978057861328,113.83485412597656,116.63079833984375,37517
2023-07-04,89.25714874267578,117.82905578613281,118.51805877685547,116.38115692138672,116.97030639648438,14235
2023-07-05,88.50074005126953,116.83050537109375,118.42818450927734,116.75062561035156,117.82905578613281,17335
2023-07-06,88.30406188964844,116.57088470458984,118.00879669189453,115.90185546875,116.93035888671875,12397
2023-07-07,89.5597152709961,118.22847747802734,118.22847747802734,116.57088470458984,116.57088470458984,13520
2023-07-10,87.97127532958984,116.13152313232422,118.11863708496094,115.8519287109375,117.72920227050781,16884
2023-07-11,87.57034301757812,115.60228729248047,116.76060485839844,115.35265350341797,116.1514892578125,13105
2023-07-12,86.99547576904297,114.84339141845703,116.93035888671875,113.89476776123047,115.46249389648438,20703
2023-07-13,86.39790344238281,114.05453491210938,116.48101043701172,113.94469451904297,114.93325805664062,17870
2023-07-14,86.89713287353516,114.71357727050781,114.83340454101562,114.09447479248047,114.15438842773438,15343
2023-07-17,86.715576171875,114.47392272949219,114.83340454101562,114.24425506591797,114.78347778320312,14699
2023-07-18,86.7080307006836,114.46394348144531,115.50243377685547,114.06452178955078,114.6536636352539,26512
2023-07-19,86.75341033935547,114.52384948730469,115.06307220458984,114.294189453125,114.294189453125,10055
2023-07-20,87.47956085205078,115.48246002197266,115.48246002197266,114.6336898803711,114.6536636352539,8947
2023-07-21,88.50074005126953,116.83050537109375,117.8190689086914,115.24281311035156,115.24281311035156,8821
2023-07-24,88.33432006835938,116.61082458496094,117.98882293701172,116.33123016357422,116.83050537109375,9069
2023-07-25,87.75947570800781,115.8519287109375,117.7691421508789,115.8519287109375,116.66075134277344,13038
2023-07-26,88.87895965576172,117.32978057861328,117.32978057861328,115.9517822265625,116.47103118896484,12416
2023-07-27,88.84112548828125,117.27985382080078,117.79910278320312,115.83195495605469,117.27985382080078,13747
2023-07-28,89.17393493652344,117.7192153930664,118.32833099365234,116.88043212890625,117.27985382080078,10917
2023-07-31,88.8033218383789,117.22992706298828,118.52804565429688,116.93035888671875,117.21994018554688,22224
2023-08-01,88.71870422363281,116.33123016357422,117.21994018554688,113.0360107421875,116.43108367919922,73112
2023-08-02,89.78482818603516,117.72920227050781,118.82760620117188,116.33123016357422,116.47103118896484,23314
2023-08-03,90.23414611816406,118.31835174560547,118.52804565429688,117.22992706298828,117.72920227050781,16215
2023-08-04,90.32551574707031,118.43817138671875,118.72775268554688,116.83050537109375,118.31835174560547,24244
2023-08-07,90.62251281738281,118.82760620117188,118.82760620117188,118.00879669189453,118.33831787109375,15295
2023-08-08,90.69866943359375,118.9274673461914,119.09722137451172,118.32833099365234,118.82760620117188,8800
2023-08-09,91.07946014404297,119.42674255371094,119.60647583007812,118.64787292480469,118.9274673461914,11964
2023-08-10,90.21127319335938,118.28839111328125,119.59649658203125,118.00879669189453,119.36682891845703,15340
2023-08-11,90.66059112548828,118.8775405883789,119.42674255371094,117.72920227050781,119.25698852539062,30527
2023-08-14,90.11988067626953,118.16856384277344,119.31690216064453,117.72920227050781,118.8076400756836,20970
2023-08-15,90.08943939208984,118.12862396240234,119.28694152832031,117.67927551269531,118.8076400756836,18083
2023-08-16,87.69058990478516,114.98318481445312,118.62789916992188,114.05453491210938,118.16856384277344,63533
2023-08-17,89.41927337646484,117.2499008178711,117.40966796875,115.39259338378906,115.42254638671875,24449
2023-08-18,90.0208969116211,118.03874969482422,118.12862396240234,116.71067810058594,117.25988006591797,30856
2023-08-21,89.72388458251953,117.6493148803711,118.30836486816406,116.53093719482422,118.11863708496094,18892
2023-08-22,88.29981994628906,115.78202819824219,117.42963409423828,115.40258026123047,117.42963409423828,22430
2023-08-23,87.7210922241211,115.02312469482422,116.33123016357422,114.6336898803711,115.8419418334961,18638
2023-08-24,88.29222106933594,115.77204132080078,115.82196807861328,114.6436767578125,115.82196807861328,15211
2023-08-25,89.7010498046875,117.6193618774414,117.6193618774414,115.28275299072266,115.76205444335938,20975
2023-08-28,89.58682250976562,117.4695816040039,117.5594482421875,116.46104431152344,117.22992706298828,8609
2023-08-29,90.30266571044922,118.40821838378906,118.7577133178711,117.19996643066406,117.42963409423828,17350
2023-08-30,90.88143920898438,119.1671142578125,119.31690216064453,118.40821838378906,118.40821838378906,22066
2023-08-31,88.87098693847656,116.53093719482422,119.52659606933594,115.8918685913086,119.1072006225586,31412
2023-09-01,89.2458267211914,116.23137664794922,117.7691421508789,115.78202819824219,115.82196807861328,23578
2023-09-04,89.81319427490234,116.97030639648438,117.2499008178711,116.35120391845703,116.53093719482422,11430
2023-09-05,90.05087280273438,117.27985382080078,118.9274673461914,116.83050537109375,116.99027252197266,36946
2023-09-06,90.26598358154297,117.55999755859375,117.86000061035156,116.7699966430664,117.86000061035156,17221
2023-09-08,90.81114959716797,118.2699966430664,119.48999786376953,117.0999984741211,117.6500015258789,18857
2023-09-11,89.78221130371094,116.93000030517578,118.2699966430664,116.91999816894531,118.2699966430664,18888
2023-09-12,89.72080993652344,116.8499984741211,117.87000274658203,116.7699966430664,117.30999755859375,15324
2023-09-13,89.98956298828125,117.19999694824219,117.19999694824219,116.83999633789062,117.1500015258789,13514
2023-09-14,90.04329681396484,117.2699966430664,117.79000091552734,116.9000015258789,117.16000366210938,9880
2023-09-15,90.60382080078125,118.0,119.0,117.18000030517578,117.2699966430664,32538
2023-09-18,90.06633758544922,117.30000305175781,118.0,117.12999725341797,117.29000091552734,13103
2023-09-19,90.06633758544922,117.30000305175781,118.30000305175781,117.0199966430664,117.5199966430664,28578
2023-09-20,90.0970458984375,117.33999633789062,117.80000305175781,117.19999694824219,117.30999755859375,31000
2023-09-21,90.24292755126953,117.52999877929688,118.05000305175781,117.44000244140625,118.04000091552734,24012
2023-09-22,90.44258117675781,117.79000091552734,118.80000305175781,117.58000183105469,117.5999984741211,28617
2023-09-25,90.20455932617188,117.4800033569336,118.79000091552734,117.0999984741211,118.69000244140625,21625
2023-09-26,90.20455932617188,117.4800033569336,118.06999969482422,116.80000305175781,117.37000274658203,22495
2023-09-27,90.29669952392578,117.5999984741211,117.5999984741211,116.91000366210938,117.4800033569336,16953
2023-09-28,90.020263671875,117.23999786376953,118.97000122070312,117.19999694824219,117.58999633789062,35832
2023-09-29,91.13360595703125,118.69000244140625,118.87999725341797,117.19999694824219,117.33999633789062,20128
2023-10-02,91.5037841796875,118.37999725341797,122.0,116.38999938964844,117.88999938964844,121443
2023-10-03,91.80523681640625,118.7699966430664,118.94000244140625,115.79000091552734,118.37999725341797,62567
2023-10-04,90.48343658447266,117.05999755859375,118.7699966430664,116.54000091552734,118.62000274658203,17426
2023-10-05,90.81583404541016,117.48999786376953,117.63999938964844,116.6500015258789,117.13999938964844,20026
2023-10-06,91.21004486083984,118.0,118.0,116.9800033569336,117.4800033569336,15335
2023-10-09,90.34432983398438,116.87999725341797,117.83999633789062,116.51000213623047,117.0,27162
2023-10-10,89.74913787841797,116.11000061035156,116.98999786376953,115.91999816894531,116.6500015258789,14896
2023-10-11,91.17912292480469,117.95999908447266,117.95999908447266,116.16999816894531,116.5,14647
2023-10-13,91.24098205566406,118.04000091552734,118.06999969482422,117.02999877929688,117.80999755859375,16379
2023-10-16,91.21004486083984,118.0,118.06999969482422,117.0999984741211,118.04000091552734,21166
2023-10-17,91.26414489746094,118.06999969482422,118.06999969482422,117.58999633789062,118.0,10338
2023-10-18,90.99362182617188,117.72000122070312,118.06999969482422,117.52999877929688,118.06999969482422,11871
2023-10-19,90.22064208984375,116.72000122070312,118.0,115.51000213623047,118.0,27298
2023-10-20,91.25640869140625,118.05999755859375,118.06999969482422,116.72000122070312,117.06999969482422,26261
2023-10-23,91.01680755615234,117.75,118.75,116.30000305175781,117.86000061035156,39474
2023-10-24,90.56847381591797,117.16999816894531,117.80000305175781,117.0,117.75,14005
2023-10-25,90.29022216796875,116.80999755859375,118.3499984741211,116.7300033569336,117.20999908447266,18840
2023-10-26,88.99935913085938,115.13999938964844,117.4000015258789,114.36000061035156,116.83000183105469,30117
2023-10-27,89.3239974975586,115.55999755859375,116.54000091552734,114.80000305175781,115.19999694824219,20420
2023-10-30,89.59455108642578,115.91000366210938,116.18000030517578,115.41000366210938,115.55999755859375,11433
2023-10-31,90.66123962402344,117.29000091552734,117.62000274658203,115.41999816894531,115.73999786376953,13642
2023-11-01,90.33319854736328,116.0,119.0,114.80000305175781,116.41999816894531,41390
2023-11-03,91.22876739501953,117.1500015258789,117.44000244140625,116.20999908447266,116.95999908447266,13416
2023-11-06,91.80501556396484,117.88999938964844,118.87999725341797,116.0,117.1500015258789,27202
2023-11-07,91.40787506103516,117.37999725341797,118.0,116.45999908447266,117.88999938964844,26201
2023-11-08,91.02628326416016,116.88999938964844,117.36000061035156,116.41000366210938,116.98999786376953,40863
2023-11-09,90.34876251220703,116.0199966430664,117.2699966430664,116.0199966430664,116.88999938964844,22700
2023-11-10,90.53568267822266,116.26000213623047,116.56999969482422,115.63999938964844,116.30000305175781,23085
2023-11-13,91.10415649414062,116.98999786376953,117.23999786376953,115.7699966430664,116.19999694824219,33836
2023-11-14,90.96399688720703,116.80999755859375,116.95999908447266,116.30000305175781,116.83000183105469,19063
2023-11-16,90.72258758544922,116.5,116.98999786376953,116.0,116.80999755859375,106327
2023-11-17,90.63693237304688,116.38999938964844,116.88999938964844,115.7300033569336,116.5,21041
2023-11-20,90.35657501220703,116.02999877929688,116.75,115.51000213623047,116.38999938964844,30683
2023-11-21,90.09180450439453,115.69000244140625,117.3499984741211,115.5199966430664,116.02999877929688,59730
2023-11-22,90.01390838623047,115.58999633789062,116.29000091552734,115.12000274658203,115.75,26050
2023-11-23,89.47661590576172,114.9000015258789,115.9000015258789,114.5,115.58999633789062,32632
2023-11-24,89.43765258789062,114.8499984741211,115.52999877929688,114.36000061035156,114.9000015258789,18581
2023-11-27,88.72899627685547,113.94000244140625,115.5199966430664,113.12999725341797,114.8499984741211,41987
2023-11-28,88.3163070678711,113.41000366210938,114.5,113.4000015258789,113.83999633789062,27395
2023-11-29,88.19947814941406,113.26000213623047,114.80000305175781,112.80000305175781,113.41000366210938,33539
2023-11-30,88.41751861572266,113.54000091552734,114.25,113.0999984741211,113.5999984741211,36610
2023-12-01,87.88279724121094,111.95999908447266,114.0999984741211,111.12000274658203,112.69999694824219,65543
2023-12-04,88.18888092041016,112.3499984741211,112.9000015258789,111.12000274658203,112.0,32027
2023-12-05,88.24383544921875,112.41999816894531,113.0,112.19999694824219,112.51000213623047,18313
2023-12-06,88.44007110595703,112.66999816894531,113.72000122070312,112.44000244140625,112.58999633789062,21058
2023-12-07,87.90629577636719,111.98999786376953,113.38999938964844,111.98999786376953,112.81999969482422,32257
2023-12-08,89.8686752319336,114.48999786376953,115.48999786376953,112.05999755859375,112.3499984741211,32065
2023-12-11,89.32707214355469,113.80000305175781,114.83000183105469,113.27999877929688,114.41000366210938,15719
2023-12-12,88.32232666015625,112.5199966430664,114.72000122070312,112.5199966430664,114.0,18127
2023-12-13,88.5421142578125,112.80000305175781,113.23999786376953,112.16999816894531,112.51000213623047,18703
2023-12-14,87.44318389892578,111.4000015258789,113.19000244140625,111.27999877929688,112.79000091552734,52424
2023-12-15,87.9141616821289,112.0,112.58999633789062,111.61000061035156,111.61000061035156,45827
2023-12-18,90.22975158691406,114.94999694824219,114.94999694824219,111.94999694824219,112.05000305175781,57140
2023-12-19,89.23287200927734,113.68000030517578,114.7699966430664,113.13999938964844,114.55000305175781,40684
2023-12-20,89.3663101196289,113.8499984741211,115.4000015258789,113.44999694824219,113.87999725341797,81260
2023-12-21,90.34749603271484,115.0999984741211,115.73999786376953,114.37999725341797,114.8499984741211,53066
2023-12-22,92.14501190185547,117.38999938964844,118.0,115.44000244140625,115.69999694824219,50363
2023-12-26,93.07125854492188,118.56999969482422,118.9800033569336,117.56999969482422,117.8499984741211,40546
2023-12-27,90.92048645019531,115.83000183105469,119.79000091552734,115.3499984741211,118.5,252229
2023-12-28,92.52179718017578,117.87000274658203,119.77999877929688,115.83000183105469,116.5,36881
2024-01-02,92.90836334228516,117.45999908447266,119.4800033569336,116.97000122070312,116.97000122070312,32642
2024-01-03,94.24512481689453,119.1500015258789,119.25,117.55000305175781,117.62000274658203,18137
2024-01-04,93.68353271484375,118.44000244140625,119.3499984741211,118.05000305175781,119.1500015258789,27409
2024-01-05,94.41914367675781,119.37000274658203,119.38999938964844,118.45999908447266,118.45999908447266,25040
2024-01-08,93.88917541503906,118.69999694824219,119.9800033569336,118.56999969482422,119.37000274658203,36151
2024-01-09,93.95245361328125,118.77999877929688,119.66999816894531,118.04000091552734,118.69999694824219,29614
2024-01-10,93.77842712402344,118.55999755859375,119.18000030517578,118.0,118.77999877929688,23610
2024-01-11,93.65186309814453,118.4000015258789,118.79000091552734,117.26000213623047,118.55999755859375,22715
2024-01-12,93.73097229003906,118.5,119.48999786376953,117.80000305175781,118.4000015258789,37773
2024-01-15,94.04737854003906,118.9000015258789,119.30000305175781,118.05999755859375,118.51000213623047,36771
2024-01-16,93.96829986572266,118.80000305175781,118.86000061035156,118.20999908447266,118.83999633789062,58699
2024-01-17,93.94454956054688,118.7699966430664,118.87999725341797,118.19999694824219,118.87999725341797,30354
2024-01-18,94.3637924194336,119.30000305175781,119.4000015258789,118.5199966430664,118.77999877929688,24664
2024-01-19,94.22930145263672,119.12999725341797,119.69999694824219,118.5999984741211,118.5999984741211,34190
2024-01-22,94.00780487060547,118.8499984741211,119.66000366210938,118.8499984741211,119.19000244140625,26007
2024-01-23,94.04737854003906,118.9000015258789,119.68000030517578,118.63999938964844,119.19999694824219,31369
2024-01-24,94.17391967773438,119.05999755859375,119.38999938964844,118.66000366210938,119.01000213623047,31227
2024-01-25,93.85755157470703,118.66000366210938,119.43000030517578,118.66000366210938,119.16999816894531,25673
2024-01-26,94.12645721435547,119.0,119.27999877929688,118.69000244140625,118.72000122070312,37502
2024-01-29,94.28466796875,119.19999694824219,119.87999725341797,118.69999694824219,119.0,35252
2024-01-30,94.30047607421875,119.22000122070312,119.55000305175781,118.72000122070312,119.5,26046
2024-01-31,94.07110595703125,118.93000030517578,119.47000122070312,118.55999755859375,118.94000244140625,42082
2024-02-01,93.15220642089844,116.7300033569336,118.72000122070312,116.33000183105469,117.87000274658203,35523
2024-02-02,94.79611206054688,118.79000091552734,119.19999694824219,117.0,117.0199966430664,37955
2024-02-05,94.9796371459961,119.0199966430664,119.0199966430664,118.1500015258789,118.1500015258789,22826
2024-02-06,95.0434799194336,119.0999984741211,119.44999694824219,118.72000122070312,119.01000213623047,29307
2024-02-07,94.96366882324219,119.0,119.43000030517578,118.16000366210938,119.0999984741211,33020
2024-02-08,94.66045379638672,118.62000274658203,119.13999938964844,118.25,119.0999984741211,23188
2024-02-09,94.9796371459961,119.0199966430664,119.0199966430664,118.62999725341797,118.62999725341797,36429
2024-02-14,94.96366882324219,119.0,119.1500015258789,118.88999938964844,119.1500015258789,13309
2024-02-15,95.20311737060547,119.30000305175781,119.3499984741211,118.7699966430664,119.1500015258789,23097
2024-02-16,94.78813171386719,118.77999877929688,119.30000305175781,118.75,119.30000305175781,33163
2024-02-19,94.55669403076172,118.48999786376953,119.0,117.9000015258789,118.77999877929688,43302
2024-02-20,94.42903900146484,118.33000183105469,118.86000061035156,118.0,118.5999984741211,30988
2024-02-21,94.8838882446289,118.9000015258789,119.0999984741211,118.33000183105469,118.33000183105469,32083
2024-02-22,94.8838882446289,118.9000015258789,119.0999984741211,118.44999694824219,119.0999984741211,25363
2024-02-23,94.16567993164062,118.0,119.0,118.0,118.9000015258789,44086
2024-02-26,93.73712921142578,117.46298217773438,118.82105255126953,117.35314178466797,117.99223327636719,42333
2024-02-27,93.80885314941406,117.5528564453125,118.72119140625,117.33316802978516,117.65271759033203,36516
2024-02-28,93.36766815185547,117.0,119.4000015258789,117.0,117.72000122070312,88665
2024-02-29,94.04595947265625,117.8499984741211,118.5,117.13999938964844,117.19999694824219,43339
2024-03-01,94.30490112304688,117.27325439453125,118.78111267089844,116.79393768310547,117.1034927368164,48931
2024-03-04,94.97942352294922,118.112060546875,118.13203430175781,117.1034927368164,117.27325439453125,33100
2024-03-05,95.38896179199219,118.621337890625,118.77112579345703,117.68267059326172,118.1220474243164,20777
2024-03-06,95.18684387207031,118.37000274658203,119.0199966430664,118.0999984741211,118.6500015258789,45064
2024-03-07,95.2913818359375,118.5,118.93000030517578,118.0,118.37000274658203,27615
2024-03-08,95.68540954589844,118.98999786376953,119.0999984741211,117.68000030517578,118.5,47947
2024-03-11,95.32353973388672,118.54000091552734,119.2699966430664,118.1500015258789,118.98999786376953,27585
2024-03-12,94.88931274414062,118.0,118.88999938964844,117.69999694824219,118.54000091552734,34296
2024-03-13,95.13053131103516,118.30000305175781,118.4800033569336,117.91000366210938,118.45999908447266,19283
2024-03-14,94.96971130371094,118.0999984741211,118.69000244140625,118.0199966430664,118.5,27582
2024-03-15,95.50850677490234,118.7699966430664,119.0,118.05999755859375,118.44999694824219,28799
2024-03-18,95.16268920898438,118.33999633789062,118.94000244140625,118.0999984741211,118.76000213623047,30201
2024-03-19,95.12250518798828,118.29000091552734,118.69999694824219,118.25,118.36000061035156,32476
2024-03-20,94.85713958740234,117.95999908447266,118.41000366210938,116.80000305175781,118.27999877929688,75145
2024-03-21,93.67504119873047,116.48999786376953,117.97000122070312,115.98999786376953,117.38999938964844,86810
2024-03-22,94.43897247314453,117.44000244140625,117.45999908447266,115.94999694824219,116.5,62688
2024-03-25,94.47113800048828,117.4800033569336,118.08999633789062,117.43000030517578,117.44000244140625,30159
2024-03-26,94.88931274414062,118.0,118.06999969482422,117.33999633789062,117.9000015258789,35188
2024-03-27,95.07425689697266,118.2300033569336,118.27999877929688,117.70999908447266,118.13999938964844,26305
2024-03-28,95.8542709350586,119.19999694824219,119.31999969482422,118.2300033569336,118.27999877929688,35569
2024-04-01,95.7651596069336,118.19000244140625,118.75,116.98999786376953,118.30000305175781,46508
2024-04-02,95.05213165283203,117.30999755859375,118.12000274658203,117.0999984741211,117.91999816894531,20289
2024-04-03,96.29991912841797,118.8499984741211,119.0,117.75,117.98999786376953,21793
2024-04-04,95.90287780761719,118.36000061035156,119.87999725341797,118.19999694824219,118.8499984741211,24030
2024-04-05,95.77325439453125,118.19999694824219,119.30000305175781,118.0199966430664,118.86000061035156,35531
2024-04-08,96.21888732910156,118.75,119.12000274658203,118.0999984741211,118.44000244140625,26663
2024-04-09,95.79756164550781,118.2300033569336,119.02999877929688,118.22000122070312,118.75,19636
2024-04-10,96.10545349121094,118.61000061035156,118.88999938964844,118.2300033569336,118.2300033569336,18134
2024-04-11,96.17839813232422,118.69999694824219,118.75,118.37999725341797,118.69999694824219,18981
2024-04-12,96.53490447998047,119.13999938964844,119.26000213623047,118.58000183105469,119.0,27513
2024-04-15,95.77325439453125,118.19999694824219,119.0,118.1500015258789,119.0,38468
2024-04-16,95.83807373046875,118.27999877929688,118.27999877929688,117.0,118.0999984741211,37217
2024-04-17,95.34381866455078,117.66999816894531,118.27999877929688,117.0,118.27999877929688,22309
2024-04-18,94.79281616210938,116.98999786376953,117.33999633789062,116.05000305175781,117.19000244140625,25920
2024-04-19,94.71992492675781,116.9000015258789,117.48999786376953,116.30000305175781,116.80999755859375,35264
2024-04-22,93.4153823852539,115.29000091552734,116.0999984741211,115.05000305175781,116.0,61397
2024-04-23,93.26142883300781,115.0999984741211,115.77999877929688,114.5,115.33000183105469,37092
2024-04-24,92.81581115722656,114.55000305175781,115.51000213623047,114.01000213623047,115.0,31190
2024-04-25,92.0865478515625,113.6500015258789,114.5,113.26000213623047,114.37999725341797,34487
2024-04-26,92.75908660888672,114.4800033569336,115.38999938964844,113.70999908447266,113.83000183105469,29302
2024-04-29,93.51261901855469,115.41000366210938,115.9000015258789,114.05000305175781,114.4800033569336,39659
2024-04-30,93.85292053222656,115.83000183105469,116.0,115.25,115.25,25299
2024-05-02,93.37112426757812,114.33999633789062,115.58999633789062,113.97000122070312,115.0,33855
2024-05-03,94.39189910888672,115.58999633789062,115.79000091552734,114.33999633789062,114.33999633789062,24558
2024-05-06,94.31840515136719,115.5,115.97000122070312,115.44999694824219,115.5999984741211,25061
2024-05-07,94.19591522216797,115.3499984741211,115.95999908447266,114.44999694824219,115.5,25713
2024-05-08,94.87370300292969,116.18000030517578,116.19000244140625,115.0,115.04000091552734,31538
2024-05-09,95.05335998535156,116.4000015258789,116.4000015258789,115.9000015258789,116.18000030517578,23420
2024-05-10,95.77195739746094,117.27999877929688,117.5,115.5,116.23999786376953,40728
2024-05-13,95.67395782470703,117.16000366210938,117.79000091552734,116.55000305175781,117.4000015258789,30146
2024-05-14,95.1268310546875,116.48999786376953,117.69000244140625,116.31999969482422,117.16000366210938,19564
2024-05-15,95.2820053100586,116.68000030517578,116.94999694824219,116.19999694824219,116.48999786376953,21025
2024-05-16,94.56338500976562,115.80000305175781,116.63999938964844,114.94999694824219,115.5,34006
2024-05-17,95.11866760253906,116.4800033569336,116.4800033569336,115.36000061035156,115.70999908447266,30015
2024-05-20,95.95160675048828,117.5,117.5,116.1500015258789,116.4800033569336,27499
2024-05-21,95.62495422363281,117.0999984741211,117.4800033569336,116.44999694824219,117.0,17849
2024-05-22,95.24118041992188,116.62999725341797,117.33999633789062,116.41000366210938,117.33999633789062,22682
2024-05-23,94.05708312988281,115.18000030517578,116.55000305175781,114.58000183105469,116.02999877929688,26855
2024-05-24,95.54331970214844,117.0,117.5,115.19999694824219,115.5,33346
2024-05-27,94.80835723876953,116.0999984741211,117.05000305175781,116.01000213623047,117.0,24817
2024-05-28,94.11425018310547,115.25,116.31999969482422,114.0199966430664,116.0999984741211,33442
2024-05-29,93.8692626953125,114.94999694824219,116.69999694824219,114.7300033569336,115.2300033569336,44167
2024-05-31,94.80835723876953,116.0999984741211,116.9000015258789,115.23999786376953,115.23999786376953,28677
2024-06-03,95.260986328125,115.75,116.44000244140625,115.19999694824219,115.41999816894531,24344
2024-06-04,94.87419128417969,115.27999877929688,116.33000183105469,115.2300033569336,115.8499984741211,18690
2024-06-05,95.68895721435547,116.2699966430664,116.37999725341797,115.19000244140625,115.58000183105469,81306
2024-06-06,96.66007995605469,117.44999694824219,118.4000015258789,115.62000274658203,115.9000015258789,66633
2024-06-07,97.05510711669922,117.93000030517578,118.01000213623047,116.20999908447266,116.95999908447266,87866
2024-06-10,95.63959503173828,116.20999908447266,117.66999816894531,116.05999755859375,117.4800033569336,31603
2024-06-11,94.4380111694336,114.75,116.7699966430664,113.66000366210938,116.20999908447266,33611
2024-06-12,93.28582763671875,113.3499984741211,114.7300033569336,113.19999694824219,114.30000305175781,42371
2024-06-13,92.01020050048828,111.80000305175781,113.69999694824219,111.4000015258789,113.55000305175781,39828
2024-06-14,92.03489685058594,111.83000183105469,112.22000122070312,111.11000061035156,112.02999877929688,48887
2024-06-17,90.98966979980469,110.55999755859375,111.80000305175781,110.26000213623047,111.80000305175781,38312
2024-06-18,91.01436614990234,110.58999633789062,111.0,109.9000015258789,110.69999694824219,27106
2024-06-19,91.92790985107422,111.69999694824219,111.69999694824219,109.0,110.69000244140625,66149
2024-06-20,91.84558868408203,111.5999984741211,112.41000366210938,110.8499984741211,111.69999694824219,33994
2024-06-21,91.19544982910156,110.80999755859375,112.38999938964844,110.5,111.56999969482422,39142
2024-06-24,91.07200622558594,110.66000366210938,111.51000213623047,110.56999969482422,110.80999755859375,29725
2024-06-25,92.17479705810547,112.0,112.3499984741211,110.72000122070312,110.87999725341797,20406
2024-06-26,93.89482116699219,114.08999633789062,114.12000274658203,112.1500015258789,112.2300033569336,31349
2024-06-27,93.2611312866211,113.31999969482422,114.87999725341797,113.2300033569336,114.08999633789062,19459
2024-06-28,91.86204528808594,111.62000274658203,114.56999969482422,111.0,113.51000213623047,89745
2024-07-01,89.5140609741211,107.88999938964844,110.80000305175781,107.19999694824219,110.72000122070312,80212
2024-07-02,89.36473083496094,107.70999908447266,108.68000030517578,107.12000274658203,108.23999786376953,47407
2024-07-03,88.05381774902344,106.12999725341797,108.45999908447266,104.48999786376953,108.0999984741211,100019
2024-07-04,90.10314178466797,108.5999984741211,108.8499984741211,105.83999633789062,106.4000015258789,36875
2024-07-05,89.95378875732422,108.41999816894531,109.87000274658203,107.62999725341797,108.61000061035156,48432
2024-07-08,88.65119934082031,106.8499984741211,109.33999633789062,106.54000091552734,108.41999816894531,101461
2024-07-09,89.07432556152344,107.36000061035156,107.87000274658203,107.06999969482422,107.16000366210938,25403
2024-07-10,90.16120910644531,108.66999816894531,109.22000122070312,107.56999969482422,107.56999969482422,40548
2024-07-11,90.87474822998047,109.52999877929688,109.94000244140625,108.69999694824219,108.80000305175781,25745
2024-07-12,91.89523315429688,110.76000213623047,111.4000015258789,109.7699966430664,109.7699966430664,37391
2024-07-15,92.37648010253906,111.33999633789062,112.27999877929688,110.5999984741211,110.5999984741211,36293
2024-07-16,95.18907928466797,114.7300033569336,114.97000122070312,111.3499984741211,111.3499984741211,35771
2024-07-17,96.83184051513672,116.70999908447266,117.41999816894531,114.16999816894531,114.4000015258789,88081
2024-07-18,96.18468475341797,115.93000030517578,116.69000244140625,115.33000183105469,116.30000305175781,23746
2024-07-19,96.66590881347656,116.51000213623047,116.6500015258789,115.80999755859375,115.93000030517578,15576
2024-07-22,95.85282135009766,115.52999877929688,116.55999755859375,115.1500015258789,116.5199966430664,32757
2024-07-23,95.82791137695312,115.5,116.0,115.5,115.94000244140625,18600
2024-07-24,95.98556518554688,115.69000244140625,115.94999694824219,115.2300033569336,115.94999694824219,17057
2024-07-25,96.44189453125,116.23999786376953,117.47000122070312,114.0,115.69000244140625,37295
2024-07-26,96.74887084960938,116.61000061035156,117.73999786376953,115.91000366210938,115.91000366210938,27474
2024-07-29,95.9606704711914,115.66000366210938,117.25,114.33999633789062,116.9800033569336,40857
2024-07-30,96.55804443359375,116.37999725341797,116.91999816894531,115.33999633789062,116.41000366210938,39663
2024-07-31,95.65367889404297,115.29000091552734,117.69999694824219,115.1500015258789,116.77999877929688,28878
2024-08-01,94.96800994873047,113.56999969482422,115.68000030517578,113.01000213623047,115.29000091552734,51290
2024-08-02,93.42939758300781,111.7300033569336,114.16000366210938,110.0,114.04000091552734,117559
2024-08-05,93.237060546875,111.5,112.11000061035156,109.7300033569336,110.51000213623047,32161
2024-08-06,93.06982421875,111.30000305175781,112.47000122070312,111.16999816894531,111.5999984741211,27210
2024-08-07,93.59663391113281,111.93000030517578,112.58000183105469,111.48999786376953,111.66000366210938,19397
2024-08-08,92.24197387695312,110.30999755859375,113.55999755859375,110.01000213623047,112.08999633789062,84346
2024-08-09,93.40431213378906,111.69999694824219,113.0,110.47000122070312,110.48999786376953,61133
2024-08-12,93.81403350830078,112.19000244140625,112.66999816894531,111.69999694824219,111.83000183105469,21132
2024-08-13,93.88929748535156,112.27999877929688,113.80999755859375,111.79000091552734,112.19000244140625,27508
2024-08-14,94.02308654785156,112.44000244140625,113.44000244140625,111.91000366210938,112.27999877929688,30833
2024-08-15,94.29903411865234,112.7699966430664,113.12000274658203,112.22000122070312,112.97000122070312,30126
2024-08-16,94.84258270263672,113.41999816894531,113.9000015258789,112.76000213623047,112.7699966430664,31804
2024-08-19,94.85094451904297,113.43000030517578,114.44999694824219,112.72000122070312,113.43000030517578,35715
2024-08-20,94.49974822998047,113.01000213623047,113.98999786376953,112.80000305175781,113.98999786376953,48015
2024-08-21,94.47464752197266,112.9800033569336,113.87000274658203,112.5,113.4000015258789,30634
2024-08-22,94.15689849853516,112.5999984741211,113.33000183105469,112.27999877929688,112.98999786376953,42000
2024-08-23,94.21540832519531,112.66999816894531,112.94000244140625,112.43000030517578,112.6500015258789,34299
2024-08-26,93.94782257080078,112.3499984741211,112.88999938964844,112.16000366210938,112.63999938964844,35953
2024-08-27,93.57990264892578,111.91000366210938,112.69999694824219,111.76000213623047,112.4800033569336,38127
2024-08-28,93.27887725830078,111.55000305175781,112.30000305175781,111.30000305175781,112.0,40521
2024-08-29,93.37084197998047,111.66000366210938,112.37999725341797,111.4000015258789,111.69999694824219,47757
2024-08-30,93.31231689453125,111.58999633789062,112.79000091552734,111.2300033569336,112.0,61206
2024-09-02,92.19954681396484,109.37000274658203,109.88999938964844,108.83999633789062,109.44000244140625,94165
2024-09-03,92.62103271484375,109.87000274658203,110.27999877929688,109.51000213623047,109.88999938964844,42325
2024-09-04,92.38501739501953,109.58999633789062,110.26000213623047,109.5,109.98999786376953,33881
2024-09-05,92.67161560058594,109.93000030517578,109.97000122070312,109.55000305175781,109.75,22413
2024-09-06,92.87396240234375,110.16999816894531,110.27999877929688,109.80999755859375,110.0,40216
2024-09-09,92.44403076171875,109.66000366210938,110.29000091552734,109.5,110.26000213623047,31848
2024-09-10,93.8349838256836,111.30999755859375,111.91000366210938,109.51000213623047,109.80000305175781,102199
2024-09-11,93.44718170166016,110.8499984741211,111.29000091552734,110.0999984741211,111.20999908447266,31868
2024-09-12,92.8318099975586,110.12000274658203,110.9000015258789,110.12000274658203,110.8499984741211,24488
2024-09-13,93.43032836914062,110.83000183105469,111.0,110.0199966430664,110.12000274658203,41492
2024-09-16,92.8233642578125,110.11000061035156,110.8499984741211,110.08999633789062,110.83999633789062,36005
2024-09-17,92.89925384521484,110.19999694824219,110.66999816894531,109.83999633789062,110.22000122070312,43185
2024-09-18,92.27540588378906,109.45999908447266,110.11000061035156,109.02999877929688,110.0,45131
2024-09-19,92.29228210449219,109.4800033569336,110.0,109.05000305175781,110.0,31274
2024-09-20,91.97193908691406,109.0999984741211,109.4800033569336,109.0,109.4800033569336,26925
2024-09-23,90.95188903808594,107.88999938964844,109.66000366210938,107.05999755859375,109.1500015258789,39955
2024-09-24,91.03620147705078,107.98999786376953,108.98999786376953,107.30000305175781,107.87999725341797,29683
2024-09-25,90.54724884033203,107.41000366210938,108.41999816894531,107.0,108.36000061035156,22415
2024-09-26,91.38182067871094,108.4000015258789,108.47000122070312,107.48999786376953,107.62999725341797,26864
2024-09-27,91.27223205566406,108.2699966430664,109.13999938964844,107.5999984741211,108.4000015258789,39938
2024-09-30,91.21321868896484,108.19999694824219,108.9000015258789,108.16999816894531,108.37000274658203,29489
2024-10-01,90.2107925415039,106.19000244140625,107.25,105.58000183105469,106.88999938964844,33679
2024-10-02,91.07730102539062,107.20999908447266,109.0,106.22000122070312,106.36000061035156,103144
2024-10-03,90.88192749023438,106.9800033569336,107.0999984741211,105.48999786376953,107.0999984741211,48966
2024-10-04,90.36370849609375,106.37000274658203,106.70999908447266,106.05000305175781,106.41000366210938,30263
2024-10-07,90.85643768310547,106.94999694824219,106.98999786376953,106.0999984741211,106.37000274658203,41655
2024-10-08,90.22779083251953,106.20999908447266,106.55999755859375,106.08000183105469,106.22000122070312,41446
2024-10-09,88.77510833740234,104.5,106.5,103.5999984741211,106.19999694824219,41957
2024-10-10,87.90009307861328,103.47000122070312,104.5,101.4000015258789,104.5,62239
2024-10-11,88.65615844726562,104.36000061035156,105.5999984741211,102.61000061035156,103.0,36008
2024-10-14,89.49720001220703,105.3499984741211,107.9000015258789,103.2300033569336,104.36000061035156,64482
2024-10-15,89.9729232788086,105.91000366210938,106.27999877929688,105.3499984741211,105.91000366210938,26189
2024-10-16,89.59063720703125,105.45999908447266,106.4000015258789,104.66000366210938,105.91000366210938,28841
2024-10-17,89.48019409179688,105.33000183105469,106.08000183105469,104.58000183105469,105.45999908447266,41612
2024-10-18,89.58214569091797,105.44999694824219,105.95999908447266,104.81999969482422,105.33000183105469,23363
2024-10-21,88.3333511352539,103.9800033569336,105.44999694824219,103.80000305175781,105.4000015258789,30957
2024-10-22,86.65129089355469,102.0,104.11000061035156,101.62999725341797,103.9800033569336,36883
2024-10-23,85.75080108642578,100.94000244140625,102.9000015258789,100.12999725341797,102.9000015258789,35720
2024-10-24,85.8017807006836,101.0,102.0,100.02999877929688,101.91000366210938,34738
2024-10-25,86.38794708251953,101.69000244140625,102.41999816894531,100.3499984741211,101.0,30321
2024-10-28,86.57483673095703,101.91000366210938,104.8499984741211,101.11000061035156,101.69999694824219,49734
2024-10-29,88.01053619384766,103.5999984741211,104.30000305175781,101.91000366210938,101.91000366210938,24917
2024-10-30,87.6877212524414,103.22000122070312,104.29000091552734,102.9000015258789,103.0199966430664,32532
2024-10-31,87.50082397460938,103.0,103.66999816894531,102.0,103.1500015258789,26354
2024-11-01,85.89929962158203,100.30000305175781,102.26000213623047,99.55000305175781,101.9000015258789,45216
2024-11-04,86.92701721191406,101.5,102.8499984741211,100.30000305175781,100.37000274658203,54817
2024-11-05,85.83078002929688,100.22000122070312,101.95999908447266,100.06999969482422,101.5,33060
2024-11-06,85.71944427490234,100.08999633789062,100.1500015258789,99.5,100.0,26875
2024-11-07,85.5653076171875,99.91000366210938,100.1500015258789,99.61000061035156,100.08999633789062,33701
2024-11-08,85.77082824707031,100.1500015258789,100.1500015258789,99.5999984741211,99.91000366210938,43187
2024-11-11,85.04288482666016,99.30000305175781,100.47000122070312,99.30000305175781,100.1500015258789,35285
2024-11-12,85.00862884521484,99.26000213623047,99.94999694824219,98.16000366210938,99.30000305175781,33380
2024-11-13,85.20561218261719,99.48999786376953,99.5199966430664,98.52999877929688,98.87999725341797,23259
2024-11-14,85.42826843261719,99.75,101.51000213623047,99.05000305175781,99.4800033569336,40810
2024-11-18,86.06201934814453,100.48999786376953,103.02999877929688,99.70999908447266,99.75,42928
2024-11-19,86.75572967529297,101.30000305175781,101.98999786376953,100.48999786376953,100.48999786376953,24232
2024-11-21,86.41317749023438,100.9000015258789,102.18000030517578,100.83000183105469,101.30000305175781,27968
2024-11-22,86.48165893554688,100.9800033569336,101.63999938964844,100.05000305175781,100.9000015258789,50408
2024-11-25,87.26959991455078,101.9000015258789,101.9000015258789,100.41999816894531,101.0,32105
2024-11-26,86.07916259765625,100.51000213623047,102.16999816894531,100.13999938964844,100.95999908447266,49728
2024-11-27,85.60812377929688,99.95999908447266,102.0,99.11000061035156,100.51000213623047,33756
2024-11-28,84.59752655029297,98.77999877929688,100.3499984741211,98.61000061035156,99.80000305175781,32339
2024-11-29,83.52702331542969,97.52999877929688,98.97000122070312,96.19999694824219,98.77999877929688,48814
2024-12-02,81.3761978149414,94.20999908447266,97.4800033569336,94.0,97.0,45403
2024-12-03,80.45197296142578,93.13999938964844,93.9000015258789,91.8499984741211,93.9000015258789,77363
2024-12-04,79.20813751220703,91.69999694824219,93.80000305175781,91.0999984741211,93.13999938964844,38349
2024-12-05,77.16099548339844,89.33000183105469,93.45999908447266,88.0999984741211,91.69999694824219,56985
2024-12-06,78.14571380615234,90.47000122070312,94.81999969482422,89.33000183105469,89.33000183105469,58189
2024-12-09,79.02674102783203,91.48999786376953,93.01000213623047,90.58000183105469,90.58000183105469,36636
2024-12-10,78.64668273925781,91.05000305175781,92.9800033569336,91.05000305175781,91.5,35959
2024-12-11,78.90581512451172,91.3499984741211,92.19000244140625,90.4800033569336,91.05000305175781,29916
2024-12-12,79.76095581054688,92.33999633789062,93.80000305175781,91.3499984741211,91.3499984741211,32145
2024-12-13,78.98356628417969,91.44000244140625,96.19999694824219,90.73999786376953,92.33000183105469,49104
2024-12-16,78.60350036621094,91.0,92.5999984741211,90.55999755859375,91.98999786376953,50019
2024-12-17,77.2301025390625,89.41000366210938,91.80999755859375,89.05999755859375,91.0,54393
2024-12-18,76.53044891357422,88.5999984741211,90.4800033569336,88.0,89.41000366210938,55881
2024-12-19,76.582275390625,88.66000366210938,89.87999725341797,88.0,88.5999984741211,46338
2024-12-20,80.76293182373047,93.5,94.80000305175781,88.66000366210938,88.66000366210938,43917
2024-12-23,82.7928237915039,95.8499984741211,97.80000305175781,93.44000244140625,93.44999694824219,39901
2024-12-26,82.74961853027344,95.80000305175781,98.37000274658203,95.52999877929688,95.9000015258789,34156
2024-12-27,83.95890808105469,97.19999694824219,97.73999786376953,96.25,96.25,21985
2024-12-30,83.88114929199219,97.11000061035156,98.5,96.93000030517578,97.52999877929688,37697
2025-01-02,84.85693359375,97.4000015258789,97.63999938964844,95.29000091552734,96.0999984741211,39885
2025-01-03,84.29061889648438,96.75,98.0,95.5999984741211,97.69999694824219,35716
2025-01-06,83.75048065185547,96.12999725341797,97.83999633789062,95.05000305175781,96.75,27710
2025-01-07,85.1705551147461,97.76000213623047,98.87000274658203,96.01000213623047,96.01000213623047,31657
2025-01-08,84.70882415771484,97.2300033569336,98.66999816894531,96.0,97.8499984741211,27679
2025-01-09,82.94895935058594,95.20999908447266,97.7699966430664,95.20999908447266,97.19999694824219,29165
2025-01-10,83.63721466064453,96.0,96.0,93.04000091552734,95.20999908447266,33721
2025-01-13,84.36905670166016,96.83999633789062,97.93000030517578,95.22000122070312,96.0,53552
2025-01-14,83.68949127197266,96.05999755859375,97.47000122070312,95.54000091552734,96.83999633789062,18247
2025-01-15,84.30805206298828,96.7699966430664,97.36000061035156,94.75,96.05999755859375,32854
2025-01-16,82.06901550292969,94.19999694824219,96.72000122070312,94.06999969482422,96.70999908447266,37972
2025-01-17,82.14743041992188,94.29000091552734,94.36000061035156,90.83000183105469,93.55999755859375,49080
2025-01-20,81.15424346923828,93.1500015258789,94.19000244140625,92.5999984741211,93.83000183105469,24895
2025-01-21,77.92201232910156,89.44000244140625,93.47000122070312,89.27999877929688,93.18000030517578,73477
2025-01-22,79.53377532958984,91.29000091552734,92.2699966430664,88.69999694824219,89.66000366210938,39501
2025-01-23,78.84550476074219,90.5,91.69999694824219,89.01000213623047,91.30000305175781,33281
2025-01-24,78.06141662597656,89.5999984741211,91.44000244140625,89.31999969482422,90.5,29525
2025-01-27,78.23563385009766,89.80000305175781,90.44999694824219,88.51000213623047,89.61000061035156,39227
2025-01-28,77.97428894042969,89.5,90.44999694824219,88.44000244140625,89.80000305175781,35144
2025-01-29,77.24246215820312,88.66000366210938,90.31999969482422,88.4000015258789,89.5,29389
2025-01-30,77.39928436279297,88.83999633789062,89.48999786376953,88.4800033569336,88.69999694824219,28233
2025-01-31,79.95194244384766,91.7699966430664,91.86000061035156,89.08000183105469,89.7300033569336,40832
2025-02-03,79.12554168701172,90.0,90.91999816894531,89.29000091552734,90.91999816894531,36109
2025-02-04,77.89470672607422,88.5999984741211,91.97000122070312,88.05000305175781,90.0,177442
2025-02-05,77.36717987060547,88.0,89.08000183105469,88.0,89.0,38587
2025-02-06,78.211181640625,88.95999908447266,89.37000274658203,88.0,88.0,27078
2025-02-07,79.53875732421875,90.47000122070312,90.81999969482422,88.93000030517578,88.95999908447266,34723
2025-02-10,78.13206481933594,88.87000274658203,92.29000091552734,88.69000244140625,90.47000122070312,41390
2025-02-11,79.17828369140625,90.05999755859375,90.98999786376953,88.93000030517578,88.94999694824219,19184
2025-02-12,79.31896209716797,90.22000122070312,90.88999938964844,90.05000305175781,90.05999755859375,21467
2025-02-13,80.13658905029297,91.1500015258789,91.97000122070312,90.22000122070312,90.22000122070312,23620
2025-02-14,81.15640258789062,92.30999755859375,92.5999984741211,91.0999984741211,91.1500015258789,28894
2025-02-17,82.29934692382812,93.61000061035156,94.33000183105469,92.30999755859375,93.04000091552734,30410
2025-02-18,81.76304626464844,93.0,94.7699966430664,92.1500015258789,93.5999984741211,33283
2025-02-19,81.98284912109375,93.25,94.69999694824219,93.01000213623047,93.29000091552734,23056
2025-02-20,81.78941345214844,93.02999877929688,94.0,92.75,93.25,35384
2025-02-21,85.83362579345703,97.62999725341797,97.87000274658203,93.41999816894531,93.88999938964844,41522
2025-02-24,86.55455017089844,98.44999694824219,99.47000122070312,96.52999877929688,96.9000015258789,31916
2025-02-25,87.03807830810547,99.0,99.56999969482422,98.30000305175781,98.44999694824219,21028
2025-02-26,86.88862609863281,98.83000183105469,100.36000061035156,98.68000030517578,99.02999877929688,28538
2025-02-27,86.33476257324219,98.19999694824219,99.94999694824219,98.0199966430664,98.83000183105469,26804
2025-02-28,85.68416595458984,97.45999908447266,99.6500015258789,96.7699966430664,99.19000244140625,41962
2025-03-05,86.06546020507812,97.05999755859375,97.87999725341797,95.16000366210938,96.62999725341797,12842
2025-03-06,86.67729187011719,97.75,98.44999694824219,95.05000305175781,97.48999786376953,36779
2025-03-07,86.96105194091797,98.06999969482422,99.56999969482422,97.0199966430664,97.0199966430664,30462
2025-03-10,87.51966094970703,98.69999694824219,99.30000305175781,97.5199966430664,98.06999969482422,21758
2025-03-11,85.98564147949219,96.97000122070312,99.5,96.4000015258789,97.98999786376953,53039
2025-03-12,86.25167083740234,97.2699966430664,97.98999786376953,96.73999786376953,96.97000122070312,16097
2025-03-13,86.64180755615234,97.70999908447266,98.1500015258789,97.37999725341797,97.55999755859375,14419
2025-03-14,87.15612030029297,98.29000091552734,99.29000091552734,97.70999908447266,97.70999908447266,20311
2025-03-17,88.44186401367188,99.73999786376953,100.0,98.29000091552734,98.29000091552734,16575
2025-03-18,88.98278045654297,100.3499984741211,101.19999694824219,99.72000122070312,99.73999786376953,19338
2025-03-19,89.80742645263672,101.27999877929688,101.69999694824219,100.94000244140625,101.5999984741211,21687
2025-03-20,89.5502700805664,100.98999786376953,101.4800033569336,100.37000274658203,101.27999877929688,26667
2025-03-21,90.20646667480469,101.7300033569336,102.51000213623047,100.5999984741211,100.98999786376953,25116
2025-03-24,90.17984771728516,101.69999694824219,102.62000274658203,100.98999786376953,101.01000213623047,20107
2025-03-25,90.34832763671875,101.88999938964844,103.0,101.01000213623047,101.52999877929688,23375
2025-03-26,90.0202407836914,101.5199966430664,102.94999694824219,100.51000213623047,102.0,27338
2025-03-27,91.62521362304688,103.33000183105469,103.37999725341797,101.51000213623047,101.51000213623047,25895
2025-03-28,93.150390625,105.05000305175781,105.62999725341797,103.26000213623047,103.3499984741211,26169
2025-03-31,92.5739974975586,104.4000015258789,105.88999938964844,103.08000183105469,105.02999877929688,25353
2025-04-01,90.74308013916016,101.5999984741211,102.5,100.80000305175781,101.58999633789062,27580
2025-04-02,89.75167846679688,100.48999786376953,102.48999786376953,99.61000061035156,101.88999938964844,24067
2025-04-03,89.90353393554688,100.66000366210938,101.5,99.5999984741211,100.5,23425
2025-04-04,88.6799087524414,99.29000091552734,100.5,98.6500015258789,100.0999984741211,27632
2025-04-07,87.61707305908203,98.0999984741211,98.87999725341797,95.05999755859375,98.87999725341797,33129
2025-04-08,87.61707305908203,98.0999984741211,98.88999938964844,97.58000183105469,98.1500015258789,19642
2025-04-09,87.14371490478516,97.56999969482422,97.9000015258789,95.58999633789062,97.5999984741211,31644
2025-04-10,86.5453109741211,96.9000015258789,97.86000061035156,96.41000366210938,97.76000213623047,22739
2025-04-11,86.49171447753906,96.83999633789062,97.54000091552734,95.98999786376953,96.87000274658203,23873
2025-04-14,87.10797882080078,97.52999877929688,97.9000015258789,96.91000366210938,97.0,24598
2025-04-15,87.75104522705078,98.25,98.56999969482422,97.58999633789062,97.9000015258789,21327
2025-04-16,88.17083740234375,98.72000122070312,99.2699966430664,98.18000030517578,98.25,16125
2025-04-17,89.9124526977539,100.66999816894531,100.69000244140625,98.5999984741211,98.72000122070312,17561
2025-04-22,90.47512817382812,101.30000305175781,102.0,100.33000183105469,100.5999984741211,20881
2025-04-23,90.43046569824219,101.25,102.18000030517578,101.05000305175781,101.30000305175781,18957
2025-04-24,90.81451416015625,101.68000030517578,102.16000366210938,101.19999694824219,101.25,14237
2025-04-25,91.66300964355469,102.62999725341797,103.25,101.69999694824219,101.69999694824219,17811
2025-04-28,90.68949127197266,101.54000091552734,103.23999786376953,100.44000244140625,102.56999969482422,40726
2025-04-29,91.26110076904297,102.18000030517578,102.5,101.30000305175781,101.41999816894531,22921
2025-04-30,91.85057067871094,102.83999633789062,103.05999755859375,101.91999816894531,102.19999694824219,16191
2025-05-02,92.2104263305664,102.48999786376953,103.4000015258789,101.69999694824219,102.44999694824219,21377
2025-05-05,91.7785873413086,102.01000213623047,103.4800033569336,101.12000274658203,103.47000122070312,24797
2025-05-06,91.40970611572266,101.5999984741211,102.95999908447266,100.80000305175781,101.55000305175781,22453
2025-05-07,90.75293731689453,100.87000274658203,102.0999984741211,99.98999786376953,101.80000305175781,26556
2025-05-08,90.84290313720703,100.97000122070312,101.25,100.22000122070312,100.7699966430664,14227
2025-05-09,90.76192474365234,100.87999725341797,100.9000015258789,99.30999755859375,100.6500015258789,32118
2025-05-12,90.25808715820312,100.31999969482422,101.16999816894531,99.52999877929688,100.87999725341797,30279
2025-05-13,91.76958465576172,102.0,102.18000030517578,100.0199966430664,100.11000061035156,29714
2025-05-14,90.92386627197266,101.05999755859375,102.36000061035156,101.05000305175781,101.98999786376953,15138
2025-05-15,91.22976684570312,101.4000015258789,102.12999725341797,101.05999755859375,101.06999969482422,19687
2025-05-16,92.62431335449219,102.94999694824219,103.5,101.69000244140625,102.0,27579
2025-05-19,92.75926208496094,103.0999984741211,103.37000274658203,102.33999633789062,102.55000305175781,18738
2025-05-20,92.55233001708984,102.87000274658203,103.0999984741211,102.3499984741211,102.80000305175781,15360
2025-05-21,92.33639526367188,102.62999725341797,103.16000366210938,102.30999755859375,102.87000274658203,9645
2025-05-22,92.03050994873047,102.29000091552734,103.0,101.52999877929688,102.62999725341797,14734
2025-05-23,92.37238311767578,102.66999816894531,102.87000274658203,101.6500015258789,102.30000305175781,17584
2025-05-26,92.03949737548828,102.30000305175781,102.69000244140625,100.80999755859375,102.66999816894531,23742
2025-05-27,91.15778350830078,101.31999969482422,101.97000122070312,100.93000030517578,101.97000122070312,29412
2025-05-28,91.49068450927734,101.69000244140625,101.75,100.33000183105469,101.75,31582
2025-05-29,91.39170837402344,101.58000183105469,101.7300033569336,100.41999816894531,101.5,29656
2025-05-30,91.39170837402344,101.58000183105469,101.87999725341797,100.58000183105469,101.41999816894531,34242
2025-06-02,92.33436584472656,101.87000274658203,102.0,100.30000305175781,101.2300033569336,34808
2025-06-03,91.76333618164062,101.23999786376953,101.88999938964844,100.12000274658203,101.0,61795
2025-06-04,91.25576782226562,100.68000030517578,101.23999786376953,100.2699966430664,101.19999694824219,20143
2025-06-05,91.09259796142578,100.5,101.37000274658203,100.36000061035156,100.69999694824219,18819
2025-06-06,91.5457992553711,101.0,101.7300033569336,100.41000366210938,100.5199966430664,33903
2025-06-09,91.7270736694336,101.19999694824219,101.58999633789062,99.63999938964844,100.88999938964844,32724
2025-06-10,90.83881378173828,100.22000122070312,101.37000274658203,99.0199966430664,100.58000183105469,27007
2025-06-11,90.64847564697266,100.01000213623047,100.69000244140625,99.80999755859375,100.68000030517578,14187
2025-06-12,90.41281127929688,99.75,100.30000305175781,99.12000274658203,100.0,15410
2025-06-13,90.88412475585938,100.2699966430664,101.19999694824219,99.69000244140625,99.75,20046
2025-06-16,91.09259796142578,100.5,101.5,99.7699966430664,99.7699966430664,19641
2025-06-17,91.75425720214844,101.2300033569336,101.97000122070312,100.25,100.33000183105469,15781
2025-06-18,92.20747375488281,101.7300033569336,101.93000030517578,100.58000183105469,101.2300033569336,12029
2025-06-20,91.96275329589844,101.45999908447266,101.73999786376953,100.38999938964844,101.72000122070312,14307
2025-06-23,90.73004150390625,100.0999984741211,101.88999938964844,99.7699966430664,101.5,24878
2025-06-24,91.3645248413086,100.80000305175781,101.44000244140625,100.0999984741211,100.0999984741211,21298
2025-06-25,91.59110260009766,101.05000305175781,101.30000305175781,100.08000183105469,100.7699966430664,18620
2025-06-26,91.53673553466797,100.98999786376953,101.26000213623047,100.30999755859375,100.72000122070312,32274
2025-06-27,91.99898529052734,101.5,101.69000244140625,100.80999755859375,101.44000244140625,34349
2025-06-30,93.22262573242188,102.8499984741211,103.86000061035156,100.70999908447266,101.5,38340
2025-07-01,91.91696166992188,100.66999816894531,101.98999786376953,100.5999984741211,101.98999786376953,33380
2025-07-02,91.0586929321289,99.7300033569336,100.95999908447266,99.33000183105469,100.58999633789062,58312
2025-07-03,92.14521789550781,100.91999816894531,101.26000213623047,100.04000091552734,100.19000244140625,15906
2025-07-04,93.13131713867188,102.0,102.5,100.9800033569336,101.0199966430664,16463
2025-07-07,94.09002685546875,103.05000305175781,103.4000015258789,102.0,102.0,28750
2025-07-08,94.77482604980469,103.80000305175781,104.80000305175781,102.5,102.5,20512
2025-07-09,99.88790893554688,109.4000015258789,110.4000015258789,105.30000305175781,105.30000305175781,72952
2025-07-10,97.69658660888672,107.0,107.98999786376953,105.4000015258789,107.98999786376953,40919
2025-07-11,95.32263946533203,104.4000015258789,106.69999694824219,103.52999877929688,106.44999694824219,32960
2025-07-14,95.66960144042969,104.77999877929688,106.4800033569336,103.58999633789062,104.36000061035156,21627
2025-07-15,95.057861328125,104.11000061035156,105.81999969482422,103.80000305175781,104.83000183105469,23339
2025-07-16,95.32263946533203,104.4000015258789,105.13999938964844,103.80000305175781,103.83000183105469,21106
2025-07-17,95.07612609863281,104.12999725341797,104.83000183105469,103.6500015258789,104.58999633789062,18213
2025-07-18,95.01221466064453,104.05999755859375,104.68000030517578,103.61000061035156,103.61000061035156,19156
2025-07-21,94.70176696777344,103.72000122070312,105.1500015258789,103.52999877929688,103.91000366210938,36445
2025-07-22,95.58744049072266,104.69000244140625,105.26000213623047,103.98999786376953,104.76000213623047,30917
2025-07-23,95.40481567382812,104.48999786376953,105.45999908447266,103.75,104.98999786376953,24878
2025-07-24,95.16741943359375,104.2300033569336,104.81999969482422,103.80000305175781,104.48999786376953,18795
2025-07-25,95.3865737915039,104.47000122070312,104.83999633789062,103.55000305175781,104.83999633789062,20490
2025-07-28,94.91178894042969,103.94999694824219,104.83999633789062,103.80000305175781,104.47000122070312,22512
2025-07-29,92.76610565185547,101.5999984741211,104.43000030517578,101.5199966430664,104.0199966430664,35549
2025-07-30,93.29568481445312,102.18000030517578,102.79000091552734,100.5999984741211,102.01000213623047,16960
2025-07-31,93.33219909667969,102.22000122070312,103.1500015258789,101.63999938964844,101.63999938964844,17650
2025-08-01,94.34395599365234,102.56999969482422,103.73999786376953,101.68000030517578,102.47000122070312,36095
2025-08-04,92.8539047241211,100.94999694824219,102.56999969482422,100.5199966430664,102.44999694824219,53668
2025-08-05,92.6975326538086,100.77999877929688,101.83000183105469,100.05999755859375,101.19999694824219,16360
2025-08-06,92.2008285522461,100.23999786376953,101.5999984741211,100.19999694824219,100.79000091552734,19240
2025-08-07,93.1114501953125,101.2300033569336,101.48999786376953,100.29000091552734,101.16000366210938,13237
2025-08-08,95.16259765625,103.45999908447266,103.83999633789062,101.0199966430664,101.4000015258789,39868
2025-08-11,95.37416076660156,103.69000244140625,104.79000091552734,103.04000091552734,103.45999908447266,34691
2025-08-12,93.6173324584961,101.77999877929688,104.19999694824219,101.72000122070312,104.0,24759
2025-08-13,92.56877136230469,100.63999938964844,101.95999908447266,100.12999725341797,101.9000015258789,42533
2025-08-14,93.3965835571289,101.54000091552734,101.69000244140625,100.58000183105469,100.63999938964844,19518
2025-08-15,94.31639099121094,102.54000091552734,102.68000030517578,100.83000183105469,100.83000183105469,18803
2025-08-18,93.8196792602539,102.0,102.9000015258789,101.4800033569336,102.9000015258789,18101
2025-08-19,94.51874542236328,102.76000213623047,103.0999984741211,101.58999633789062,102.33999633789062,35420
2025-08-20,94.03124237060547,102.2300033569336,102.76000213623047,101.68000030517578,102.76000213623047,17633
2025-08-21,94.03124237060547,102.2300033569336,102.2300033569336,101.81999969482422,102.05000305175781,13488
2025-08-22,93.9852294921875,102.18000030517578,103.0,102.05000305175781,102.08000183105469,16204
2025-08-25,93.17582702636719,101.30000305175781,102.9800033569336,101.19999694824219,102.19000244140625,37257
2025-08-26,93.5621566772461,101.72000122070312,101.79000091552734,100.62000274658203,101.29000091552734,30159
2025-08-27,93.3505859375,101.48999786376953,102.0,101.06999969482422,101.69000244140625,33014
2025-08-28,93.6357192993164,101.80000305175781,101.86000061035156,101.12999725341797,101.81999969482422,27276
2025-08-29,94.44515228271484,102.68000030517578,102.87999725341797,101.62999725341797,101.80000305175781,24338
2025-09-01,97.01174926757812,104.69999694824219,104.69999694824219,102.70999908447266,102.9800033569336,66623
2025-09-02,96.02030944824219,103.62999725341797,104.41000366210938,102.9000015258789,104.38999938964844,41570
2025-09-03,97.00247192382812,104.69000244140625,104.69999694824219,103.38999938964844,103.62999725341797,46900
2025-09-04,95.84427642822266,103.44000244140625,104.98999786376953,103.0,104.5999984741211,81664
2025-09-05,95.39025115966797,102.94999694824219,103.94000244140625,102.01000213623047,103.94000244140625,88650
2025-09-08,97.28972625732422,105.0,105.62999725341797,102.93000030517578,102.94999694824219,105961
2025-09-09,97.46577453613281,105.19000244140625,105.45999908447266,104.31999969482422,105.0,16882
2025-09-10,98.19775390625,105.9800033569336,106.43000030517578,105.04000091552734,105.4000015258789,19593
2025-09-11,97.27119445800781,104.9800033569336,105.9800033569336,104.94999694824219,105.86000061035156,26234
2025-09-12,97.65107727050781,105.38999938964844,106.0,105.0999984741211,105.0999984741211,17576
2025-09-15,99.1428451538086,107.0,107.37999725341797,105.38999938964844,105.38999938964844,27264
2025-09-16,98.72590637207031,106.55000305175781,107.70999908447266,106.38999938964844,106.38999938964844,19288
2025-09-17,99.13359069824219,106.98999786376953,108.0,106.5,107.0999984741211,27029
2025-09-18,99.54127502441406,107.43000030517578,108.0,107.16000366210938,107.30000305175781,20110
2025-09-19,100.77362060546875,108.76000213623047,108.98999786376953,107.48999786376953,107.77999877929688,30439
2025-09-22,100.0694351196289,108.0,108.75,107.81999969482422,108.75,34042
2025-09-23,100.55123901367188,108.5199966430664,109.05000305175781,108.01000213623047,108.5,43859
2025-09-24,100.45858001708984,108.41999816894531,108.95999908447266,108.02999877929688,108.5199966430664,27656
2025-09-25,100.74581146240234,108.7300033569336,108.7300033569336,108.0,108.68000030517578,13919
2025-09-26,100.31958770751953,108.2699966430664,109.0,108.23999786376953,108.7300033569336,20304
2025-09-29,100.85700225830078,108.8499984741211,108.88999938964844,108.30000305175781,108.88999938964844,14372
2025-09-30,100.72730255126953,108.70999908447266,109.0,108.45999908447266,108.8499984741211,15739
2025-10-01,100.32610321044922,107.52999877929688,109.05999755859375,107.16000366210938,107.95999908447266,26197
2025-10-02,99.17849731445312,106.30000305175781,108.0,106.1500015258789,107.52999877929688,22477
2025-10-03,100.55001068115234,107.7699966430664,107.81999969482422,106.5,106.5,16500
2025-10-06,100.64331817626953,107.87000274658203,108.45999908447266,107.3499984741211,107.7699966430664,13200
2025-10-07,101.34307861328125,108.62000274658203,108.95999908447266,107.66999816894531,108.45999908447266,18957
2025-10-08,100.18614196777344,107.37999725341797,108.5999984741211,107.23999786376953,108.2300033569336,16834
2025-10-09,99.90624237060547,107.08000183105469,107.9000015258789,106.80000305175781,107.61000061035156,20148
2025-10-10,100.55935668945312,107.77999877929688,107.88999938964844,107.05999755859375,107.08000183105469,14412
2025-10-13,99.84093475341797,107.01000213623047,108.25,106.80000305175781,107.77999877929688,21693
2025-10-14,100.47537994384766,107.69000244140625,108.0,106.9000015258789,107.0,16350
2025-10-15,100.58733367919922,107.80999755859375,108.0,106.81999969482422,107.30000305175781,17779
2025-10-16,100.58733367919922,107.80999755859375,108.4800033569336,106.75,107.22000122070312,29592
2025-10-17,100.17681884765625,107.37000274658203,107.66000366210938,106.80000305175781,107.0999984741211,20934
2025-10-20,100.13018035888672,107.31999969482422,107.41000366210938,106.91000366210938,107.33000183105469,24622
2025-10-21,100.00887298583984,107.19000244140625,107.41000366210938,106.86000061035156,106.9000015258789,26490
2025-10-22,99.60768127441406,106.76000213623047,107.19000244140625,106.08000183105469,107.19000244140625,29568
2025-10-23,100.20480346679688,107.4000015258789,107.9800033569336,106.37000274658203,106.9000015258789,16881
2025-10-24,100.74594116210938,107.9800033569336,107.9800033569336,106.56999969482422,107.1500015258789,19661
2025-10-27,100.5780258178711,107.80000305175781,108.37000274658203,106.7699966430664,107.9800033569336,26092
2025-10-28,100.56867980957031,107.79000091552734,108.43000030517578,107.20999908447266,107.51000213623047,23011
2025-10-29,98.38544464111328,105.44999694824219,107.2300033569336,104.80000305175781,107.0,90724
2025-10-30,98.08688354492188,105.12999725341797,105.88999938964844,104.5199966430664,105.4000015258789,74092
2025-10-31,98.87994384765625,105.9800033569336,106.5,104.77999877929688,104.77999877929688,45147
2025-11-03,98.78597259521484,105.12999725341797,106.25,105.05999755859375,106.0,80843
2025-11-04,99.47193145751953,105.86000061035156,106.66000366210938,105.7699966430664,106.27999877929688,32484
2025-11-05,99.34976959228516,105.7300033569336,106.41000366210938,105.61000061035156,105.86000061035156,19740
2025-11-06,99.18063354492188,105.55000305175781,106.1500015258789,105.19999694824219,105.7300033569336,28164
2025-11-07,99.67865753173828,106.08000183105469,106.4000015258789,105.55000305175781,105.61000061035156,34529
2025-11-10,100.46795654296875,106.91999816894531,107.41999816894531,106.01000213623047,106.01000213623047,90946
2025-11-11,99.29339599609375,105.66999816894531,107.04000091552734,105.55000305175781,106.91999816894531,50036
2025-11-12,100.40217590332031,106.8499984741211,106.87999725341797,105.43000030517578,106.0199966430664,51644
2025-11-13,99.90415954589844,106.31999969482422,106.8499984741211,105.6500015258789,106.8499984741211,40441
2025-11-14,100.1672592163086,106.5999984741211,106.63999938964844,105.80000305175781,105.80000305175781,36918
2025-11-17,100.07331085205078,106.5,107.0,106.5,106.63999938964844,50842
2025-11-18,100.07331085205078,106.5,106.94000244140625,106.5,106.55000305175781,28605
2025-11-19,100.3552017211914,106.80000305175781,107.69999694824219,106.1500015258789,106.5,33996
2025-11-21,101.06934356689453,107.55999755859375,107.61000061035156,106.5999984741211,106.80000305175781,29163
2025-11-24,100.43975067138672,106.88999938964844,108.19000244140625,106.80999755859375,107.19999694824219,36408
2025-11-25,101.47338104248047,107.98999786376953,108.48999786376953,106.88999938964844,106.97000122070312,28569
2025-11-26,101.23846435546875,107.73999786376953,108.43000030517578,106.9800033569336,107.97000122070312,30902
2025-11-27,102.84528350830078,109.44999694824219,109.79000091552734,107.5999984741211,107.73999786376953,32110
2025-11-28,103.92588806152344,110.5999984741211,111.0,109.44999694824219,109.44999694824219,33686
2025-12-01,102.62030792236328,108.47000122070312,109.80000305175781,108.4000015258789,109.80000305175781,43162
2025-12-02,104.76789855957031,110.73999786376953,112.19000244140625,110.33000183105469,110.69999694824219,71756
2025-12-03,105.01386260986328,111.0,111.4800033569336,110.0,110.75,53201
2025-12-04,104.38945770263672,110.33999633789062,111.0,109.5999984741211,111.0,41135
2025-12-05,104.0204849243164,109.94999694824219,110.73999786376953,109.5999984741211,110.73999786376953,27547
2025-12-08,103.72722625732422,109.63999938964844,109.94999694824219,107.5199966430664,109.56999969482422,143824
2025-12-09,104.33270263671875,110.27999877929688,110.5999984741211,109.30999755859375,109.80000305175781,58915
2025-12-10,104.99496459960938,110.9800033569336,110.9800033569336,109.70999908447266,110.29000091552734,63996
2025-12-11,104.37054443359375,110.31999969482422,111.38999938964844,110.31999969482422,110.9800033569336,37531
2025-12-12,104.77735900878906,110.75,111.20999908447266,110.5199966430664,110.55000305175781,42721
2025-12-15,104.82466125488281,110.80000305175781,111.27999877929688,110.80000305175781,110.80000305175781,37631
2025-12-16,104.88141632080078,110.86000061035156,111.30000305175781,110.81999969482422,110.81999969482422,26436
2025-12-17,104.57867431640625,110.54000091552734,111.22000122070312,110.54000091552734,110.86000061035156,24707
2025-12-18,104.68275451660156,110.6500015258789,110.95999908447266,110.55999755859375,110.83999633789062,19616
2025-12-19,104.73004150390625,110.69999694824219,110.94999694824219,110.30000305175781,110.87000274658203,60825
2025-12-22,104.77735900878906,110.75,110.9000015258789,109.9800033569336,110.58999633789062,56543
2025-12-23,104.91927337646484,110.9000015258789,111.12999725341797,110.5,110.75,34506
2025-12-26,105.29769134521484,111.30000305175781,111.48999786376953,110.70999908447266,110.9000015258789,16784
2025-12-29,105.05171966552734,111.04000091552734,111.51000213623047,110.51000213623047,111.30000305175781,27882
2025-12-30,106.18700408935547,112.23999786376953,112.33999633789062,111.22000122070312,111.48999786376953,18070
2026-01-02,105.82506561279297,111.11000061035156,112.23999786376953,110.83999633789062,112.23999786376953,17413
2026-01-05,105.62506866455078,110.9000015258789,111.79000091552734,110.5,111.11000061035156,20150
2026-01-06,105.57743072509766,110.8499984741211,112.0199966430664,110.30999755859375,110.9000015258789,33953
2026-01-07,105.57743072509766,110.8499984741211,111.48999786376953,110.0199966430664,110.5,32456
2026-01-08,105.40599822998047,110.66999816894531,111.5,110.66999816894531,111.25,27748
2026-01-09,105.72982788085938,111.01000213623047,111.4800033569336,110.68000030517578,110.8499984741211,50695
2026-01-12,104.9488296508789,110.19000244140625,111.26000213623047,108.69999694824219,111.19999694824219,178955
2026-01-13,105.4726791381836,110.73999786376953,110.76000213623047,110.0,110.1500015258789,66813
2026-01-14,105.86317443847656,111.1500015258789,111.19000244140625,110.55999755859375,110.55999755859375,35687
2026-01-15,105.99651336669922,111.29000091552734,111.58999633789062,110.55999755859375,111.1500015258789,41503
2026-01-16,105.69173431396484,110.97000122070312,111.41999816894531,110.61000061035156,111.29000091552734,34643
2026-01-19,105.66316223144531,110.94000244140625,111.3499984741211,110.62000274658203,110.97000122070312,47714
2026-01-20,105.87268829345703,111.16000366210938,111.27999877929688,110.63999938964844,111.0,20084
2026-01-21,105.66316223144531,110.94000244140625,111.16000366210938,110.79000091552734,110.79000091552734,27486
2026-01-22,105.99651336669922,111.29000091552734,111.3499984741211,110.83999633789062,110.94000244140625,26385
2026-01-23,106.56797790527344,111.88999938964844,112.19999694824219,111.05000305175781,111.30000305175781,30749
2026-01-26,105.72029876708984,111.0,111.91000366210938,110.80000305175781,111.88999938964844,34111
2026-01-27,105.8536376953125,111.13999938964844,111.36000061035156,110.73999786376953,111.06999969482422,34725
2026-01-28,106.1108169555664,111.41000366210938,111.55000305175781,111.02999877929688,111.5,26099
2026-01-29,105.87268829345703,111.16000366210938,111.69000244140625,110.5999984741211,111.41000366210938,42150
2026-01-30,106.18699645996094,111.48999786376953,111.56999969482422,110.91000366210938,111.16000366210938,33503
2026-02-02,106.27330017089844,110.83000183105469,111.13999938964844,110.5999984741211,111.0,33232
2026-02-03,106.5897216796875,111.16000366210938,111.16000366210938,110.51000213623047,110.83000183105469,24191
2026-02-04,106.28289031982422,110.83999633789062,111.30000305175781,110.51000213623047,111.16000366210938,24298
2026-02-05,105.7746810913086,110.30999755859375,110.83999633789062,109.9000015258789,110.83999633789062,31684
2026-02-06,105.85137939453125,110.38999938964844,110.72000122070312,110.05000305175781,110.19000244140625,36534
2026-02-09,105.0746841430664,109.58000183105469,110.30000305175781,109.30000305175781,110.30000305175781,54901
2026-02-10,105.04592895507812,109.55000305175781,109.76000213623047,109.30000305175781,109.58000183105469,33583
2026-02-11,104.82538604736328,109.31999969482422,109.68000030517578,108.70999908447266,109.4800033569336,31652
2026-02-12,104.86373901367188,109.36000061035156,109.5,108.94999694824219,109.31999969482422,27776
2026-02-13,104.97879791259766,109.4800033569336,109.97000122070312,109.0199966430664,109.88999938964844,48488
2026-02-18,104.9212646484375,109.41999816894531,109.66999816894531,109.05000305175781,109.37000274658203,24098
2026-02-19,105.47742462158203,110.0,110.0,109.41999816894531,109.41999816894531,27771
2026-02-20,105.69796752929688,110.2300033569336,110.27999877929688,109.63999938964844,109.75,31592
2026-02-23,105.69796752929688,110.2300033569336,110.31999969482422,109.76000213623047,110.2300033569336,23087
2026-02-24,105.89933013916016,110.44000244140625,110.86000061035156,109.98999786376953,110.25,30764
2026-02-25,105.98562622070312,110.52999877929688,111.23999786376953,110.44000244140625,110.44000244140625,37552
2026-02-26,106.62808227539062,111.19999694824219,111.19999694824219,110.31999969482422,110.31999969482422,29372
2026-02-27,106.73356628417969,111.30999755859375,111.44999694824219,110.61000061035156,111.16999816894531,25112
2026-03-02,106.65633392333984,110.4800033569336,111.16999816894531,110.0,110.8499984741211,51758
2026-03-03,106.90734100341797,110.73999786376953,110.87000274658203,110.25,110.54000091552734,27400
2026-03-04,107.35140991210938,111.19999694824219,111.38999938964844,110.5,110.73999786376953,30749
2026-03-05,107.04249572753906,110.87999725341797,111.16999816894531,110.55000305175781,110.9800033569336,24660
2026-03-06,107.89204406738281,111.76000213623047,112.44000244140625,110.62000274658203,110.68000030517578,25012
2026-03-09,106.69493865966797,110.5199966430664,111.69999694824219,110.37000274658203,111.69999694824219,37287
2026-03-10,106.83010864257812,110.66000366210938,111.4000015258789,110.41000366210938,110.76000213623047,38774
2026-03-11,106.54048919677734,110.36000061035156,111.19000244140625,110.30000305175781,110.66999816894531,30905
2026-03-12,106.28947448730469,110.0999984741211,111.0,110.0,110.37000274658203,34136
2026-03-13,106.72391510009766,110.55000305175781,110.86000061035156,110.0999984741211,110.20999908447266,41631
2026-03-16,106.77217102050781,110.5999984741211,111.0999984741211,110.2300033569336,110.69999694824219,37169
2026-03-17,106.2412109375,110.05000305175781,110.87000274658203,110.0,110.55999755859375,37116
2026-03-18,106.51152038574219,110.33000183105469,110.44999694824219,109.9000015258789,110.44999694824219,29725
2026-03-19,106.09640502929688,109.9000015258789,110.30000305175781,109.0,110.30000305175781,40535
2026-03-20,105.82609558105469,109.62000274658203,110.02999877929688,108.80000305175781,109.72000122070312,51884
2026-03-23,105.54613494873047,109.33000183105469,109.79000091552734,109.04000091552734,109.5,36313
2026-03-24,105.41098022460938,109.19000244140625,109.63999938964844,108.73999786376953,109.20999908447266,33403
2026-03-25,105.58474731445312,109.37000274658203,109.44999694824219,108.63999938964844,109.27999877929688,27754
2026-03-26,105.28548431396484,109.05999755859375,109.6500015258789,108.91999816894531,109.20999908447266,26087
2026-03-27,105.22754669189453,109.0,109.30999755859375,108.72000122070312,109.05999755859375,29741
2026-03-30,104.93793487548828,108.69999694824219,109.47000122070312,108.58999633789062,109.1500015258789,29146
2026-03-31,105.6909408569336,109.4800033569336,109.62999725341797,108.80000305175781,108.80000305175781,25060
2026-04-01,105.32156372070312,108.3499984741211,109.47000122070312,108.26000213623047,108.94999694824219,42555
2026-04-02,105.52568817138672,108.55999755859375,108.62000274658203,107.9000015258789,108.3499984741211,27229
2026-04-06,105.47708892822266,108.51000213623047,108.91999816894531,108.0,108.33000183105469,28322
2026-04-07,105.32156372070312,108.3499984741211,108.86000061035156,108.19000244140625,108.5,33680
2026-04-08,105.29238891601562,108.31999969482422,108.81999969482422,108.06999969482422,108.5,50922
2026-04-09,105.17574310302734,108.19999694824219,108.5,108.0,108.31999969482422,36622
2026-04-10,105.56456756591797,108.5999984741211,108.91999816894531,108.08000183105469,108.08000183105469,26749
2026-04-13,105.46736907958984,108.5,108.88999938964844,108.36000061035156,108.5999984741211,26108
2026-04-14,106.17697143554688,109.2300033569336,109.38999938964844,108.47000122070312,108.75,22679
2026-04-15,105.95338439941406,109.0,109.77999877929688,108.9000015258789,109.2300033569336,25101
2026-04-16,106.14779663085938,109.19999694824219,109.37000274658203,108.58999633789062,109.19999694824219,26164
2026-04-17,106.39080810546875,109.44999694824219,109.8499984741211,109.06999969482422,109.4800033569336,18955
2026-04-20,105.93394470214844,108.9800033569336,109.68000030517578,108.81999969482422,109.4800033569336,26660
2026-04-22,105.95338439941406,109.0,109.18000030517578,108.6500015258789,108.9800033569336,31519
2026-04-23,105.85619354248047,108.9000015258789,109.12000274658203,108.70999908447266,108.80000305175781,20365
2026-04-24,105.97282409667969,109.0199966430664,109.36000061035156,108.81999969482422,109.0,20675
2026-04-27,106.10893249511719,109.16000366210938,109.33999633789062,108.93000030517578,109.02999877929688,19204
2026-04-28,105.66178131103516,108.69999694824219,109.22000122070312,108.5999984741211,109.05999755859375,20812
2026-04-29,105.78814697265625,108.83000183105469,108.98999786376953,108.66000366210938,108.80999755859375,17445
2026-04-30,105.66178131103516,108.69999694824219,109.06999969482422,108.69000244140625,108.87999725341797,36688
2026-05-04,104.7319107055664,107.0,108.69000244140625,106.80999755859375,108.0,52239
2026-05-05,104.02717590332031,106.27999877929688,107.37000274658203,105.56999969482422,107.37000274658203,58544
2026-05-06,105.28983306884766,107.56999969482422,108.80000305175781,106.05000305175781,106.38999938964844,44526
2026-05-07,106.83634185791016,109.1500015258789,109.29000091552734,107.7300033569336,108.23999786376953,41153
2026-05-08,107.52149963378906,109.8499984741211,109.88999938964844,108.80000305175781,108.80000305175781,23875
2026-05-11,106.27842712402344,108.58000183105469,110.31999969482422,108.58000183105469,109.8499984741211,25220
2026-05-12,106.41545867919922,108.72000122070312,109.27999877929688,108.48999786376953,108.58000183105469,22682
2026-05-13,104.84937286376953,107.12000274658203,108.72000122070312,106.86000061035156,108.69999694824219,29563
2026-05-14,105.57368469238281,107.86000061035156,108.0,107.13999938964844,107.13999938964844,16927
2026-05-15,104.91788482666016,107.19000244140625,108.0,106.69999694824219,107.7300033569336,55091
2026-05-18,104.34039306640625,106.5999984741211,107.44000244140625,106.30999755859375,107.20999908447266,39576
2026-05-19,101.99125671386719,104.19999694824219,106.5,104.19999694824219,106.5,56889
2026-05-20,102.97006225585938,105.19999694824219,106.58000183105469,104.2300033569336,104.48999786376953,54008
2026-05-21,105.15279388427734,107.43000030517578,107.43000030517578,106.01000213623047,106.1500015258789,50024
2026-05-22,105.25068664550781,107.52999877929688,108.25,107.0,107.43000030517578,28257
2026-05-25,106.16096496582031,108.45999908447266,108.77999877929688,107.63999938964844,107.63999938964844,22062
2026-05-26,104.9668197631836,107.23999786376953,108.88999938964844,107.0,108.77999877929688,22797
2026-05-27,104.2718734741211,106.52999877929688,107.7300033569336,106.0199966430664,107.36000061035156,37636
2026-05-28,104.53614807128906,106.80000305175781,106.91999816894531,105.80000305175781,106.66000366210938,33295
2026-05-29,106.35673522949219,108.66000366210938,108.69999694824219,106.8499984741211,106.8499984741211,27102
2026-06-01,104.19824981689453,105.72000122070312,107.72000122070312,105.19999694824219,107.72000122070312,76739
2026-06-02,104.31652069091797,105.83999633789062,106.30000305175781,105.41999816894531,105.72000122070312,44330
2026-06-03,103.90257263183594,105.41999816894531,105.80000305175781,105.2300033569336,105.6500015258789,22359
2026-06-05,103.93213653564453,105.44999694824219,105.86000061035156,104.81999969482422,105.41999816894531,30028
2026-06-08,102.946533203125,104.44999694824219,105.75,104.22000122070312,105.44999694824219,30580
2026-06-09,102.52271270751953,104.0199966430664,105.25,104.0199966430664,104.58000183105469,29832
2026-06-10,102.49314880371094,103.98999786376953,104.44000244140625,103.05000305175781,104.0199966430664,38945
2026-06-11,103.48861694335938,105.0,105.0,103.81999969482422,104.16000366210938,32640
2026-06-12,102.99581146240234,104.5,105.41999816894531,104.0999984741211,104.97000122070312,20569
2026-06-15,103.29149627685547,104.80000305175781,105.41999816894531,104.37000274658203,104.37000274658203,33114
2026-06-16,102.96624755859375,104.47000122070312,105.75,104.18000030517578,105.37000274658203,29779
2026-06-17,102.81840515136719,104.31999969482422,104.69999694824219,104.04000091552734,104.47000122070312,26067
2026-06-18,102.40444946289062,103.9000015258789,105.05000305175781,103.87000274658203,104.31999969482422,22532
2026-06-19,102.3748779296875,103.87000274658203,104.94000244140625,103.87000274658203,104.12000274658203,18471
2026-06-22,103.22250366210938,104.7300033569336,104.95999908447266,103.88999938964844,103.9000015258789,21151
2026-06-23,101.52725982666016,103.01000213623047,104.7300033569336,103.01000213623047,104.7300033569336,34727
2026-06-24,101.94120788574219,103.43000030517578,103.44999694824219,102.48999786376953,103.0199966430664,35200
2026-06-25,101.52725982666016,103.01000213623047,103.73999786376953,102.81999969482422,103.30000305175781,20469
2026-06-26,101.78351593017578,103.2699966430664,103.33999633789062,102.91000366210938,103.18000030517578,37518
2026-06-29,102.45372772216797,103.94999694824219,103.94999694824219,102.91000366210938,103.33999633789062,23910
2026-06-30,103.19293212890625,104.69999694824219,104.8499984741211,103.55000305175781,103.9000015258789,21257
2026-07-01,102.65686798095703,103.41000366210938,103.69999694824219,102.5199966430664,103.69999694824219,60399
2026-07-02,103.66944122314453,104.43000030517578,104.44000244140625,102.8499984741211,103.0,32106
2026-07-03,102.86534118652344,103.62000274658203,104.6500015258789,103.33000183105469,103.81999969482422,17907
2026-07-06,103.74885559082031,104.51000213623047,104.58000183105469,103.3499984741211,103.5999984741211,27936
2026-07-07,102.48810577392578,103.23999786376953,104.5,102.66999816894531,104.08999633789062,30949
2026-07-08,102.05131530761719,102.80000305175781,103.6500015258789,102.80000305175781,103.23999786376953,21732
2026-07-09,102.98445892333984,103.73999786376953,103.73999786376953,102.80999755859375,103.01000213623047,19919
2026-07-10,102.83555603027344,103.58999633789062,104.2300033569336,103.19999694824219,103.73999786376953,31816
2026-07-13,102.66679382324219,103.41999816894531,103.94999694824219,103.31999969482422,103.5999984741211,25185
2026-07-14,102.54766845703125,103.30000305175781,103.66999816894531,102.73999786376953,103.48999786376953,31411
2026-07-15,102.77599334716797,103.52999877929688,104.16999816894531,103.43000030517578,103.63999938964844,24870
2026-07-16,103.9076919555664,104.66999816894531,104.86000061035156,103.93000030517578,104.16000366210938,30235
2026-07-17,103.9076919555664,104.66999816894531,105.41999816894531,104.30999755859375,104.77999877929688,28066
2026-07-20,102.99439239501953,103.75,105.16999816894531,103.75,104.9000015258789,28336
2026-07-21,103.2028579711914,103.95999908447266,104.55000305175781,103.54000091552734,104.11000061035156,27845
2026-07-22,102.7462158203125,103.5,104.38999938964844,102.9000015258789,104.0,35162
2026-07-23,102.8951187133789,103.6500015258789,103.77999877929688,103.19999694824219,103.5,11345
2026-07-24,102.59730529785156,103.3499984741211,104.44000244140625,102.9000015258789,103.94000244140625,34117
2026-07-27,101.96196746826172,102.70999908447266,103.77999877929688,102.58000183105469,103.77999877929688,24620
2026-07-28,101.77334594726562,102.5199966430664,103.13999938964844,102.22000122070312,102.80000305175781,23513
2026-07-29,101.51524353027344,102.26000213623047,103.25,102.26000213623047,102.9800033569336,35902
2026-07-30,101.96196746826172,102.70999908447266,102.87000274658203,102.05999755859375,102.38999938964844,22908
2026-07-31,102.2300033569336,102.9800033569336,103.12999725341797,102.41999816894531,102.70999908447266,30336
2026-08-03,100.29000091552734,100.29000091552734,102.1500015258789,100.01000213623047,102.0,98198
2026-08-04,101.0,101.0,101.44999694824219,100.19999694824219,100.31999969482422,38022
2026-08-05,101.4000015258789,101.4000015258789,101.97000122070312,100.80000305175781,101.37999725341797,42899
2026-08-06,101.37999725341797,101.37999725341797,102.1500015258789,101.0,101.5999984741211,23469
