Date,Adj Close,Close,High,Low,Open,Volume
2019-03-19,75.42381286621094,111.0,111.0,108.0,108.0,1232
2019-03-20,74.06482696533203,109.0,111.0,109.0,111.0,260
2019-03-21,74.26868438720703,109.30000305175781,111.0,109.0,109.0,835
2019-03-22,73.38533782958984,108.0,111.0,108.0,111.0,6791
2019-03-25,75.42381286621094,111.0,111.0,110.98999786376953,110.98999786376953,1258
2019-03-26,76.44306945800781,112.5,112.5,111.0999984741211,112.48999786376953,1596
2019-03-27,76.44306945800781,112.5,112.5,111.5,112.5,295
2019-03-28,76.44306945800781,112.5,112.5,110.80999755859375,112.5,132
2019-03-29,76.44306945800781,112.5,112.5,111.0,112.5,556
2019-04-01,76.44306945800781,112.5,112.5,111.75,112.0999984741211,109
2019-04-02,76.436279296875,112.48999786376953,112.48999786376953,111.72000122070312,111.72000122070312,153
2019-04-03,76.436279296875,112.48999786376953,112.48999786376953,111.12000274658203,112.4800033569336,116
2019-04-04,76.436279296875,112.48999786376953,112.48999786376953,111.5,112.4800033569336,24
2019-04-05,76.44306945800781,112.5,112.5,111.5,112.45999908447266,681
2019-04-08,76.17130279541016,112.0999984741211,112.5,111.5999984741211,112.48999786376953,674
2019-04-09,76.44306945800781,112.5,112.5,112.05000305175781,112.4800033569336,631
2019-04-10,76.44306945800781,112.5,112.5,112.5,112.5,579
2019-04-11,76.76923370361328,112.9800033569336,112.98999786376953,112.97000122070312,112.98999786376953,22
2019-04-12,76.76923370361328,112.9800033569336,112.98999786376953,112.9800033569336,112.98999786376953,119
2019-04-15,76.51102447509766,112.5999984741211,112.98999786376953,112.0,112.98999786376953,55
2019-04-16,76.7760238647461,112.98999786376953,112.98999786376953,112.5999984741211,112.5999984741211,102
2019-04-17,76.7760238647461,112.98999786376953,112.98999786376953,112.9800033569336,112.9800033569336,16
2019-04-18,76.7760238647461,112.98999786376953,112.98999786376953,112.80000305175781,112.98999786376953,107
2019-04-22,76.7760238647461,112.98999786376953,112.98999786376953,112.98999786376953,112.98999786376953,101
2019-04-23,76.44306945800781,112.5,112.98999786376953,112.0,112.98999786376953,266
2019-04-24,76.10331726074219,112.0,112.98999786376953,111.51000213623047,112.98999786376953,664
2019-04-25,76.10331726074219,112.0,112.01000213623047,112.0,112.0,521
2019-04-26,74.74433135986328,110.0,112.98999786376953,109.5,112.5,2568
2019-04-29,76.09651947021484,111.98999786376953,112.9800033569336,111.05000305175781,112.0,432
2019-04-30,76.7760238647461,112.98999786376953,112.98999786376953,111.20999908447266,112.5,1600
2019-05-02,76.44306945800781,112.5,112.5999984741211,110.11000061035156,111.01000213623047,332
2019-05-03,76.10331726074219,112.0,112.5,111.70999908447266,112.5,638
2019-05-06,76.10331726074219,112.0,112.4800033569336,111.87999725341797,112.0,483
2019-05-07,76.10331726074219,112.0,112.5,111.02999877929688,112.5,910
2019-05-08,75.56652069091797,111.20999908447266,112.5,111.20999908447266,112.5,1130
2019-05-09,76.08972930908203,111.9800033569336,112.0,110.0,111.5,1371
2019-05-10,75.7568130493164,111.48999786376953,111.9800033569336,109.91000366210938,111.9800033569336,7214
2019-05-13,74.75794219970703,110.0199966430664,111.48999786376953,109.19999694824219,111.48999786376953,4316
2019-05-14,75.15203857421875,110.5999984741211,111.0,110.0,111.0,1769
2019-05-15,75.25396728515625,110.75,110.9800033569336,110.5,110.69999694824219,387
2019-05-16,75.25396728515625,110.75,110.9800033569336,109.98999786376953,110.30000305175781,1552
2019-05-17,74.74433135986328,110.0,110.98999786376953,109.9000015258789,110.5,3676
2019-05-20,74.7511215209961,110.01000213623047,110.9800033569336,109.9800033569336,110.01000213623047,6026
2019-05-21,74.74433135986328,110.0,110.9000015258789,110.0,110.5,3287
2019-05-22,75.02293395996094,110.41000366210938,110.98999786376953,110.0,110.88999938964844,4011
2019-05-23,75.2879409790039,110.80000305175781,110.88999938964844,110.0,110.80000305175781,3201
2019-05-24,74.81228637695312,110.0999984741211,110.80000305175781,110.0,110.70999908447266,3120
2019-05-27,75.08409881591797,110.5,110.69999694824219,110.0,110.69000244140625,6370
2019-05-28,75.2199935913086,110.69999694824219,110.69999694824219,110.0,110.4000015258789,5967
2019-05-29,75.2199935913086,110.69999694824219,110.69999694824219,110.01000213623047,110.69000244140625,18317
2019-05-30,75.41702270507812,110.98999786376953,110.98999786376953,110.30999755859375,110.69999694824219,4511
2019-05-31,75.15203857421875,110.5999984741211,111.97000122070312,110.5,110.98999786376953,9632
2019-06-03,75.08409881591797,110.5,112.0,110.01000213623047,112.0,13719
2019-06-04,75.07050323486328,110.4800033569336,110.79000091552734,109.8499984741211,110.5,20829
2019-06-05,74.71714782714844,109.95999908447266,110.47000122070312,109.93000030517578,110.4000015258789,8576
2019-06-06,74.94817352294922,110.30000305175781,110.5,109.75,110.44000244140625,15310
2019-06-07,75.00255584716797,110.37999725341797,110.4000015258789,109.5,110.29000091552734,17042
2019-06-10,75.00933837890625,110.38999938964844,110.5,110.0,110.38999938964844,15638
2019-06-11,75.00933837890625,110.38999938964844,110.5,110.0,110.38999938964844,12512
2019-06-12,74.9142074584961,110.25,110.30000305175781,109.80999755859375,110.30000305175781,9937
2019-06-13,74.74433135986328,110.0,110.25,104.51000213623047,110.25,8956
2019-06-14,74.94139099121094,110.29000091552734,110.29000091552734,109.80000305175781,110.0,7591
2019-06-17,74.73755645751953,109.98999786376953,110.27999877929688,109.70999908447266,110.2699966430664,7960
2019-06-18,74.90742492675781,110.23999786376953,110.30000305175781,109.9000015258789,110.0,8967
2019-06-19,74.87344360351562,110.19000244140625,110.25,109.9000015258789,110.25,9315
2019-06-21,74.74433135986328,110.0,110.27999877929688,109.80000305175781,110.25,10233
2019-06-24,74.87344360351562,110.19000244140625,110.30000305175781,109.93000030517578,110.0,11358
2019-06-25,74.87344360351562,110.19000244140625,110.30000305175781,109.98999786376953,110.29000091552734,9385
2019-06-26,74.73755645751953,109.98999786376953,110.33999633789062,109.9000015258789,110.19000244140625,17946
2019-06-27,75.00933837890625,110.38999938964844,110.38999938964844,110.01000213623047,110.22000122070312,10869
2019-06-28,75.41702270507812,110.98999786376953,110.98999786376953,110.08000183105469,110.37999725341797,15075
2019-07-01,76.76923370361328,112.9800033569336,113.19999694824219,110.25,110.79000091552734,40377
2019-07-02,76.7556381225586,112.95999908447266,112.9800033569336,111.0,112.5,27638
2019-07-03,76.09651947021484,111.98999786376953,112.9800033569336,111.80000305175781,112.5199966430664,30916
2019-07-04,76.76923370361328,112.9800033569336,112.9800033569336,112.0,112.0,15556
2019-07-05,76.7556381225586,112.95999908447266,112.9800033569336,112.30999755859375,112.97000122070312,20161
2019-07-08,76.42948913574219,112.4800033569336,112.9800033569336,111.0,112.95999908447266,40094
2019-07-10,77.45551300048828,113.98999786376953,113.98999786376953,112.5199966430664,112.9800033569336,56002
2019-07-11,77.11578369140625,113.48999786376953,115.0,113.0999984741211,113.98999786376953,32055
2019-07-12,77.46233367919922,114.0,115.0,113.33999633789062,113.5,35395
2019-07-15,77.53023529052734,114.0999984741211,114.9800033569336,113.0,114.4000015258789,34461
2019-07-16,77.91758728027344,114.66999816894531,115.4800033569336,113.61000061035156,114.9800033569336,20960
2019-07-17,78.44757843017578,115.44999694824219,115.47000122070312,114.02999877929688,115.43000030517578,23427
2019-07-18,78.12822723388672,114.9800033569336,115.47000122070312,114.01000213623047,115.4000015258789,26031
2019-07-19,77.87004089355469,114.5999984741211,115.47000122070312,114.36000061035156,115.3499984741211,26459
2019-07-22,77.8088607788086,114.51000213623047,115.48999786376953,114.20999908447266,115.41000366210938,21062
2019-07-23,77.8088607788086,114.51000213623047,115.01000213623047,114.0,114.5,22718
2019-07-24,77.47590637207031,114.0199966430664,115.44000244140625,113.05999755859375,115.44000244140625,50638
2019-07-25,76.918701171875,113.19999694824219,114.4800033569336,113.0,114.4800033569336,38825
2019-07-26,77.59821319580078,114.19999694824219,115.0,112.79000091552734,113.4000015258789,34706
2019-07-29,80.07837677001953,117.8499984741211,119.9000015258789,114.4000015258789,114.4000015258789,28384
2019-07-30,80.68991088867188,118.75,118.80000305175781,116.5,117.9000015258789,21839
2019-07-31,81.50527954101562,119.94999694824219,123.7699966430664,117.12999725341797,117.30000305175781,43619
2019-08-01,80.18028259277344,118.0,119.94999694824219,117.5,119.94999694824219,21132
2019-08-02,80.38414001464844,118.30000305175781,119.0,117.77999877929688,118.98999786376953,27534
2019-08-05,80.85980224609375,119.0,119.0,118.08999633789062,118.29000091552734,19613
2019-08-06,82.21876525878906,121.0,123.0,118.4000015258789,119.0,23662
2019-08-07,83.10211181640625,122.30000305175781,122.97000122070312,120.11000061035156,120.11000061035156,28868
2019-08-08,81.94014739990234,120.58999633789062,123.18000030517578,119.75,122.0,35931
2019-08-09,80.18028259277344,118.0,120.58999633789062,117.0,120.48999786376953,19325
2019-08-12,79.53479766845703,117.05000305175781,119.0,113.51000213623047,118.48999786376953,22189
2019-08-13,82.20519256591797,120.9800033569336,120.9800033569336,117.2300033569336,117.66999816894531,18961
2019-08-14,82.20519256591797,120.9800033569336,120.9800033569336,119.01000213623047,120.95999908447266,14974
2019-08-15,81.53927612304688,120.0,120.95999908447266,119.0,120.95999908447266,12751
2019-08-16,81.85186767578125,120.45999908447266,120.80000305175781,119.69999694824219,120.05999755859375,21222
2019-08-19,80.52005004882812,118.5,120.80000305175781,117.98999786376953,120.44999694824219,16396
2019-08-20,80.18028259277344,118.0,120.7300033569336,117.0,118.52999877929688,30713
2019-08-21,80.53362274169922,118.5199966430664,119.94999694824219,117.98999786376953,118.93000030517578,14977
2019-08-22,80.7238998413086,118.80000305175781,119.93000030517578,118.30000305175781,118.7300033569336,11900
2019-08-23,81.19951629638672,119.5,119.51000213623047,118.37000274658203,119.44000244140625,22393
2019-08-26,80.73068237304688,118.80999755859375,120.48999786376953,118.36000061035156,119.7699966430664,32984
2019-08-27,81.81108093261719,120.4000015258789,120.93000030517578,118.81999969482422,119.8499984741211,13808
2019-08-28,82.20519256591797,120.9800033569336,120.9800033569336,120.0,120.0,28501
2019-08-29,81.60722351074219,120.0999984741211,120.75,119.04000091552734,120.73999786376953,13139
2019-08-30,82.40221405029297,121.2699966430664,122.30000305175781,119.98999786376953,120.4800033569336,18987
2019-09-02,81.83145141601562,120.43000030517578,122.0,119.62000274658203,121.19000244140625,19972
2019-09-03,82.49057006835938,121.4000015258789,122.0,120.0,120.01000213623047,16533
2019-09-04,82.21876525878906,121.0,121.69999694824219,120.01000213623047,121.19999694824219,20316
2019-09-05,82.42262268066406,121.30000305175781,121.58000183105469,120.61000061035156,121.0,16557
2019-09-06,82.01493072509766,120.69999694824219,121.30000305175781,119.23999786376953,121.30000305175781,19997
2019-09-09,82.86429595947266,121.94999694824219,121.9800033569336,120.0,120.69999694824219,14247
2019-09-10,82.83030700683594,121.9000015258789,122.0,120.62000274658203,122.0,12617
2019-09-11,82.42262268066406,121.30000305175781,121.94999694824219,119.87999725341797,121.9000015258789,18729
2019-09-12,82.21876525878906,121.0,121.87000274658203,120.06999969482422,121.30000305175781,17904
2019-09-13,82.21876525878906,121.0,121.0,121.0,121.0,0
2019-09-16,81.74312591552734,120.30000305175781,122.23999786376953,119.83000183105469,121.45999908447266,18314
2019-09-17,82.13725280761719,120.87999725341797,121.30000305175781,120.30000305175781,120.37999725341797,15796
2019-09-18,82.21198272705078,120.98999786376953,120.98999786376953,120.0,120.98999786376953,23489
2019-09-19,82.15083312988281,120.9000015258789,121.70999908447266,120.56999969482422,120.56999969482422,15367
2019-09-20,82.0489273071289,120.75,121.41999816894531,119.25,121.3499984741211,20751
2019-09-23,82.6944351196289,121.69999694824219,122.0,120.08000183105469,120.69000244140625,16603
2019-09-24,83.96507263183594,123.56999969482422,126.26000213623047,120.5999984741211,122.0,19439
2019-09-25,84.25045776367188,123.98999786376953,125.69000244140625,120.98999786376953,123.44999694824219,18694
2019-09-26,84.03982543945312,123.68000030517578,124.5,122.11000061035156,123.98999786376953,22753
2019-09-27,80.05119323730469,117.80999755859375,118.91999816894531,114.01000213623047,115.5999984741211,27730
2019-09-30,81.87903594970703,120.5,120.87000274658203,117.66000366210938,118.5,14306
2019-10-01,78.81451416015625,115.98999786376953,119.80000305175781,115.19999694824219,119.79000091552734,26582
2019-10-02,79.4328384399414,116.9000015258789,117.47000122070312,114.80000305175781,116.05999755859375,17850
2019-10-03,77.55065155029297,114.12999725341797,116.4800033569336,113.79000091552734,116.4000015258789,25698
2019-10-04,77.61180877685547,114.22000122070312,115.18000030517578,113.51000213623047,114.20999908447266,31857
2019-10-07,78.10781860351562,114.94999694824219,115.0,113.69999694824219,114.37999725341797,36481
2019-10-08,78.28449249267578,115.20999908447266,115.4800033569336,114.05000305175781,114.94000244140625,43927
2019-10-09,78.5631103515625,115.62000274658203,116.0,114.33000183105469,114.94000244140625,35980
2019-10-10,78.73296356201172,115.87000274658203,116.19000244140625,114.80000305175781,115.5,38250
2019-10-11,78.31169128417969,115.25,116.97000122070312,113.9000015258789,115.87000274658203,42476
2019-10-14,77.05461883544922,113.4000015258789,115.19000244140625,113.30999755859375,115.0,53357
2019-10-15,77.89038848876953,114.62999725341797,115.5,112.9800033569336,113.69999694824219,32734
2019-10-16,80.03760528564453,117.79000091552734,117.88999938964844,114.7300033569336,115.0999984741211,27960
2019-10-17,79.8609390258789,117.52999877929688,118.94000244140625,117.37000274658203,117.81999969482422,17262
2019-10-18,80.31617736816406,118.19999694824219,118.98999786376953,117.0199966430664,117.58999633789062,22960
2019-10-21,79.5687484741211,117.0999984741211,118.26000213623047,116.51000213623047,117.80000305175781,18282
2019-10-22,80.04442596435547,117.80000305175781,117.80000305175781,116.61000061035156,117.0999984741211,24219
2019-10-23,80.11235809326172,117.9000015258789,118.08999633789062,117.5,117.9000015258789,19423
2019-10-24,80.85298156738281,118.98999786376953,119.5,117.55000305175781,117.9000015258789,14774
2019-10-25,81.52568817138672,119.9800033569336,119.98999786376953,117.80000305175781,119.02999877929688,18168
2019-10-28,80.52005004882812,118.5,120.4800033569336,117.5,119.97000122070312,22931
2019-10-29,81.53927612304688,120.0,123.2300033569336,118.51000213623047,119.44000244140625,29380
2019-10-30,83.34673309326172,122.66000366210938,122.66000366210938,119.0,120.0,21337
2019-10-31,84.59700012207031,124.5,125.69999694824219,122.02999877929688,122.6500015258789,23167
2019-11-01,85.25613403320312,125.47000122070312,125.47000122070312,120.4800033569336,123.51000213623047,27815
2019-11-04,84.39315032958984,124.19999694824219,126.5,124.0,125.47000122070312,15312
2019-11-05,86.20742797851562,126.87000274658203,127.88999938964844,124.0199966430664,124.22000122070312,23570
2019-11-06,84.92316436767578,124.9800033569336,128.97999572753906,124.5,127.0,28636
2019-11-07,84.25727081298828,124.0,127.58999633789062,123.52999877929688,124.80999755859375,28133
2019-11-08,85.44637298583984,125.75,130.33999633789062,124.06999969482422,124.06999969482422,24189
2019-11-11,85.42598724365234,125.72000122070312,128.1999969482422,125.05000305175781,126.0,16910
2019-11-12,84.75328063964844,124.7300033569336,125.73999786376953,117.76000213623047,125.72000122070312,28296
2019-11-13,85.0726547241211,125.19999694824219,125.9000015258789,122.01000213623047,124.7300033569336,17865
2019-11-14,85.95599365234375,126.5,126.5,122.80000305175781,125.19999694824219,22008
2019-11-18,84.99791717529297,125.08999633789062,128.97999572753906,124.0,126.66000366210938,35852
2019-11-19,87.33535766601562,128.52999877929688,128.8000030517578,126.0,126.77999877929688,38024
2019-11-21,84.93675231933594,125.0,130.49000549316406,125.0,128.52999877929688,33389
2019-11-22,88.33419036865234,130.0,130.0,125.0,126.7300033569336,31511
2019-11-25,88.4701156616211,130.1999969482422,130.5,128.00999450683594,129.58999633789062,32773
2019-11-26,86.99560546875,128.02999877929688,134.11000061035156,127.16000366210938,130.1999969482422,31713
2019-11-27,86.97528076171875,128.0,129.50999450683594,127.51000213623047,128.0,28132
2019-11-28,88.67398071289062,130.5,131.89999389648438,128.0,128.5,18427
2019-11-29,88.64678955078125,130.4600067138672,131.7899932861328,129.0,130.99000549316406,20339
2019-12-02,89.6864242553711,131.99000549316406,132.0,126.02999877929688,126.02999877929688,31347
2019-12-03,91.05220794677734,134.0,134.99000549316406,130.47000122070312,130.47000122070312,30342
2019-12-04,91.79965209960938,135.10000610351562,142.0,131.5,134.49000549316406,26767
2019-12-05,88.81668090820312,130.7100067138672,132.99000549316406,130.0,132.97999572753906,60570
2019-12-06,88.88459014892578,130.80999755859375,132.44000244140625,129.0,131.0,32354
2019-12-09,87.44407653808594,128.69000244140625,131.42999267578125,128.64999389648438,130.5,23991
2019-12-10,87.74305725097656,129.1300048828125,129.61000061035156,127.5,129.61000061035156,35681
2019-12-11,89.7543716430664,132.08999633789062,132.5,129.50999450683594,129.50999450683594,30346
2019-12-12,91.3919448852539,134.5,134.88999938964844,131.0,132.1999969482422,34082
2019-12-13,93.4304428100586,137.5,137.88999938964844,134.60000610351562,134.60000610351562,31399
2019-12-16,91.493896484375,134.64999389648438,137.7899932861328,134.00999450683594,137.5,37432
2019-12-17,90.98424530029297,133.89999389648438,136.0,132.1199951171875,134.75,30139
2019-12-18,91.76567077636719,135.0500030517578,136.61000061035156,133.52999877929688,133.89999389648438,42823
2019-12-19,91.0589828491211,134.00999450683594,137.5,134.0,135.5399932861328,37307
2019-12-20,91.493896484375,134.64999389648438,137.47999572753906,134.0,135.49000549316406,30680
2019-12-23,95.12236785888672,139.99000549316406,140.97000122070312,135.58999633789062,135.8000030517578,28267
2019-12-26,97.06571197509766,142.85000610351562,143.67999267578125,138.1999969482422,141.0,26769
2019-12-27,99.7225341796875,146.75999450683594,148.9199981689453,142.85000610351562,142.85000610351562,22981
2019-12-30,102.60358428955078,151.0,151.5,147.74000549316406,147.92999267578125,11909
2020-01-02,101.24462127685547,149.0,150.99000549316406,143.32000732421875,150.99000549316406,36911
2020-01-03,99.88561248779297,147.0,150.8699951171875,145.0,148.00999450683594,32058
2020-01-06,100.94561767578125,148.55999755859375,149.19000244140625,146.00999450683594,146.67999267578125,24228
2020-01-07,97.73163604736328,143.8300018310547,149.10000610351562,142.5,148.60000610351562,41050
2020-01-08,94.76903533935547,139.47000122070312,143.8300018310547,130.8800048828125,143.8300018310547,54804
2020-01-09,95.12914276123047,140.0,144.0,139.6999969482422,140.0,40509
2020-01-10,96.53571319580078,142.07000732421875,143.1999969482422,138.27999877929688,139.89999389648438,41730
2020-01-13,97.16765594482422,143.0,143.5399932861328,140.0,142.07000732421875,28785
2020-01-14,95.47571563720703,140.50999450683594,143.0,140.0500030517578,142.44000244140625,45576
2020-01-15,94.78939056396484,139.5,141.2899932861328,137.6999969482422,141.07000732421875,27804
2020-01-16,95.06120300292969,139.89999389648438,139.9600067138672,137.13999938964844,139.5,36259
2020-01-17,95.60478210449219,140.6999969482422,143.0,139.66000366210938,139.89999389648438,19757
2020-01-20,98.526611328125,145.0,145.5,142.05999755859375,144.14999389648438,45937
2020-01-21,101.29216766357422,149.07000732421875,149.5,145.00999450683594,145.00999450683594,81298
2020-01-22,101.24462127685547,149.0,150.0,145.25999450683594,150.0,51537
2020-01-23,97.58894348144531,143.6199951171875,148.99000549316406,142.0,148.99000549316406,27259
2020-01-24,94.58555603027344,139.1999969482422,145.0,139.0,144.97000122070312,39832
2020-01-27,96.82106018066406,142.49000549316406,142.89999389648438,137.2100067138672,139.1999969482422,34051
2020-01-28,97.16765594482422,143.0,143.83999633789062,139.3000030517578,142.49000549316406,37027
2020-01-29,96.29109191894531,141.7100067138672,144.5,140.24000549316406,143.5,24567
2020-01-30,95.74070739746094,140.89999389648438,145.99000549316406,139.3000030517578,141.4499969482422,21386
2020-01-31,93.4304428100586,137.5,141.1999969482422,137.5,139.8000030517578,30434
2020-02-03,90.40669250488281,133.0500030517578,137.0,132.6999969482422,137.0,31767
2020-02-04,90.4134750366211,133.05999755859375,134.9499969482422,132.7899932861328,134.25,33567
2020-02-05,85.12020111083984,125.2699966430664,126.4800033569336,124.51000213623047,126.37999725341797,36108
2020-02-06,86.60149383544922,127.44999694824219,127.75,123.0,125.2699966430664,50747
2020-02-07,86.02393341064453,126.5999984741211,127.30000305175781,124.5,127.30000305175781,55312
2020-02-10,83.57775115966797,123.0,126.5,122.68000030517578,126.5,60128
2020-02-11,84.27084350585938,124.0199966430664,125.0,123.0,123.5,34846
2020-02-12,84.59700012207031,124.5,125.0,123.5,124.0199966430664,37665
2020-02-13,84.93675231933594,125.0,125.0,123.5,124.22000122070312,31460
2020-02-14,84.32520294189453,124.0999984741211,125.23999786376953,123.5199966430664,125.01000213623047,54924
2020-02-17,84.5290756225586,124.4000015258789,125.0199966430664,123.80000305175781,124.0,35506
2020-02-18,84.93675231933594,125.0,125.19999694824219,124.55000305175781,124.88999938964844,37402
2020-02-19,84.42713165283203,124.25,126.9000015258789,124.25,125.19000244140625,37091
2020-02-20,85.52792358398438,125.87000274658203,126.4800033569336,124.5,125.5,55060
2020-02-21,84.97071075439453,125.05000305175781,125.9800033569336,123.94999694824219,125.80000305175781,47021
2020-02-26,83.98545837402344,123.5999984741211,124.9800033569336,121.0,124.80999755859375,57909
2020-02-27,83.59135437011719,123.0199966430664,124.5,122.81999969482422,124.0,139349
2020-02-28,84.1213607788086,123.80000305175781,124.83000183105469,122.80999755859375,123.13999938964844,65532
2020-03-02,83.84278869628906,123.38999938964844,124.87999725341797,123.0,123.51000213623047,53548
2020-03-03,83.60491943359375,123.04000091552734,124.5,123.0,123.38999938964844,62977
2020-03-04,83.90392303466797,123.4800033569336,124.0,122.80999755859375,123.7300033569336,46258
2020-03-05,84.15531158447266,123.8499984741211,125.80000305175781,123.5,123.94999694824219,27743
2020-03-06,84.80084991455078,124.80000305175781,125.36000061035156,123.5999984741211,125.0,35295
2020-03-09,82.55851745605469,121.5,123.38999938964844,119.0,123.0199966430664,80933
2020-03-10,83.24481201171875,122.51000213623047,123.5,121.30000305175781,121.30000305175781,47002
2020-03-11,82.98661041259766,122.12999725341797,124.0,119.9000015258789,122.5,31477
2020-03-12,77.46233367919922,114.0,120.01000213623047,109.0,120.0,59231
2020-03-13,78.4815673828125,115.5,120.04000091552734,113.31999969482422,116.01000213623047,27042
2020-03-16,74.13279724121094,109.0999984741211,114.4000015258789,107.45999908447266,114.4000015258789,22899
2020-03-17,73.24944305419922,107.80000305175781,109.87999725341797,104.51000213623047,109.0999984741211,20107
2020-03-18,60.135215759277344,88.5,106.5,87.37000274658203,106.5,30047
2020-03-19,61.15446090698242,90.0,90.0,65.0,88.5,75113
2020-03-20,65.94489288330078,97.05000305175781,103.98999786376953,94.0,94.0,29924
2020-03-23,59.79549026489258,88.0,98.0,85.0999984741211,97.1500015258789,15178
2020-03-24,61.83395004272461,91.0,95.0,90.1500015258789,92.63999938964844,17273
2020-03-25,69.98785400390625,103.0,103.98999786376953,93.98999786376953,93.98999786376953,37287
2020-03-26,74.74433135986328,110.0,112.33999633789062,101.9000015258789,101.9000015258789,40736
2020-03-27,76.7760238647461,112.98999786376953,115.5,106.22000122070312,109.0,40694
2020-03-30,76.9459228515625,113.23999786376953,113.62999725341797,108.5999984741211,112.87000274658203,32178
2020-03-31,74.7511215209961,110.01000213623047,115.5,110.01000213623047,114.30999755859375,25084
2020-04-01,71.38763427734375,105.05999755859375,110.75,105.05999755859375,108.0999984741211,16074
2020-04-02,68.19401550292969,100.36000061035156,105.97000122070312,100.0,105.97000122070312,31799
2020-04-03,68.6628646850586,101.05000305175781,103.12999725341797,100.30000305175781,101.80999755859375,18010
2020-04-06,67.98338317871094,100.05000305175781,105.0,98.11000061035156,103.0,33871
2020-04-07,68.28913116455078,100.5,102.0,98.12000274658203,100.19999694824219,55934
2020-04-08,68.96183776855469,101.48999786376953,101.9800033569336,100.0999984741211,100.55000305175781,30700
2020-04-09,69.2879867553711,101.97000122070312,102.98999786376953,100.12999725341797,101.48999786376953,35401
2020-04-13,70.11019134521484,103.18000030517578,103.91999816894531,100.0,101.88999938964844,39525
2020-04-14,71.97879791259766,105.93000030517578,105.97000122070312,102.02999877929688,102.02999877929688,23336
2020-04-15,71.30610656738281,104.94000244140625,107.55000305175781,104.0,105.5,42887
2020-04-16,72.47484588623047,106.66000366210938,107.37999725341797,105.80000305175781,106.0,25683
2020-04-17,74.26190948486328,109.29000091552734,109.77999877929688,107.37999725341797,107.37999725341797,24438
2020-04-20,75.18603515625,110.6500015258789,110.80000305175781,106.5199966430664,109.69999694824219,38516
2020-04-22,75.89947509765625,111.69999694824219,111.69999694824219,110.0,110.0,31775
2020-04-23,76.03538513183594,111.9000015258789,112.94999694824219,110.12999725341797,111.5199966430664,35885
2020-04-24,73.6435775756836,108.37999725341797,112.98999786376953,108.0,112.87999725341797,44265
2020-04-27,74.60844421386719,109.80000305175781,112.5,108.5,108.5,18141
2020-04-28,74.74433135986328,110.0,111.54000091552734,108.37000274658203,109.80000305175781,24491
2020-04-29,74.74433135986328,110.0,111.0,109.80000305175781,110.0,28381
2020-04-30,76.60613250732422,112.73999786376953,113.0,110.0,110.88999938964844,64714
2020-05-04,74.72395324707031,109.97000122070312,111.80000305175781,109.02999877929688,111.80000305175781,23531
2020-05-05,75.05011749267578,110.44999694824219,111.5,109.12000274658203,109.9800033569336,27629
2020-05-06,76.42948913574219,112.4800033569336,112.5,110.5,111.0,22215
2020-05-07,76.64689636230469,112.80000305175781,112.97000122070312,111.27999877929688,112.56999969482422,19693
2020-05-08,76.10331726074219,112.0,112.75,111.44999694824219,111.44999694824219,17647
2020-05-11,75.96742248535156,111.80000305175781,112.77999877929688,111.19999694824219,112.77999877929688,21080
2020-05-12,75.15203857421875,110.5999984741211,112.58999633789062,110.02999877929688,111.69999694824219,21926
2020-05-13,74.38420867919922,109.47000122070312,111.26000213623047,109.0,110.54000091552734,23515
2020-05-14,73.38533782958984,108.0,112.05999755859375,104.9000015258789,109.47000122070312,40447
2020-05-15,74.06482696533203,109.0,111.5,108.01000213623047,108.69999694824219,25591
2020-05-18,74.39778137207031,109.48999786376953,111.47000122070312,108.58000183105469,108.94000244140625,28583
2020-05-19,74.07164764404297,109.01000213623047,110.48999786376953,108.45999908447266,109.80000305175781,33192
2020-05-20,75.41702270507812,110.98999786376953,110.98999786376953,109.44999694824219,109.4800033569336,18492
2020-05-21,74.06482696533203,109.0,111.4000015258789,108.8499984741211,110.98999786376953,43986
2020-05-22,74.47252655029297,109.5999984741211,109.7699966430664,108.30000305175781,109.66999816894531,34486
2020-05-25,74.50651550292969,109.6500015258789,110.33000183105469,108.56999969482422,109.70999908447266,69966
2020-05-26,74.26190948486328,109.29000091552734,110.29000091552734,108.9000015258789,110.0,42994
2020-05-27,74.40458679199219,109.5,110.01000213623047,108.91999816894531,109.5,41740
2020-05-28,77.32642364501953,113.80000305175781,116.9800033569336,110.4800033569336,110.4800033569336,59197
2020-05-29,78.16221618652344,115.02999877929688,117.47000122070312,113.98999786376953,114.88999938964844,64706
2020-06-01,79.8337631225586,117.48999786376953,118.68000030517578,116.0,116.01000213623047,60616
2020-06-02,82.59248352050781,121.55000305175781,121.9000015258789,117.5,118.98999786376953,46173
2020-06-03,82.83030700683594,121.9000015258789,124.41999816894531,120.5199966430664,121.80000305175781,52998
2020-06-04,82.6944351196289,121.69999694824219,123.45999908447266,121.0,121.98999786376953,31550
2020-06-05,83.40108489990234,122.73999786376953,123.98999786376953,121.80000305175781,122.4000015258789,50066
2020-06-08,82.90507507324219,122.01000213623047,122.86000061035156,122.01000213623047,122.73999786376953,61037
2020-06-09,83.22441864013672,122.4800033569336,122.75,120.5,122.75,39750
2020-06-10,82.7284164428711,121.75,122.80000305175781,121.12999725341797,122.69999694824219,38268
2020-06-12,82.97303009033203,122.11000061035156,122.48999786376953,116.0199966430664,120.9000015258789,35865
2020-06-15,83.00018310546875,122.1500015258789,122.37999725341797,120.80999755859375,122.0,36107
2020-06-16,82.35464477539062,121.19999694824219,123.37999725341797,121.0,122.30000305175781,39900
2020-06-17,83.16325378417969,122.38999938964844,123.1500015258789,122.0,122.30000305175781,34675
2020-06-18,83.18366241455078,122.41999816894531,123.37000274658203,121.08000183105469,122.4000015258789,39123
2020-06-19,83.84278869628906,123.38999938964844,123.38999938964844,122.0,122.41999816894531,42723
2020-06-22,84.24365234375,123.9800033569336,124.76000213623047,122.37000274658203,123.38999938964844,44714
2020-06-23,84.25727081298828,124.0,124.6500015258789,123.01000213623047,123.9800033569336,33823
2020-06-24,85.01830291748047,125.12000274658203,125.79000091552734,123.8499984741211,124.80999755859375,28966
2020-06-25,84.93675231933594,125.0,125.97000122070312,124.05000305175781,125.19999694824219,41292
2020-06-26,84.37276458740234,124.16999816894531,126.19999694824219,124.04000091552734,125.19999694824219,33358
2020-06-29,84.25727081298828,124.0,125.79000091552734,123.0,124.0199966430664,31132
2020-06-30,85.95599365234375,126.5,127.13999938964844,124.01000213623047,124.01000213623047,20207
2020-07-01,87.99447631835938,129.5,132.89999389648438,126.5,126.5,37599
2020-07-02,88.26627349853516,129.89999389648438,133.3000030517578,127.48999786376953,129.5,66317
2020-07-03,89.3874282836914,131.5500030517578,132.0,129.4499969482422,130.02999877929688,29340
2020-07-06,82.89827728271484,122.0,123.75,121.58000183105469,123.75,101376
2020-07-07,82.45661163330078,121.3499984741211,122.18000030517578,121.19999694824219,122.0,53621
2020-07-08,81.53927612304688,120.0,121.3499984741211,119.5199966430664,121.0,79999
2020-07-09,81.87903594970703,120.5,120.97000122070312,120.0,120.0999984741211,50619
2020-07-10,82.44977569580078,121.33999633789062,122.0,120.0,120.4800033569336,59036
2020-07-13,82.93223571777344,122.05000305175781,122.44999694824219,121.38999938964844,121.5,53590
2020-07-14,82.0013198852539,120.68000030517578,122.19999694824219,120.0999984741211,122.01000213623047,71414
2020-07-15,82.43621063232422,121.31999969482422,121.58999633789062,120.0199966430664,121.0,52471
2020-07-16,82.1168441772461,120.8499984741211,121.75,120.5,121.0,54069
2020-07-17,82.19841766357422,120.97000122070312,121.19999694824219,120.19999694824219,120.80000305175781,64108
2020-07-20,80.89376831054688,119.05000305175781,121.30000305175781,119.05000305175781,121.0,72184
2020-07-21,81.2878646850586,119.62999725341797,120.86000061035156,119.5,119.66000366210938,85344
2020-07-22,82.83030700683594,121.9000015258789,122.0,119.80000305175781,120.0,58748
2020-07-23,83.22441864013672,122.4800033569336,123.58999633789062,121.30000305175781,122.0,67260
2020-07-24,82.04209899902344,120.73999786376953,121.9000015258789,119.98999786376953,120.5,77705
2020-07-27,81.57325744628906,120.05000305175781,120.79000091552734,119.69999694824219,120.5,133522
2020-07-28,81.77710723876953,120.3499984741211,120.44999694824219,119.68000030517578,120.0,70444
2020-07-29,81.62081909179688,120.12000274658203,120.3499984741211,119.87999725341797,120.0,82859
2020-07-30,82.55851745605469,121.5,121.5,120.01000213623047,120.1500015258789,45598
2020-07-31,80.96171569824219,119.1500015258789,122.0,117.69999694824219,121.5,88332
2020-08-03,80.5879898071289,118.5999984741211,120.4000015258789,118.5,119.79000091552734,64718
2020-08-04,80.96171569824219,119.1500015258789,119.7699966430664,119.0,119.5,51808
2020-08-05,80.90055847167969,119.05999755859375,120.48999786376953,118.88999938964844,119.36000061035156,63281
2020-08-06,80.79185485839844,118.9000015258789,119.5999984741211,118.88999938964844,119.1500015258789,45035
2020-08-07,82.7284164428711,121.75,121.76000213623047,119.20999908447266,119.20999908447266,33743
2020-08-10,83.50981903076172,122.9000015258789,122.9800033569336,121.22000122070312,121.75,47410
2020-08-11,85.02508544921875,125.12999725341797,126.0,122.80000305175781,122.9000015258789,96282
2020-08-12,83.60491943359375,123.04000091552734,128.0,121.01000213623047,125.4000015258789,96603
2020-08-13,84.46110534667969,124.30000305175781,125.4000015258789,122.20999908447266,123.98999786376953,51310
2020-08-14,86.25497436523438,126.94000244140625,126.98999786376953,124.0999984741211,124.30000305175781,54338
2020-08-17,85.95599365234375,126.5,127.04000091552734,125.08999633789062,126.98999786376953,43415
2020-08-18,85.81330108642578,126.29000091552734,126.70999908447266,125.5,126.69999694824219,41307
2020-08-19,85.98997497558594,126.55000305175781,126.55000305175781,125.55999755859375,126.5,50710
2020-08-20,86.23458099365234,126.91000366210938,126.97000122070312,125.94000244140625,126.55000305175781,43898
2020-08-21,86.1258773803711,126.75,127.0,125.75,126.97000122070312,57558
2020-08-24,86.35688781738281,127.08999633789062,127.69999694824219,126.5999984741211,127.0,39743
2020-08-25,86.92768859863281,127.93000030517578,128.5,127.1500015258789,127.1500015258789,68934
2020-08-26,87.03638458251953,128.08999633789062,129.0399932861328,127.5,127.98999786376953,55438
2020-08-27,86.4927978515625,127.29000091552734,128.7899932861328,127.05000305175781,128.10000610351562,58821
2020-08-28,86.22098541259766,126.88999938964844,128.5,125.9000015258789,127.33999633789062,56972
2020-08-31,85.95599365234375,126.5,127.4800033569336,126.22000122070312,127.4800033569336,51510
2020-09-01,85.61625671386719,126.0,126.83000183105469,124.5,126.0,57560
2020-09-02,85.45316314697266,125.76000213623047,126.76000213623047,125.22000122070312,126.01000213623047,62287
2020-09-03,85.2629165649414,125.4800033569336,126.73999786376953,125.0,125.76000213623047,44333
2020-09-04,85.60265350341797,125.9800033569336,127.0,123.69999694824219,124.0,74233
2020-09-08,85.92201232910156,126.44999694824219,127.0,125.0,126.43000030517578,36778
2020-09-09,86.4859848022461,127.27999877929688,127.80000305175781,126.2699966430664,126.9000015258789,49700
2020-09-10,86.2753677368164,126.97000122070312,128.57000732421875,126.55999755859375,127.75,56841
2020-09-11,86.90729522705078,127.9000015258789,127.98999786376953,126.80000305175781,127.80000305175781,53074
2020-09-14,86.41806030273438,127.18000030517578,127.9000015258789,126.72000122070312,127.9000015258789,56153
2020-09-15,87.24703216552734,128.39999389648438,129.0,127.44999694824219,127.44999694824219,40576
2020-09-16,87.41010284423828,128.63999938964844,129.0,127.80999755859375,128.39999389648438,58398
2020-09-17,87.3149642944336,128.5,128.89999389648438,127.83000183105469,128.63999938964844,40575
2020-09-18,87.30138397216797,128.47999572753906,128.57000732421875,128.0,128.5,38406
2020-09-21,87.29458618164062,128.47000122070312,128.47999572753906,127.68000030517578,128.39999389648438,34164
2020-09-22,87.3149642944336,128.5,128.57000732421875,128.0,128.47000122070312,33044
2020-09-23,87.92652893066406,129.39999389648438,129.89999389648438,128.19000244140625,128.57000732421875,41612
2020-09-24,88.23912048339844,129.86000061035156,129.86000061035156,129.0,129.39999389648438,70367
2020-09-25,88.05559539794922,129.58999633789062,130.0,128.8000030517578,129.88999938964844,84445
2020-09-28,89.2447280883789,131.33999633789062,131.33999633789062,129.13999938964844,129.7100067138672,41099
2020-09-29,89.42142486572266,131.60000610351562,132.9499969482422,129.92999267578125,131.33999633789062,51107
2020-09-30,89.47576904296875,131.67999267578125,134.99000549316406,130.5399932861328,131.8699951171875,68998
2020-10-01,89.14962005615234,131.1999969482422,131.99000549316406,130.5,131.67999267578125,43594
2020-10-02,89.36705017089844,131.52000427246094,133.99000549316406,130.2899932861328,131.3000030517578,54786
2020-10-05,89.9990005493164,132.4499969482422,133.17999267578125,131.52000427246094,131.86000061035156,43309
2020-10-06,90.30473327636719,132.89999389648438,133.49000549316406,132.0,132.3000030517578,47861
2020-10-07,90.71245574951172,133.5,134.0,132.08999633789062,133.0,49078
2020-10-08,91.05220794677734,134.0,134.0,131.97999572753906,133.99000549316406,42024
2020-10-09,90.95026397705078,133.85000610351562,134.8300018310547,133.02000427246094,134.0,41074
2020-10-13,90.30473327636719,132.89999389648438,134.14999389648438,132.60000610351562,133.85000610351562,40673
2020-10-14,90.98424530029297,133.89999389648438,134.25,133.1199951171875,133.1199951171875,37901
2020-10-15,90.57656860351562,133.3000030517578,134.24000549316406,133.11000061035156,134.24000549316406,36805
2020-10-16,90.1688461303711,132.6999969482422,133.5,132.60000610351562,133.38999938964844,49512
2020-10-19,89.1156234741211,131.14999389648438,133.39999389648438,131.0,132.7100067138672,42217
2020-10-20,89.01371765136719,131.0,133.0399932861328,131.0,131.10000610351562,48848
2020-10-21,89.69318389892578,132.0,133.38999938964844,131.25999450683594,131.61000061035156,44743
2020-10-22,88.80986785888672,130.6999969482422,133.35000610351562,130.25999450683594,132.1999969482422,130819
2020-10-23,88.59244537353516,130.3800048828125,131.99000549316406,130.25999450683594,131.02999877929688,46324
2020-10-26,87.3217544555664,128.50999450683594,131.5,127.12000274658203,130.2100067138672,63651
2020-10-27,86.64227294921875,127.51000213623047,130.88999938964844,127.25,128.8000030517578,49825
2020-10-28,86.60149383544922,127.44999694824219,128.83999633789062,126.37000274658203,127.75,44726
2020-10-29,86.42485809326172,127.19000244140625,128.0,124.0199966430664,127.19999694824219,45249
2020-10-30,85.75215148925781,126.19999694824219,128.13999938964844,125.18000030517578,128.0,54597
2020-11-03,85.0726547241211,125.19999694824219,126.77999877929688,124.80000305175781,126.19999694824219,42816
2020-11-04,86.2753677368164,126.97000122070312,126.97000122070312,124.77999877929688,125.9000015258789,44692
2020-11-05,87.23343658447266,128.3800048828125,129.69000244140625,127.0,127.0,27633
2020-11-06,86.99560546875,128.02999877929688,130.9499969482422,128.00999450683594,128.9499969482422,47890
2020-11-09,87.117919921875,128.2100067138672,130.33999633789062,127.75,129.32000732421875,49859
2020-11-10,87.32855224609375,128.52000427246094,129.0,128.5,128.5,34912
2020-11-11,87.08393096923828,128.16000366210938,128.85000610351562,128.16000366210938,128.60000610351562,32569
2020-11-12,87.24703216552734,128.39999389648438,129.0,128.00999450683594,128.5,38106
2020-11-13,86.77140045166016,127.69999694824219,128.89999389648438,127.0999984741211,128.39999389648438,57559
2020-11-16,85.58226776123047,125.94999694824219,127.93000030517578,125.68000030517578,127.69999694824219,122625
2020-11-17,85.4803237915039,125.80000305175781,126.4000015258789,125.5,125.94999694824219,40379
2020-11-18,84.92993927001953,124.98999786376953,126.0,124.86000061035156,125.88999938964844,45495
2020-11-19,85.00469207763672,125.0999984741211,126.23999786376953,124.12000274658203,125.16999816894531,57665
2020-11-23,84.93675231933594,125.0,125.55000305175781,124.5,125.0,41335
2020-11-24,84.43392944335938,124.26000213623047,125.47000122070312,124.0,125.08999633789062,53333
2020-11-25,84.80084991455078,124.80000305175781,125.30000305175781,124.26000213623047,124.98999786376953,33495
2020-11-26,84.5902099609375,124.48999786376953,125.0,123.80000305175781,125.0,51868
2020-11-27,84.36600494384766,124.16000366210938,124.9000015258789,123.9800033569336,124.5,42697
2020-11-30,84.25727081298828,124.0,124.8499984741211,123.9000015258789,124.5,45662
2020-12-01,84.46110534667969,124.30000305175781,124.69999694824219,124.0,124.16999816894531,37549
2020-12-02,84.44750213623047,124.27999877929688,124.8499984741211,123.98999786376953,124.41000366210938,36795
2020-12-03,84.59700012207031,124.5,124.80000305175781,124.08000183105469,124.44000244140625,32364
2020-12-04,84.86203002929688,124.88999938964844,126.4000015258789,124.33999633789062,124.66999816894531,44994
2020-12-07,84.66494750976562,124.5999984741211,125.44000244140625,124.52999877929688,124.88999938964844,40276
2020-12-08,84.97071075439453,125.05000305175781,125.5,124.98999786376953,124.98999786376953,42236
2020-12-09,85.2425308227539,125.44999694824219,125.5,124.80000305175781,125.05000305175781,43121
2020-12-10,84.99791717529297,125.08999633789062,125.5,125.01000213623047,125.5,44470
2020-12-11,84.93675231933594,125.0,125.5,124.6500015258789,125.44999694824219,36272
2020-12-14,84.93675231933594,125.0,125.5,124.11000061035156,125.3499984741211,48599
2020-12-15,85.23574829101562,125.44000244140625,125.4800033569336,124.55999755859375,125.0,48024
2020-12-16,85.26969909667969,125.48999786376953,125.5,125.05000305175781,125.38999938964844,36702
2020-12-17,85.60944366455078,125.98999786376953,126.0,125.48999786376953,125.48999786376953,34574
2020-12-18,85.61625671386719,126.0,126.0,125.5999984741211,125.98999786376953,29413
2020-12-21,85.58903503417969,125.95999908447266,126.0,125.61000061035156,125.94000244140625,28624
2020-12-22,85.11341094970703,125.26000213623047,125.98999786376953,124.44999694824219,124.9800033569336,51532
2020-12-23,84.73970031738281,124.70999908447266,124.93000030517578,122.0199966430664,124.93000030517578,81538
2020-12-28,85.42598724365234,125.72000122070312,125.98999786376953,124.55000305175781,124.70999908447266,63624
2020-12-29,86.29573059082031,127.0,127.7300033569336,125.0,125.91999816894531,44540
2020-12-30,86.5743408203125,127.41000366210938,129.0,127.0,127.0999984741211,50431
2021-01-04,85.70460510253906,126.12999725341797,127.4000015258789,126.0999984741211,127.4000015258789,43302
2021-01-05,86.29573059082031,127.0,127.19999694824219,126.16000366210938,126.5999984741211,44261
2021-01-06,85.77932739257812,126.23999786376953,126.98999786376953,126.06999969482422,126.9800033569336,37274
2021-01-07,85.68419647216797,126.0999984741211,126.3499984741211,125.91000366210938,126.3499984741211,34361
2021-01-08,85.54828643798828,125.9000015258789,126.94000244140625,125.9000015258789,126.0999984741211,41503
2021-01-11,85.54828643798828,125.9000015258789,126.48999786376953,125.69999694824219,125.91000366210938,54522
2021-01-12,84.18932342529297,123.9000015258789,123.98999786376953,122.75,122.75,54327
2021-01-13,84.13495635986328,123.81999969482422,124.8499984741211,123.4000015258789,123.9000015258789,42143
2021-01-14,83.0681381225586,122.25,123.80000305175781,122.02999877929688,123.80000305175781,53654
2021-01-15,83.32633209228516,122.62999725341797,122.94999694824219,122.0,122.25,48113
2021-01-18,82.7284164428711,121.75,122.7300033569336,121.69999694824219,122.62999725341797,55340
2021-01-19,81.97416687011719,120.63999938964844,122.0,120.30999755859375,121.80000305175781,74679
2021-01-20,82.34107208251953,121.18000030517578,121.30999755859375,120.80000305175781,121.0,50536
2021-01-21,82.0828857421875,120.80000305175781,121.93000030517578,120.5999984741211,121.02999877929688,58866
2021-01-22,81.92659759521484,120.56999969482422,121.83999633789062,120.5,121.0,61622
2021-01-26,82.47699737548828,121.37999725341797,121.72000122070312,121.0,121.0,47064
2021-01-27,82.36827087402344,121.22000122070312,121.98999786376953,121.08000183105469,121.75,44410
2021-01-28,82.19160461425781,120.95999908447266,121.91000366210938,120.58999633789062,121.62000274658203,58118
2021-01-29,82.21876525878906,121.0,121.4000015258789,120.80000305175781,121.0,60281
2021-02-01,81.58003997802734,120.05999755859375,120.98999786376953,119.80000305175781,120.98999786376953,75173
2021-02-02,81.64798736572266,120.16000366210938,120.58000183105469,120.01000213623047,120.20999908447266,50550
2021-02-03,82.0828857421875,120.80000305175781,120.80000305175781,120.4000015258789,120.5,37750
2021-02-04,82.42262268066406,121.30000305175781,121.4000015258789,120.80000305175781,120.80000305175781,36725
2021-02-05,83.55736541748047,122.97000122070312,122.97000122070312,121.48999786376953,121.48999786376953,32892
2021-02-08,84.59700012207031,124.5,125.12999725341797,122.9000015258789,122.9000015258789,40324
2021-02-09,85.10662078857422,125.25,125.81999969482422,123.9000015258789,124.55999755859375,26516
2021-02-10,85.41240692138672,125.69999694824219,126.0,124.86000061035156,125.69999694824219,35809
2021-02-11,85.2629165649414,125.4800033569336,125.97000122070312,125.0199966430664,125.70999908447266,26451
2021-02-12,85.04547882080078,125.16000366210938,125.8499984741211,125.0199966430664,125.8499984741211,39959
2021-02-17,85.2764892578125,125.5,125.79000091552734,125.01000213623047,125.19999694824219,31095
2021-02-18,83.74761962890625,123.25,125.80000305175781,123.1500015258789,125.5,61959
2021-02-19,82.83711242675781,121.91000366210938,123.94999694824219,121.80000305175781,123.73999786376953,54581
2021-02-22,82.88467407226562,121.9800033569336,122.4000015258789,121.0,122.05000305175781,55671
2021-02-23,82.88467407226562,121.9800033569336,122.3499984741211,121.18000030517578,122.0,56528
2021-02-24,83.82917785644531,123.37000274658203,123.4800033569336,122.0,122.0,56701
2021-02-25,84.03982543945312,123.68000030517578,125.4000015258789,123.4000015258789,123.94999694824219,53815
2021-02-26,83.91748809814453,123.5,124.56999969482422,123.0199966430664,124.19999694824219,53859
2021-03-01,82.59248352050781,121.55000305175781,124.54000091552734,121.5,123.52999877929688,50993
2021-03-02,82.15083312988281,120.9000015258789,122.4000015258789,120.44000244140625,122.0,59649
2021-03-03,82.4837875366211,121.38999938964844,121.9000015258789,120.55999755859375,120.9000015258789,43050
2021-03-04,81.50527954101562,119.94999694824219,121.37999725341797,119.69999694824219,121.37999725341797,52838
2021-03-05,80.99568176269531,119.19999694824219,120.9800033569336,119.05999755859375,119.98999786376953,69547
2021-03-08,80.24826049804688,118.0999984741211,119.9800033569336,118.0199966430664,119.2300033569336,79473
2021-03-09,80.7238998413086,118.80000305175781,120.13999938964844,118.0,118.0999984741211,79398
2021-03-10,80.7238998413086,118.80000305175781,119.33000183105469,118.25,118.25,48829
2021-03-11,81.23351287841797,119.55000305175781,119.77999877929688,118.73999786376953,118.80000305175781,51262
2021-03-12,80.76466369628906,118.86000061035156,119.94000244140625,118.86000061035156,119.55999755859375,45186
2021-03-15,80.8462142944336,118.9800033569336,119.62000274658203,118.31999969482422,119.19000244140625,43707
2021-03-16,80.99568176269531,119.19999694824219,119.43000030517578,118.41999816894531,119.0,51166
2021-03-17,80.85980224609375,119.0,119.27999877929688,118.75,119.27999877929688,37643
2021-03-18,80.37055969238281,118.27999877929688,119.0,118.01000213623047,118.9800033569336,41249
2021-03-19,80.18028259277344,118.0,118.61000061035156,117.52999877929688,118.27999877929688,44257
2021-03-22,80.05119323730469,117.80999755859375,118.30000305175781,117.66000366210938,118.0,35215
2021-03-23,79.84734344482422,117.51000213623047,118.48999786376953,117.51000213623047,117.9000015258789,41729
2021-03-24,80.02400970458984,117.7699966430664,118.0,117.0999984741211,117.51000213623047,36211
2021-03-25,80.18028259277344,118.0,118.0999984741211,117.7699966430664,117.7699966430664,32608
2021-03-26,79.6978530883789,117.29000091552734,118.23999786376953,117.0,118.0,44466
2021-03-29,79.90848541259766,117.5999984741211,118.0999984741211,117.01000213623047,117.3499984741211,29944
2021-03-30,80.18028259277344,118.0,118.0,117.0,117.9000015258789,33544
2021-03-31,80.17350006103516,117.98999786376953,118.06999969482422,117.79000091552734,117.98999786376953,35339
2021-04-01,80.19388580322266,118.0199966430664,118.18000030517578,116.5999984741211,117.5,47444
2021-04-05,80.21426391601562,118.05000305175781,118.05000305175781,117.5,118.0,43606
2021-04-06,80.13272094726562,117.93000030517578,118.18000030517578,117.5999984741211,117.94000244140625,36114
2021-04-07,79.61628723144531,117.16999816894531,118.12999725341797,117.05999755859375,117.93000030517578,56237
2021-04-08,79.61628723144531,117.16999816894531,117.9000015258789,117.16999816894531,117.2300033569336,31110
2021-04-09,80.01042938232422,117.75,117.87000274658203,117.48999786376953,117.69999694824219,39816
2021-04-12,79.8405532836914,117.5,117.75,117.4000015258789,117.75,29106
2021-04-13,80.159912109375,117.97000122070312,117.98999786376953,117.30000305175781,117.44999694824219,31618
2021-04-14,80.11235809326172,117.9000015258789,117.94999694824219,117.7300033569336,117.94999694824219,33636
2021-04-15,79.64347839355469,117.20999908447266,117.9000015258789,117.19999694824219,117.80000305175781,34763
2021-04-16,79.69105529785156,117.27999877929688,117.77999877929688,117.16999816894531,117.22000122070312,30268
2021-04-19,79.5959243774414,117.13999938964844,117.5,117.0,117.27999877929688,33906
2021-04-20,79.8405532836914,117.5,117.80000305175781,117.0,117.13999938964844,48874
2021-04-22,79.8405532836914,117.5,117.80000305175781,117.33000183105469,117.5,37012
2021-04-23,79.8609390258789,117.52999877929688,117.5999984741211,117.19999694824219,117.5,37850
2021-04-26,79.8405532836914,117.5,117.58000183105469,117.0999984741211,117.52999877929688,38282
2021-04-27,80.02400970458984,117.7699966430664,117.83000183105469,117.4000015258789,117.5,31783
2021-04-28,79.7726058959961,117.4000015258789,117.88999938964844,117.04000091552734,117.7699966430664,49685
2021-04-29,79.8405532836914,117.5,117.8499984741211,117.30000305175781,117.4000015258789,31485
2021-04-30,80.11235809326172,117.9000015258789,117.9000015258789,117.5,117.52999877929688,52044
2021-05-03,79.93567657470703,117.63999938964844,117.9000015258789,117.0,117.5,44388
2021-05-04,80.7238998413086,118.80000305175781,119.4000015258789,117.41000366210938,117.63999938964844,54264
2021-05-05,80.64911651611328,118.69000244140625,119.0,117.91999816894531,118.80000305175781,38780
2021-05-06,81.1315689086914,119.4000015258789,119.48999786376953,118.61000061035156,118.69000244140625,41095
2021-05-07,81.09761810302734,119.3499984741211,120.94999694824219,119.23999786376953,119.44999694824219,61103
2021-05-10,81.47135162353516,119.9000015258789,120.19000244140625,119.44999694824219,119.44999694824219,45142
2021-05-11,81.4373550415039,119.8499984741211,120.9000015258789,119.55000305175781,119.88999938964844,52722
2021-05-12,81.53927612304688,120.0,120.44000244140625,119.8499984741211,119.86000061035156,41127
2021-05-13,81.66159057617188,120.18000030517578,120.33000183105469,119.88999938964844,120.19999694824219,22370
2021-05-14,81.90620422363281,120.54000091552734,120.75,119.94999694824219,120.18000030517578,49541
2021-05-17,81.47135162353516,119.9000015258789,120.72000122070312,119.88999938964844,120.58999633789062,39305
2021-05-18,81.85186767578125,120.45999908447266,120.47000122070312,119.87000274658203,120.04000091552734,64312
2021-05-19,80.39775085449219,118.31999969482422,120.48999786376953,118.0,120.45999908447266,71951
2021-05-20,80.4588851928711,118.41000366210938,119.3499984741211,118.11000061035156,118.31999969482422,37978
2021-05-21,79.94246673583984,117.6500015258789,119.3499984741211,117.5999984741211,118.80000305175781,33185
2021-05-24,79.4328384399414,116.9000015258789,118.62999725341797,116.69999694824219,117.6500015258789,42183
2021-05-25,79.19503784179688,116.55000305175781,117.20999908447266,116.47000122070312,116.88999938964844,39357
2021-05-26,79.11347961425781,116.43000030517578,118.5,116.25,117.0,45054
2021-05-27,79.44644927978516,116.91999816894531,117.66000366210938,116.25,116.5,32633
2021-05-28,80.17350006103516,117.98999786376953,118.0999984741211,116.8499984741211,116.9000015258789,29968
2021-05-31,79.51439666748047,117.0199966430664,118.4000015258789,116.6500015258789,118.11000061035156,51569
2021-06-01,78.55628967285156,115.61000061035156,117.0199966430664,115.12999725341797,116.91999816894531,59690
2021-06-02,78.88925170898438,116.0999984741211,117.0,115.61000061035156,115.8499984741211,42774
2021-06-04,79.54838562011719,117.06999969482422,117.68000030517578,115.9000015258789,116.0,39787
2021-06-07,78.95719146728516,116.19999694824219,117.4800033569336,115.69999694824219,117.4000015258789,53600
2021-06-08,80.3094253540039,118.19000244140625,118.41999816894531,116.29000091552734,116.29000091552734,40459
2021-06-09,80.11235809326172,117.9000015258789,118.19000244140625,117.3499984741211,118.19000244140625,36831
2021-06-10,80.18028259277344,118.0,118.33999633789062,117.44999694824219,118.0,26637
2021-06-11,80.04442596435547,117.80000305175781,118.33999633789062,117.5,118.33000183105469,23239
2021-06-14,80.18028259277344,118.0,118.1500015258789,117.0999984741211,118.04000091552734,35663
2021-06-15,79.82015991210938,117.47000122070312,117.98999786376953,116.97000122070312,117.98999786376953,33584
2021-06-16,79.23580169677734,116.61000061035156,117.45999908447266,116.61000061035156,117.45999908447266,27643
2021-06-17,79.15426635742188,116.48999786376953,116.95999908447266,116.0999984741211,116.5999984741211,34105
2021-06-18,78.82132720947266,116.0,116.62000274658203,115.29000091552734,116.20999908447266,36561
2021-06-21,78.14181518554688,115.0,116.45999908447266,114.95999908447266,116.0,42639
2021-06-22,76.44306945800781,112.5,115.76000213623047,112.33999633789062,115.25,63433
2021-06-23,75.6616439819336,111.3499984741211,113.41999816894531,110.80000305175781,112.80000305175781,45026
2021-06-24,75.07731628417969,110.48999786376953,112.5999984741211,110.0,111.29000091552734,52634
2021-06-25,72.70587158203125,107.0,110.4000015258789,106.19999694824219,110.4000015258789,80355
2021-06-28,73.39894104003906,108.0199966430664,109.98999786376953,102.08999633789062,107.0,86048
2021-06-29,75.01616668701172,110.4000015258789,111.98999786376953,107.80000305175781,108.0,39621
2021-06-30,74.0920181274414,109.04000091552734,111.55000305175781,108.0,110.41000366210938,40336
2021-07-01,74.55409240722656,109.72000122070312,110.44000244140625,109.0,109.87999725341797,25608
2021-07-02,76.30037689208984,112.29000091552734,112.29000091552734,110.0,110.01000213623047,25006
2021-07-05,77.08858489990234,113.44999694824219,113.98999786376953,112.29000091552734,112.29000091552734,26562
2021-07-06,76.64689636230469,112.80000305175781,113.94999694824219,112.80000305175781,113.80000305175781,28566
2021-07-07,77.25846862792969,113.69999694824219,113.79000091552734,112.80999755859375,113.23999786376953,25673
2021-07-08,76.8371810913086,113.08000183105469,113.79000091552734,112.52999877929688,113.69999694824219,24177
2021-07-12,77.80207824707031,114.5,114.83999633789062,112.56999969482422,113.08000183105469,39721
2021-07-13,79.47364044189453,116.95999908447266,117.0,114.5,114.5,31509
2021-07-14,79.50077056884766,117.0,117.48999786376953,116.1500015258789,117.0,35039
2021-07-15,79.36491394042969,116.80000305175781,117.31999969482422,116.5,117.30000305175781,24048
2021-07-16,79.73861694335938,117.3499984741211,117.4800033569336,116.68000030517578,116.80000305175781,24579
2021-07-19,79.90170288085938,117.58999633789062,118.0,116.94999694824219,117.22000122070312,32451
2021-07-20,79.70465850830078,117.30000305175781,117.94999694824219,117.0,117.58999633789062,23275
2021-07-21,79.73861694335938,117.3499984741211,117.5999984741211,117.30000305175781,117.30000305175781,13974
2021-07-22,79.8880844116211,117.56999969482422,117.80000305175781,117.29000091552734,117.3499984741211,20550
2021-07-23,80.04442596435547,117.80000305175781,118.0,117.30000305175781,117.66999816894531,45658
2021-07-26,80.04442596435547,117.80000305175781,118.06999969482422,117.5,117.9000015258789,28484
2021-07-27,79.75901794433594,117.37999725341797,118.08000183105469,117.27999877929688,117.80000305175781,31959
2021-07-28,80.01042938232422,117.75,117.9000015258789,115.51000213623047,117.37999725341797,31577
2021-07-29,78.54949188232422,115.5999984741211,117.9000015258789,115.58000183105469,116.5,52718
2021-07-30,78.54949188232422,115.5999984741211,116.4800033569336,115.25,115.80999755859375,36751
2021-08-02,77.52346801757812,114.08999633789062,116.0999984741211,113.69999694824219,115.69999694824219,28524
2021-08-03,77.74089813232422,114.41000366210938,115.0,113.83000183105469,114.08999633789062,24132
2021-08-04,77.05461883544922,113.4000015258789,114.5,113.05999755859375,114.0,19466
2021-08-05,76.354736328125,112.37000274658203,113.79000091552734,112.01000213623047,113.4000015258789,28681
2021-08-06,76.18488311767578,112.12000274658203,113.0,112.05000305175781,112.37000274658203,22903
2021-08-09,76.18488311767578,112.12000274658203,112.58000183105469,111.75,112.12000274658203,33186
2021-08-10,75.69563293457031,111.4000015258789,112.9000015258789,110.62999725341797,112.30000305175781,43917
2021-08-11,75.44422912597656,111.02999877929688,111.58999633789062,111.0199966430664,111.4000015258789,30863
2021-08-12,74.94139099121094,110.29000091552734,111.30000305175781,109.0,111.30000305175781,33329
2021-08-13,75.48497009277344,111.08999633789062,111.5999984741211,109.7699966430664,110.25,36038
2021-08-16,74.6763687133789,109.9000015258789,111.3499984741211,109.30000305175781,111.12999725341797,27293
2021-08-17,74.20075225830078,109.19999694824219,111.05000305175781,107.30000305175781,110.80000305175781,45989
2021-08-18,74.26868438720703,109.30000305175781,109.9000015258789,106.56999969482422,109.25,42791
2021-08-19,73.07957458496094,107.55000305175781,109.9000015258789,107.0,107.05999755859375,35036
2021-08-20,72.67869567871094,106.95999908447266,108.79000091552734,106.23999786376953,107.86000061035156,29517
2021-08-23,72.43407440185547,106.5999984741211,107.98999786376953,106.5999984741211,106.95999908447266,27418
2021-08-24,72.60393524169922,106.8499984741211,107.5999984741211,106.45999908447266,107.5999984741211,29382
2021-08-25,72.59713745117188,106.83999633789062,107.98999786376953,106.55999755859375,106.8499984741211,25315
2021-08-26,72.41368103027344,106.56999969482422,107.5999984741211,106.04000091552734,106.8499984741211,23610
2021-08-27,72.21661376953125,106.27999877929688,107.19999694824219,105.83000183105469,106.83000183105469,30456
2021-08-30,71.95840454101562,105.9000015258789,108.0,105.04000091552734,106.27999877929688,45787
2021-08-31,72.35932159423828,106.48999786376953,106.79000091552734,105.94000244140625,106.08000183105469,34020
2021-09-01,71.21096801757812,104.80000305175781,107.0,103.5,106.29000091552734,39063
2021-09-02,71.82250213623047,105.69999694824219,106.16999816894531,104.41000366210938,104.98999786376953,29458
2021-09-03,72.02637481689453,106.0,108.0,105.69999694824219,105.7300033569336,30334
2021-09-06,71.88368225097656,105.79000091552734,106.0,104.8499984741211,105.87999725341797,24426
2021-09-08,71.55071258544922,105.30000305175781,106.4000015258789,104.76000213623047,105.80000305175781,32218
2021-09-09,71.95840454101562,105.9000015258789,106.80999755859375,105.19999694824219,105.30000305175781,33782
2021-09-10,71.95840454101562,105.9000015258789,107.58999633789062,105.9000015258789,106.4000015258789,29155
2021-09-13,72.09430694580078,106.0999984741211,107.38999938964844,105.0199966430664,106.0999984741211,37107
2021-09-14,72.78060150146484,107.11000061035156,107.51000213623047,106.0999984741211,106.0999984741211,18478
2021-09-15,73.24266052246094,107.79000091552734,108.83999633789062,106.30000305175781,107.11000061035156,26223
2021-09-16,72.712646484375,107.01000213623047,108.19999694824219,106.81999969482422,107.80000305175781,23424
2021-09-17,73.24944305419922,107.80000305175781,108.0,107.05999755859375,107.29000091552734,32935
2021-09-20,71.68661499023438,105.5,107.79000091552734,105.44000244140625,107.61000061035156,29222
2021-09-21,70.87800598144531,104.30999755859375,105.94000244140625,104.05000305175781,105.88999938964844,30611
2021-09-22,71.82930755615234,105.70999908447266,106.93000030517578,104.48999786376953,104.48999786376953,27463
2021-09-23,72.29816436767578,106.4000015258789,108.0,105.72000122070312,105.72000122070312,20062
2021-09-24,72.56315612792969,106.79000091552734,107.45999908447266,105.5,106.4000015258789,18531
2021-09-27,73.4057388305664,108.02999877929688,108.02999877929688,106.79000091552734,106.79000091552734,26547
2021-09-28,72.63111114501953,106.88999938964844,108.5999984741211,106.11000061035156,107.9000015258789,23364
2021-09-29,72.01277160644531,105.9800033569336,106.9000015258789,105.69999694824219,106.5999984741211,30561
2021-09-30,71.76136779785156,105.61000061035156,106.5,105.19000244140625,106.27999877929688,26980
2021-10-01,69.24044036865234,101.9000015258789,105.41999816894531,101.16999816894531,104.94999694824219,71340
2021-10-04,69.09776306152344,101.69000244140625,102.44999694824219,101.51000213623047,102.0999984741211,32825
2021-10-05,68.49980926513672,100.80999755859375,102.45999908447266,100.44000244140625,101.76000213623047,32414
2021-10-06,69.9199447631836,102.9000015258789,102.9800033569336,100.55000305175781,101.29000091552734,35318
2021-10-07,70.0898208618164,103.1500015258789,104.81999969482422,102.91000366210938,102.91000366210938,23082
2021-10-08,70.95276641845703,104.41999816894531,104.6500015258789,103.19999694824219,103.19999694824219,27086
2021-10-11,71.61868286132812,105.4000015258789,105.97000122070312,103.5999984741211,104.5,26404
2021-10-13,70.32084655761719,103.48999786376953,105.87999725341797,103.25,105.16000366210938,49310
2021-10-14,70.32762145996094,103.5,103.5,103.2300033569336,103.5,27434
2021-10-15,70.24609375,103.37999725341797,103.5,102.51000213623047,103.5,45437
2021-10-18,69.84518432617188,102.79000091552734,103.4800033569336,102.0199966430664,103.19999694824219,48195
2021-10-19,69.70250701904297,102.58000183105469,103.0,102.5,102.93000030517578,39439
2021-10-20,69.5122299194336,102.30000305175781,102.95999908447266,102.0,102.72000122070312,38819
2021-10-21,69.6549301147461,102.51000213623047,102.6500015258789,101.5,102.1500015258789,33207
2021-10-22,69.89276123046875,102.86000061035156,102.9000015258789,101.25,102.55000305175781,42139
2021-10-25,69.7636489868164,102.66999816894531,102.86000061035156,102.0,102.86000061035156,26254
2021-10-26,69.49185943603516,102.2699966430664,102.98999786376953,102.19999694824219,102.5,28016
2021-10-27,69.34915161132812,102.05999755859375,102.6500015258789,102.0,102.26000213623047,20636
2021-10-28,69.30840301513672,102.0,102.5,101.0199966430664,102.47000122070312,19110
2021-10-29,68.62891387939453,101.0,102.0,100.79000091552734,102.0,24275
2021-11-01,67.7795181274414,99.75,101.01000213623047,99.5,101.0,25041
2021-11-03,67.14080047607422,98.80999755859375,100.0999984741211,98.2300033569336,99.75,28585
2021-11-04,66.04000091552734,97.19000244140625,98.9000015258789,97.0,98.80999755859375,25290
2021-11-05,65.97884368896484,97.0999984741211,97.79000091552734,97.0,97.19000244140625,25204
2021-11-08,65.23143005371094,96.0,97.0,95.66999816894531,97.0,24604
2021-11-09,64.12384796142578,94.37000274658203,96.80000305175781,93.72000122070312,96.0,36922
2021-11-10,63.4647331237793,93.4000015258789,95.0999984741211,93.06999969482422,94.37000274658203,30254
2021-11-11,63.566654205322266,93.55000305175781,93.95999908447266,93.11000061035156,93.43000030517578,27223
2021-11-12,62.00382614135742,91.25,95.0,91.12999725341797,93.5999984741211,50437
2021-11-16,63.05703353881836,92.80000305175781,93.20999908447266,91.3499984741211,91.3499984741211,48602
2021-11-17,63.53951644897461,93.51000213623047,93.51000213623047,92.20999908447266,92.80000305175781,27202
2021-11-18,62.64934539794922,92.19999694824219,94.5,92.11000061035156,93.51000213623047,33091
2021-11-19,63.940345764160156,94.0999984741211,94.19999694824219,92.0999984741211,92.66999816894531,25208
2021-11-22,62.581424713134766,92.0999984741211,94.45999908447266,92.05999755859375,94.0999984741211,39533
2021-11-23,62.785247802734375,92.4000015258789,93.30000305175781,91.5,92.47000122070312,24907
2021-11-24,60.855472564697266,89.55999755859375,92.4000015258789,89.55999755859375,92.4000015258789,41773
2021-11-25,59.53046417236328,87.61000061035156,90.4000015258789,87.5,89.55999755859375,40794
2021-11-26,59.673160552978516,87.81999969482422,88.0,86.51000213623047,87.61000061035156,44821
2021-11-29,59.65956497192383,87.80000305175781,88.9000015258789,87.5999984741211,88.0,53034
2021-11-30,59.944969177246094,88.22000122070312,90.0,87.98999786376953,87.98999786376953,36447
2021-12-01,58.3685302734375,85.9000015258789,89.87999725341797,84.38999938964844,87.81999969482422,63778
2021-12-02,58.59958267211914,86.23999786376953,88.0,85.0,86.0,46103
2021-12-03,60.15559387207031,88.52999877929688,89.4000015258789,86.23999786376953,86.23999786376953,31145
2021-12-06,63.42396926879883,93.33999633789062,94.44000244140625,88.62000274658203,88.62000274658203,56207
2021-12-07,63.53267288208008,93.5,97.70999908447266,92.06999969482422,93.55000305175781,66240
2021-12-08,62.81243133544922,92.44000244140625,94.98999786376953,91.33999633789062,93.62000274658203,74620
2021-12-09,62.18050003051758,91.51000213623047,94.30000305175781,90.73999786376953,92.77999877929688,51679
2021-12-10,62.39113235473633,91.81999969482422,92.41999816894531,90.33000183105469,91.87999725341797,60389
2021-12-13,62.194091796875,91.52999877929688,93.3499984741211,91.0999984741211,92.0,63418
2021-12-14,62.17369079589844,91.5,92.9000015258789,91.05000305175781,91.86000061035156,54580
2021-12-15,63.0230827331543,92.75,94.0,91.51000213623047,91.51000213623047,68660
2021-12-16,63.53267288208008,93.5,94.19000244140625,92.75,92.75,43036
2021-12-17,65.74784851074219,96.76000213623047,96.76000213623047,93.05999755859375,93.5999984741211,34658
2021-12-20,65.55078887939453,96.47000122070312,98.29000091552734,96.47000122070312,96.75,40252
2021-12-21,66.76708984375,98.26000213623047,98.30999755859375,96.20999908447266,96.66000366210938,32109
2021-12-22,66.59042358398438,98.0,98.48999786376953,97.44000244140625,98.48999786376953,31015
2021-12-23,67.75235748291016,99.70999908447266,100.0,97.69000244140625,98.0,24850
2021-12-27,69.2879867553711,101.97000122070312,101.9800033569336,99.13999938964844,99.70999908447266,22278
2021-12-28,71.22456359863281,104.81999969482422,104.83000183105469,101.87000274658203,101.97000122070312,20504
2021-12-29,72.01277160644531,105.9800033569336,106.7699966430664,104.30000305175781,104.81999969482422,24931
2021-12-30,71.7205810546875,105.55000305175781,107.44999694824219,105.0,105.9800033569336,19268
2022-01-03,66.03324127197266,97.18000030517578,104.36000061035156,96.69999694824219,104.36000061035156,181919
2022-01-04,66.79426574707031,98.30000305175781,99.5,97.29000091552734,97.29000091552734,50268
2022-01-05,63.98114776611328,94.16000366210938,98.68000030517578,94.12999725341797,98.30000305175781,107276
2022-01-06,65.60514831542969,96.55000305175781,97.48999786376953,94.54000091552734,94.54000091552734,30431
2022-01-07,66.54283905029297,97.93000030517578,97.9800033569336,96.5999984741211,96.6500015258789,26064
2022-01-10,66.9097671508789,98.47000122070312,98.83000183105469,97.05999755859375,97.9000015258789,35010
2022-01-11,68.75118255615234,101.18000030517578,101.94999694824219,98.5,98.8499984741211,35999
2022-01-12,68.62891387939453,101.0,102.6500015258789,99.86000061035156,101.18000030517578,39908
2022-01-13,70.43634796142578,103.66000366210938,103.88999938964844,100.5,101.0,35412
2022-01-14,70.84403228759766,104.26000213623047,104.5,102.5,103.38999938964844,32588
2022-01-17,70.49750518798828,103.75,104.79000091552734,102.80000305175781,104.26000213623047,27472
2022-01-18,72.02637481689453,106.0,106.31999969482422,103.01000213623047,103.75,41500
2022-01-19,72.43407440185547,106.5999984741211,107.38999938964844,105.62000274658203,105.98999786376953,40780
2022-01-20,71.380859375,105.05000305175781,107.27999877929688,104.0199966430664,106.5999984741211,59860
2022-01-21,72.76700592041016,107.08999633789062,107.23999786376953,104.55000305175781,105.0999984741211,40634
2022-01-24,72.33216094970703,106.44999694824219,107.7699966430664,105.94999694824219,107.0,29319
2022-01-25,71.35365295410156,105.01000213623047,107.19999694824219,105.0,106.80000305175781,29631
2022-01-26,69.07056427001953,101.6500015258789,105.0,99.05000305175781,104.5199966430664,68977
2022-01-27,69.50545501708984,102.29000091552734,102.79000091552734,100.08999633789062,102.25,37837
2022-01-28,69.64813232421875,102.5,102.98999786376953,101.69999694824219,102.30000305175781,19271
2022-01-31,69.7160873413086,102.5999984741211,103.30000305175781,100.54000091552734,102.5,29865
2022-02-01,69.64813232421875,102.5,103.38999938964844,101.16000366210938,102.30999755859375,22695
2022-02-02,69.84518432617188,102.79000091552734,103.6500015258789,101.5,101.91000366210938,31094
2022-02-03,69.06376647949219,101.63999938964844,103.94999694824219,101.44999694824219,102.91000366210938,23353
2022-02-04,69.21324920654297,101.86000061035156,102.44999694824219,100.01000213623047,101.63999938964844,35360
2022-02-07,69.17250061035156,101.80000305175781,102.69000244140625,101.19999694824219,101.86000061035156,23997
2022-02-08,69.64813232421875,102.5,102.69000244140625,101.30999755859375,101.80000305175781,21582
2022-02-09,69.39672088623047,102.12999725341797,102.97000122070312,101.79000091552734,102.45999908447266,21361
2022-02-10,69.57339477539062,102.38999938964844,103.19999694824219,101.30999755859375,102.12999725341797,21244
2022-02-11,68.9686279296875,101.5,102.91999816894531,101.0,102.4000015258789,17498
2022-02-14,67.97655487060547,100.04000091552734,102.54000091552734,100.04000091552734,101.5,36726
2022-02-15,67.7795181274414,99.75,100.63999938964844,99.23999786376953,100.04000091552734,46244
2022-02-16,67.85428619384766,99.86000061035156,100.0,99.16000366210938,99.75,19070
2022-02-17,67.7795181274414,99.75,101.02999877929688,99.26000213623047,99.86000061035156,24402
2022-02-18,68.22118377685547,100.4000015258789,100.98999786376953,99.76000213623047,99.8499984741211,19804
2022-02-21,67.94937133789062,100.0,101.05999755859375,99.80999755859375,100.4000015258789,21660
2022-02-22,67.87464904785156,99.88999938964844,100.98999786376953,99.37999725341797,100.0,29085
2022-02-23,67.21554565429688,98.91999816894531,100.81999969482422,98.4000015258789,99.5,34382
2022-02-24,66.75347900390625,98.23999786376953,98.9000015258789,97.05000305175781,98.7300033569336,26342
2022-02-25,69.6141586303711,102.44999694824219,102.44999694824219,98.45999908447266,98.69999694824219,42952
2022-03-02,68.88711547851562,101.37999725341797,102.43000030517578,101.1500015258789,102.0,23296
2022-03-03,68.01737213134766,100.0999984741211,101.98999786376953,100.0999984741211,101.79000091552734,20209
2022-03-04,67.38542175292969,99.16999816894531,101.58999633789062,98.2300033569336,100.23999786376953,34212
2022-03-07,66.97091674804688,98.55999755859375,99.5,98.05999755859375,99.16999816894531,23779
2022-03-08,67.26310729980469,98.98999786376953,99.19999694824219,97.56999969482422,98.48999786376953,21974
2022-03-09,66.67874908447266,98.12999725341797,99.0,98.0,98.98999786376953,18651
2022-03-10,67.22233581542969,98.93000030517578,99.0,97.97000122070312,98.12999725341797,12818
2022-03-11,67.54169464111328,99.4000015258789,100.88999938964844,98.5,98.93000030517578,19596
2022-03-14,66.62438201904297,98.05000305175781,100.41999816894531,98.0,99.4000015258789,18898
2022-03-15,66.86222076416016,98.4000015258789,99.1500015258789,98.04000091552734,98.29000091552734,23851
2022-03-16,67.94937133789062,100.0,100.43000030517578,98.41000366210938,98.6500015258789,25664
2022-03-17,67.52133178710938,99.37000274658203,100.0,98.4000015258789,100.0,22695
2022-03-18,67.21554565429688,98.91999816894531,99.79000091552734,98.69999694824219,98.7300033569336,19515
2022-03-21,66.29145812988281,97.55999755859375,99.2300033569336,97.16999816894531,98.91999816894531,28232
2022-03-22,66.96414184570312,98.55000305175781,98.61000061035156,97.5,97.69999694824219,19551
2022-03-23,66.9233627319336,98.48999786376953,98.58000183105469,97.66999816894531,98.0,17378
2022-03-24,66.86900329589844,98.41000366210938,98.95999908447266,98.0999984741211,98.48999786376953,20793
2022-03-25,67.02529907226562,98.63999938964844,99.05999755859375,98.4000015258789,98.4000015258789,16735
2022-03-28,66.76708984375,98.26000213623047,99.06999969482422,98.06999969482422,98.9800033569336,27620
2022-03-29,66.89617156982422,98.44999694824219,99.01000213623047,98.11000061035156,98.26000213623047,23831
2022-03-30,67.22914123535156,98.94000244140625,100.0,98.44999694824219,98.45999908447266,20356
2022-03-31,67.67762756347656,99.5999984741211,99.95999908447266,98.97000122070312,99.0199966430664,18913
2022-04-01,67.37184143066406,99.1500015258789,99.58999633789062,98.37000274658203,98.9000015258789,21395
2022-04-04,67.24952697753906,98.97000122070312,99.55999755859375,98.80999755859375,99.1500015258789,28422
2022-04-05,68.27557373046875,100.4800033569336,100.5,98.9800033569336,98.9800033569336,23900
2022-04-06,68.32313537597656,100.55000305175781,101.26000213623047,100.48999786376953,100.48999786376953,24389
2022-04-07,68.49980926513672,100.80999755859375,101.69999694824219,100.5199966430664,100.55000305175781,24046
2022-04-08,68.88031768798828,101.37000274658203,101.72000122070312,100.95999908447266,101.47000122070312,18298
2022-04-11,68.9686279296875,101.5,102.19000244140625,101.47000122070312,101.47000122070312,15686
2022-04-12,69.0093994140625,101.55999755859375,101.98999786376953,101.19999694824219,101.5,16187
2022-04-13,68.76477813720703,101.19999694824219,101.97000122070312,101.0999984741211,101.41000366210938,15130
2022-04-14,68.79878234863281,101.25,102.25,101.19999694824219,101.19999694824219,20016
2022-04-18,68.56095123291016,100.9000015258789,101.98999786376953,100.37000274658203,101.16000366210938,24034
2022-04-19,68.28913116455078,100.5,102.0,100.05000305175781,100.9000015258789,20709
2022-04-20,68.23477172851562,100.41999816894531,101.58000183105469,100.1500015258789,100.51000213623047,18296
2022-04-22,68.62891387939453,101.0,101.38999938964844,100.0,100.41999816894531,18760
2022-04-25,67.7183837890625,99.66000366210938,102.25,99.37000274658203,101.1500015258789,24454
2022-04-26,67.71154022216797,99.6500015258789,100.9000015258789,99.0,100.0,19239
2022-04-27,67.81351470947266,99.80000305175781,100.63999938964844,99.66000366210938,99.72000122070312,25292
2022-04-28,68.62891387939453,101.0,101.93000030517578,100.0199966430664,100.02999877929688,20757
2022-04-29,68.77156829833984,101.20999908447266,102.25,101.05999755859375,101.05999755859375,22952
2022-05-02,68.08053588867188,99.5,101.19999694824219,99.5,101.0,22399
2022-05-03,67.89579010009766,99.2300033569336,100.0,99.0,99.9000015258789,15342
2022-05-04,68.08053588867188,99.5,99.5,98.5,99.2300033569336,15094
2022-05-05,67.32787322998047,98.4000015258789,99.36000061035156,98.16000366210938,99.33000183105469,27821
2022-05-06,67.46471405029297,98.5999984741211,99.30999755859375,98.25,98.4000015258789,20740
2022-05-09,67.29366302490234,98.3499984741211,99.36000061035156,97.80000305175781,99.05999755859375,25656
2022-05-10,66.61628723144531,97.36000061035156,99.0999984741211,97.05999755859375,98.37000274658203,30667
2022-05-11,66.57518768310547,97.30000305175781,97.9800033569336,97.01000213623047,97.5,22194
2022-05-12,66.98574829101562,97.9000015258789,98.0999984741211,97.05999755859375,97.68000030517578,21631
2022-05-13,67.23206329345703,98.26000213623047,99.6500015258789,97.9000015258789,97.9800033569336,16522
2022-05-16,67.04049682617188,97.9800033569336,98.98999786376953,97.69999694824219,98.26000213623047,18731
2022-05-17,66.99944305419922,97.91999816894531,98.4800033569336,97.0999984741211,98.0,25946
2022-05-18,66.99944305419922,97.91999816894531,98.48999786376953,97.69999694824219,97.9000015258789,15288
2022-05-19,66.8010025024414,97.62999725341797,98.30000305175781,97.4000015258789,98.0,15027
2022-05-20,67.1910171508789,98.19999694824219,98.4800033569336,97.4000015258789,97.62999725341797,18792
2022-05-23,67.73841094970703,99.0,99.0,98.19999694824219,98.19999694824219,15753
2022-05-24,67.7589340209961,99.02999877929688,99.56999969482422,97.30000305175781,99.0,19466
2022-05-25,67.54679870605469,98.72000122070312,99.23999786376953,98.31999969482422,99.05000305175781,17663
2022-05-26,67.39630126953125,98.5,99.19000244140625,98.20999908447266,98.75,20471
2022-05-27,67.60154724121094,98.80000305175781,99.19999694824219,98.5,98.5,20580
2022-05-30,67.71788787841797,98.97000122070312,99.80000305175781,98.5,98.80000305175781,21569
2022-05-31,67.9094467163086,99.25,99.47000122070312,98.68000030517578,99.37000274658203,23600
2022-06-01,67.55802917480469,98.04000091552734,99.19999694824219,97.5,98.68000030517578,30513
2022-06-02,67.09635925292969,97.37000274658203,99.0,97.30000305175781,98.05999755859375,31215
2022-06-03,67.8061294555664,98.4000015258789,98.80000305175781,97.44000244140625,97.44999694824219,22888
2022-06-06,67.90946960449219,98.55000305175781,98.80000305175781,98.01000213623047,98.55000305175781,18612
2022-06-07,68.0403823852539,98.73999786376953,99.18000030517578,98.44999694824219,98.55000305175781,18546
2022-06-08,68.3160171508789,99.13999938964844,99.5,98.73999786376953,98.75,17624
2022-06-09,68.1644515991211,98.91999816894531,99.76000213623047,98.63999938964844,99.13999938964844,21777
2022-06-10,68.26779174804688,99.06999969482422,99.86000061035156,98.02999877929688,99.22000122070312,23874
2022-06-13,67.7027587890625,98.25,99.02999877929688,97.88999938964844,99.02999877929688,21040
2022-06-14,67.70963287353516,98.26000213623047,98.66999816894531,97.80000305175781,97.80000305175781,20792
2022-06-15,67.11700439453125,97.4000015258789,98.2300033569336,97.16000366210938,98.20999908447266,22673
2022-06-17,67.04119873046875,97.29000091552734,97.54000091552734,97.0199966430664,97.38999938964844,27416
2022-06-20,66.90341186523438,97.08999633789062,97.98999786376953,96.51000213623047,97.13999938964844,20483
2022-06-21,66.42793273925781,96.4000015258789,97.37999725341797,96.0,97.08000183105469,26544
2022-06-22,66.01448822021484,95.80000305175781,96.69999694824219,95.80000305175781,96.48999786376953,23702
2022-06-23,65.47698211669922,95.0199966430664,96.23999786376953,95.0,95.80999755859375,18622
2022-06-24,65.18756103515625,94.5999984741211,95.25,94.55000305175781,95.01000213623047,17624
2022-06-27,65.18756103515625,94.5999984741211,95.25,94.5,94.5999984741211,17758
2022-06-28,65.18756103515625,94.5999984741211,95.5999984741211,94.55000305175781,94.58000183105469,20371
2022-06-29,65.22200775146484,94.6500015258789,94.9000015258789,94.61000061035156,94.61000061035156,15632
2022-06-30,65.81465148925781,95.51000213623047,95.51000213623047,94.30000305175781,94.69999694824219,19907
2022-07-01,65.91876983642578,94.94999694824219,95.98999786376953,94.36000061035156,95.18000030517578,18349
2022-07-04,66.0229263305664,95.0999984741211,95.48999786376953,94.5,94.94999694824219,18021
2022-07-05,65.61328887939453,94.51000213623047,95.48999786376953,94.41000366210938,95.0999984741211,18941
2022-07-06,65.43278503417969,94.25,94.9800033569336,94.11000061035156,94.51000213623047,19085
2022-07-07,65.25922393798828,94.0,94.5999984741211,93.08000183105469,94.58999633789062,21284
2022-07-08,64.6830062866211,93.16999816894531,94.5,92.86000061035156,94.13999938964844,23117
2022-07-11,64.35672760009766,92.69999694824219,93.62000274658203,92.01000213623047,93.16999816894531,23617
2022-07-12,63.849945068359375,91.97000122070312,93.4000015258789,91.01000213623047,93.0,29841
2022-07-13,64.01653289794922,92.20999908447266,93.4000015258789,91.16000366210938,91.94999694824219,28035
2022-07-14,63.523616790771484,91.5,92.94000244140625,91.26000213623047,92.0,22198
2022-07-15,63.51667404174805,91.48999786376953,92.44999694824219,91.16000366210938,91.5199966430664,26149
2022-07-18,62.905731201171875,90.61000061035156,92.33000183105469,90.19999694824219,91.4800033569336,30642
2022-07-19,62.92656326293945,90.63999938964844,91.18000030517578,90.56999969482422,90.61000061035156,19542
2022-07-20,63.43337631225586,91.37000274658203,91.94999694824219,90.63999938964844,90.63999938964844,25280
2022-07-21,64.27342987060547,92.58000183105469,92.87999725341797,91.37000274658203,91.5199966430664,16044
2022-07-22,64.28730773925781,92.5999984741211,93.80000305175781,92.5,92.56999969482422,16611
2022-07-25,64.48167419433594,92.87999725341797,93.5999984741211,92.16999816894531,92.61000061035156,21024
2022-07-26,64.48863220214844,92.88999938964844,93.69999694824219,92.5,92.87999725341797,18690
2022-07-27,64.0790023803711,92.30000305175781,93.44000244140625,92.13999938964844,93.0199966430664,26035
2022-07-28,64.87740325927734,93.44999694824219,93.44999694824219,92.5999984741211,92.66999816894531,18500
2022-07-29,65.55083465576172,94.41999816894531,94.98999786376953,93.08000183105469,93.44999694824219,25241
2022-08-01,65.60679626464844,93.77999877929688,94.4000015258789,93.01000213623047,93.69999694824219,23644
2022-08-02,65.41792297363281,93.51000213623047,94.5,93.11000061035156,94.0999984741211,18752
2022-08-03,65.76069641113281,94.0,94.19999694824219,93.5,93.51000213623047,13506
2022-08-04,66.00554656982422,94.3499984741211,94.5,93.97000122070312,94.5,18434
2022-08-05,65.9076156616211,94.20999908447266,95.26000213623047,93.95999908447266,94.48999786376953,24696
2022-08-08,66.64218139648438,95.26000213623047,95.5,94.0999984741211,94.2699966430664,21565
2022-08-09,67.39073181152344,96.33000183105469,96.33000183105469,94.72000122070312,95.5,24479
2022-08-10,69.0837173461914,98.75,98.79000091552734,96.30000305175781,96.33000183105469,24228
2022-08-11,69.80428314208984,99.77999877929688,100.18000030517578,98.75,98.75,23317
2022-08-12,70.09810638427734,100.19999694824219,100.5,99.5,99.80000305175781,25450
2022-08-15,72.97337341308594,104.30999755859375,104.97000122070312,100.19999694824219,100.19999694824219,41076
2022-08-16,73.30217742919922,104.77999877929688,104.95999908447266,103.81999969482422,104.13999938964844,27532
2022-08-17,73.10630798339844,104.5,105.66999816894531,104.02999877929688,104.81999969482422,24661
2022-08-18,73.6310043334961,105.25,105.91999816894531,104.4000015258789,104.5,29117
2022-08-19,73.77091979980469,105.44999694824219,106.0,105.30000305175781,105.30000305175781,17722
2022-08-22,73.28120422363281,104.75,105.98999786376953,103.19000244140625,105.44999694824219,27015
2022-08-23,74.21864318847656,106.08999633789062,106.33000183105469,105.08000183105469,105.19999694824219,18527
2022-08-24,74.61040496826172,106.6500015258789,106.73999786376953,105.75,106.02999877929688,16802
2022-08-25,74.8692626953125,107.0199966430664,107.05000305175781,106.41999816894531,106.6500015258789,18353
2022-08-26,75.4149169921875,107.80000305175781,107.98999786376953,106.51000213623047,107.0,20664
2022-08-29,75.31001281738281,107.6500015258789,107.98999786376953,107.01000213623047,107.80000305175781,17154
2022-08-30,74.80631256103516,106.93000030517578,107.91999816894531,106.83000183105469,107.6500015258789,22256
2022-08-31,75.3869400024414,107.76000213623047,108.0,106.94000244140625,106.94999694824219,15008
2022-09-01,74.85872650146484,106.29000091552734,107.0999984741211,106.0199966430664,107.04000091552734,25294
2022-09-02,76.87300872802734,109.1500015258789,109.30000305175781,105.37000274658203,106.19999694824219,27019
2022-09-05,75.47146606445312,107.16000366210938,109.98999786376953,106.98999786376953,109.1500015258789,23390
2022-09-06,74.9291763305664,106.38999938964844,108.38999938964844,105.58999633789062,107.19999694824219,23645
2022-09-08,74.97140502929688,106.44999694824219,107.0,105.66999816894531,106.98999786376953,21762
2022-09-09,76.24617767333984,108.26000213623047,108.9000015258789,106.4000015258789,106.44999694824219,20968
2022-09-12,75.99263763427734,107.9000015258789,108.47000122070312,106.69999694824219,108.0,29997
2022-09-13,76.41520690917969,108.5,108.88999938964844,106.75,108.3499984741211,24914
2022-09-14,76.69693756103516,108.9000015258789,109.9800033569336,108.05000305175781,109.0199966430664,24791
2022-09-15,75.57007598876953,107.30000305175781,109.56999969482422,107.2300033569336,109.0,27496
2022-09-16,77.04203796386719,109.38999938964844,109.83000183105469,107.06999969482422,107.79000091552734,21597
2022-09-19,76.8025894165039,109.05000305175781,109.5199966430664,108.62999725341797,109.38999938964844,22758
2022-09-20,76.97160339355469,109.29000091552734,109.5199966430664,109.0,109.05000305175781,18886
2022-09-21,77.11245727539062,109.48999786376953,109.97000122070312,109.29000091552734,109.30000305175781,15005
2022-09-22,77.78860473632812,110.44999694824219,110.44999694824219,108.79000091552734,109.48999786376953,22941
2022-09-23,77.31668853759766,109.77999877929688,110.73999786376953,109.0199966430664,110.44999694824219,17269
2022-09-26,77.89421081542969,110.5999984741211,110.87999725341797,109.7699966430664,109.77999877929688,12168
2022-09-27,77.35894012451172,109.83999633789062,110.48999786376953,109.0999984741211,110.29000091552734,26414
2022-09-28,76.97160339355469,109.29000091552734,110.43000030517578,109.01000213623047,109.83999633789062,20674
2022-09-29,77.01386260986328,109.3499984741211,109.43000030517578,108.16000366210938,109.29000091552734,18409
2022-09-30,77.77449035644531,110.43000030517578,110.5,109.4800033569336,109.48999786376953,15294
2022-10-03,76.60477447509766,108.05999755859375,109.69999694824219,107.25,109.5,33209
2022-10-04,77.0584716796875,108.69999694824219,109.69999694824219,108.05000305175781,108.06999969482422,20890
2022-10-05,76.73946380615234,108.25,109.45999908447266,108.0199966430664,108.69999694824219,20840
2022-10-06,77.46965026855469,109.27999877929688,109.37000274658203,108.19999694824219,108.19999694824219,21542
2022-10-07,77.39876556396484,109.18000030517578,109.79000091552734,108.54000091552734,109.27999877929688,16430
2022-10-10,77.55470275878906,109.4000015258789,109.76000213623047,108.80000305175781,109.18000030517578,19617
2022-10-11,78.49758911132812,110.7300033569336,110.9800033569336,109.41000366210938,109.47000122070312,24783
2022-10-13,77.88082122802734,109.86000061035156,110.9800033569336,109.83999633789062,110.87000274658203,20690
2022-10-14,77.69648742675781,109.5999984741211,110.19999694824219,109.1500015258789,109.86000061035156,18869
2022-10-17,77.55470275878906,109.4000015258789,110.55000305175781,109.2300033569336,109.6500015258789,22683
2022-10-18,77.9942626953125,110.0199966430664,110.2699966430664,109.38999938964844,109.4000015258789,15515
2022-10-19,78.46210479736328,110.68000030517578,110.80000305175781,109.81999969482422,109.81999969482422,19662
2022-10-20,77.56889343261719,109.41999816894531,110.77999877929688,109.4000015258789,110.41000366210938,23568
2022-10-21,78.04385375976562,110.08999633789062,110.29000091552734,109.01000213623047,109.77999877929688,26318
2022-10-24,77.39165496826172,109.16999816894531,110.08999633789062,108.61000061035156,110.08999633789062,16338
2022-10-25,77.5121841430664,109.33999633789062,110.51000213623047,109.0,109.2300033569336,32937
2022-10-26,77.24989318847656,108.97000122070312,110.0,108.5199966430664,109.69999694824219,17738
2022-10-27,77.48384094238281,109.30000305175781,110.0,108.5999984741211,108.97000122070312,23061
2022-10-28,77.60432434082031,109.47000122070312,109.94999694824219,109.19999694824219,109.30000305175781,16665
2022-10-31,77.42002868652344,109.20999908447266,109.87000274658203,107.05000305175781,109.01000213623047,24422
2022-11-01,77.78398895263672,109.0,109.61000061035156,106.76000213623047,108.52999877929688,26074
2022-11-03,76.76351165771484,107.56999969482422,109.0,107.5,109.0,15795
2022-11-04,76.7420883178711,107.54000091552734,109.0,107.5,107.5,21244
2022-11-07,77.27014923095703,108.27999877929688,108.79000091552734,107.5999984741211,107.7300033569336,22541
2022-11-08,77.35578918457031,108.4000015258789,109.5999984741211,108.0999984741211,109.5,21883
2022-11-09,76.49948120117188,107.19999694824219,109.16999816894531,107.05000305175781,108.4000015258789,19232
2022-11-10,74.07316589355469,103.80000305175781,107.44000244140625,103.41000366210938,107.23999786376953,31117
2022-11-11,73.14550018310547,102.5,105.0,101.98999786376953,104.0,20295
2022-11-14,72.93853759765625,102.20999908447266,103.08000183105469,102.0,102.61000061035156,17620
2022-11-16,72.90288543701172,102.16000366210938,102.87999725341797,102.16000366210938,102.2300033569336,18724
2022-11-17,70.911865234375,99.37000274658203,102.20999908447266,98.70999908447266,102.1500015258789,27209
2022-11-18,71.22586822509766,99.80999755859375,100.95999908447266,99.37999725341797,99.37999725341797,21339
2022-11-21,71.50415802001953,100.19999694824219,100.91000366210938,99.6500015258789,99.80999755859375,19369
2022-11-22,70.85478210449219,99.29000091552734,101.80999755859375,98.55000305175781,100.0,29467
2022-11-23,70.68350982666016,99.05000305175781,100.7699966430664,98.1500015258789,99.29000091552734,18941
2022-11-24,70.39091491699219,98.63999938964844,99.95999908447266,98.19999694824219,99.0,12013
2022-11-25,70.99750518798828,99.48999786376953,100.47000122070312,98.63999938964844,98.63999938964844,15065
2022-11-28,71.21160125732422,99.79000091552734,100.9800033569336,99.30000305175781,99.48999786376953,13519
2022-11-29,70.73348236083984,99.12000274658203,100.73999786376953,99.0,99.79000091552734,19328
2022-11-30,71.82528686523438,100.6500015258789,101.75,99.18000030517578,100.0,18874
2022-12-01,73.6725082397461,102.5,103.98999786376953,99.5,99.93000030517578,28234
2022-12-02,73.52154541015625,102.29000091552734,103.91000366210938,101.23999786376953,101.5,13635
2022-12-05,72.98249816894531,101.54000091552734,103.0,101.04000091552734,102.29000091552734,16185
2022-12-06,73.25559997558594,101.91999816894531,102.63999938964844,101.54000091552734,101.54000091552734,14563
2022-12-07,73.2052993774414,101.8499984741211,103.44999694824219,101.26000213623047,101.91999816894531,24934
2022-12-08,72.87467193603516,101.38999938964844,101.83999633789062,100.5,101.19999694824219,16447
2022-12-09,72.83155059814453,101.33000183105469,101.8499984741211,100.68000030517578,101.38999938964844,8864
2022-12-12,71.86123657226562,99.9800033569336,101.83999633789062,99.05999755859375,101.69999694824219,21979
2022-12-13,71.22152709960938,99.08999633789062,101.45999908447266,99.0,100.0,18450
2022-12-14,69.33837890625,96.47000122070312,99.94999694824219,95.5199966430664,99.08999633789062,31256
2022-12-15,68.2818374633789,95.0,97.5,95.0,96.48999786376953,19601
2022-12-16,68.54776000976562,95.37000274658203,96.23999786376953,95.0,95.30000305175781,20358
2022-12-19,67.78589630126953,94.30999755859375,95.9800033569336,94.08000183105469,95.37000274658203,20542
2022-12-20,68.8640365600586,95.80999755859375,95.83000183105469,94.30000305175781,94.54000091552734,22286
2022-12-21,69.82716369628906,97.1500015258789,97.19999694824219,95.20999908447266,95.9800033569336,23689
2022-12-22,69.30966186523438,96.43000030517578,97.98999786376953,95.0,97.18000030517578,29136
2022-12-23,70.25841522216797,97.75,97.97000122070312,95.44999694824219,96.43000030517578,22850
2022-12-26,70.35186004638672,97.87999725341797,99.0,95.52999877929688,97.75,29581
2022-12-27,71.76778411865234,99.8499984741211,99.87000274658203,97.51000213623047,97.87000274658203,28039
2022-12-28,71.15682983398438,99.0,99.69999694824219,98.26000213623047,99.69999694824219,18021
2022-12-29,71.82527923583984,99.93000030517578,99.94999694824219,99.01000213623047,99.0999984741211,18357
2023-01-02,72.32473754882812,99.91999816894531,101.5999984741211,97.01000213623047,99.2300033569336,28108
2023-01-03,71.00736236572266,98.0999984741211,100.44000244140625,97.55000305175781,99.91999816894531,20189
2023-01-04,70.49346160888672,97.38999938964844,98.69000244140625,95.9800033569336,98.0999984741211,24465
2023-01-05,71.36927795410156,98.5999984741211,98.5999984741211,96.80000305175781,97.38999938964844,19014
2023-01-06,71.02184295654297,98.12000274658203,98.56999969482422,96.26000213623047,98.12000274658203,22583
2023-01-09,68.7635269165039,95.0,97.8499984741211,94.61000061035156,97.5,33564
2023-01-10,67.8587417602539,93.75,95.8499984741211,93.05000305175781,95.01000213623047,40388
2023-01-11,67.67778015136719,93.5,94.29000091552734,93.5,94.0,19918
2023-01-12,66.99736785888672,92.55999755859375,94.47000122070312,92.5,93.51000213623047,31673
2023-01-13,67.77909851074219,93.63999938964844,94.29000091552734,92.62999725341797,92.9000015258789,35990
2023-01-16,69.77684783935547,96.4000015258789,97.41999816894531,93.73999786376953,93.80000305175781,27317
2023-01-17,69.76235961914062,96.37999725341797,97.48999786376953,96.22000122070312,97.48999786376953,20773
2023-01-18,69.50182342529297,96.0199966430664,96.37000274658203,95.52999877929688,96.37000274658203,17718
2023-01-19,69.0023422241211,95.33000183105469,96.37999725341797,95.01000213623047,96.0199966430664,20702
2023-01-20,69.40770721435547,95.88999938964844,96.69000244140625,94.5999984741211,95.33000183105469,21482
2023-01-23,68.71282958984375,94.93000030517578,95.88999938964844,94.69999694824219,95.88999938964844,29181
2023-01-24,68.53189086914062,94.68000030517578,95.3499984741211,93.98999786376953,94.91000366210938,20653
2023-01-25,68.1554946899414,94.16000366210938,95.0,94.0,94.68000030517578,20583
2023-01-26,68.0903549194336,94.06999969482422,94.91000366210938,94.06999969482422,94.16999816894531,15805
2023-01-27,68.41607666015625,94.5199966430664,94.94999694824219,94.06999969482422,94.06999969482422,17103
2023-01-30,68.43778228759766,94.55000305175781,94.9800033569336,94.19000244140625,94.5199966430664,15655
2023-01-31,67.71394348144531,93.55000305175781,94.54000091552734,93.5,94.29000091552734,20806
2023-02-01,68.02745056152344,93.30999755859375,93.55000305175781,92.5,92.87999725341797,18456
2023-02-02,68.61067199707031,94.11000061035156,96.0,92.9000015258789,93.30999755859375,26373
2023-02-03,68.98979187011719,94.62999725341797,95.5,93.02999877929688,94.0999984741211,23647
2023-02-06,67.2911376953125,92.30000305175781,94.8499984741211,92.0999984741211,94.62999725341797,30608
2023-02-07,67.43690490722656,92.5,92.95999908447266,91.51000213623047,92.38999938964844,30180
2023-02-08,67.58272552490234,92.69999694824219,93.61000061035156,92.41999816894531,92.5,20981
2023-02-09,67.69937133789062,92.86000061035156,93.43000030517578,92.1500015258789,92.69999694824219,17530
2023-02-10,67.77957153320312,92.97000122070312,93.30000305175781,92.2699966430664,92.69999694824219,11670
2023-02-13,67.30569458007812,92.31999969482422,93.25,92.29000091552734,92.97000122070312,12855
2023-02-14,66.12464141845703,90.69999694824219,92.94999694824219,90.5999984741211,92.31999969482422,25025
2023-02-15,66.17566680908203,90.7699966430664,92.0,90.69999694824219,90.72000122070312,17341
2023-02-16,63.86456298828125,87.5999984741211,90.33999633789062,87.05999755859375,90.27999877929688,58450
2023-02-17,64.37492370605469,88.30000305175781,88.79000091552734,87.0,87.5999984741211,31988
2023-02-22,64.63008117675781,88.6500015258789,89.80000305175781,88.19999694824219,88.30000305175781,16047
2023-02-23,63.84271240234375,87.56999969482422,89.62000274658203,87.5,88.6500015258789,33145
2023-02-24,64.23639678955078,88.11000061035156,88.98999786376953,87.56999969482422,87.56999969482422,31884
2023-02-27,63.85729217529297,87.58999633789062,89.5,87.1500015258789,88.1500015258789,43077
2023-02-28,63.427162170410156,87.0,91.9000015258789,85.87000274658203,88.5199966430664,51135
2023-03-01,62.71565246582031,85.5,88.0999984741211,85.1500015258789,86.5,37949
2023-03-02,62.92836380004883,85.79000091552734,86.9800033569336,85.18000030517578,85.80999755859375,26908
2023-03-03,62.488258361816406,85.19000244140625,86.62999725341797,85.05000305175781,85.79000091552734,35012
2023-03-06,61.652069091796875,84.05000305175781,85.19999694824219,83.2699966430664,85.19000244140625,41299
2023-03-07,62.49559783935547,85.19999694824219,85.19999694824219,84.2300033569336,84.36000061035156,36975
2023-03-08,61.70340347290039,84.12000274658203,85.19999694824219,84.12000274658203,85.19000244140625,27816
2023-03-09,61.982139587402344,84.5,84.5,84.1500015258789,84.1500015258789,17836
2023-03-10,61.6153678894043,84.0,84.5,83.80000305175781,84.48999786376953,31765
2023-03-13,61.02854537963867,83.19999694824219,84.0,83.1500015258789,84.0,31468
2023-03-14,61.32196044921875,83.5999984741211,83.97000122070312,83.16999816894531,83.19999694824219,27865
2023-03-15,62.64965057373047,85.41000366210938,85.5,83.58999633789062,83.58999633789062,20619
2023-03-16,61.476016998291016,83.80999755859375,86.38999938964844,83.66999816894531,85.41000366210938,31472
2023-03-17,61.98948669433594,84.51000213623047,85.4800033569336,83.83999633789062,84.13999938964844,22562
2023-03-20,62.01881790161133,84.55000305175781,84.88999938964844,83.88999938964844,84.52999877929688,15975
2023-03-21,61.688720703125,84.0999984741211,85.48999786376953,83.5,84.54000091552734,23201
2023-03-22,61.982139587402344,84.5,84.97000122070312,83.80999755859375,84.0999984741211,22044
2023-03-23,61.74006652832031,84.16999816894531,85.19000244140625,84.0,84.5,22327
2023-03-24,62.34153747558594,84.98999786376953,85.16999816894531,84.12999725341797,84.16999816894531,22162
2023-03-27,62.825679779052734,85.6500015258789,86.27999877929688,84.3499984741211,84.98999786376953,20522
2023-03-28,63.595863342285156,86.69999694824219,86.7300033569336,85.13999938964844,85.25,26551
2023-03-29,64.10932922363281,87.4000015258789,87.97000122070312,85.7699966430664,86.87000274658203,27679
2023-03-30,64.47608947753906,87.9000015258789,88.13999938964844,87.4000015258789,87.41000366210938,26873
2023-03-31,65.0262222290039,88.6500015258789,88.93000030517578,87.0,87.9000015258789,23398
2023-04-03,62.210880279541016,84.19000244140625,90.80000305175781,83.55999755859375,88.0,57146
2023-04-04,62.88331985473633,85.0999984741211,87.16000366210938,84.61000061035156,84.61000061035156,18328
2023-04-05,63.31927490234375,85.69000244140625,86.38999938964844,84.9000015258789,85.0,22383
2023-04-06,63.10500717163086,85.4000015258789,85.68000030517578,84.81999969482422,85.08999633789062,21779
2023-04-10,63.600059509277344,86.06999969482422,86.37999725341797,85.4000015258789,85.4000015258789,14361
2023-04-11,65.19617462158203,88.2300033569336,88.83999633789062,86.06999969482422,86.06999969482422,21936
2023-04-12,65.3365707397461,88.41999816894531,88.88999938964844,86.56999969482422,88.0,25844
2023-04-13,65.86860656738281,89.13999938964844,89.70999908447266,87.12000274658203,88.41999816894531,19798
2023-04-14,66.83663177490234,90.44999694824219,90.80000305175781,88.01000213623047,88.80999755859375,26110
2023-04-17,66.41542053222656,89.87999725341797,91.79000091552734,88.94000244140625,89.5,31778
2023-04-18,67.31690979003906,91.0999984741211,91.33000183105469,89.37000274658203,89.4800033569336,20508
2023-04-19,67.92285919189453,91.91999816894531,92.76000213623047,91.08000183105469,91.08999633789062,16006
2023-04-20,69.00908660888672,93.38999938964844,93.54000091552734,91.94999694824219,91.9800033569336,15042
2023-04-24,68.42529296875,92.5999984741211,93.38999938964844,92.01000213623047,92.5199966430664,22414
2023-04-25,69.19378662109375,93.63999938964844,94.19999694824219,92.45999908447266,92.5999984741211,17670
2023-04-26,67.9967269897461,92.0199966430664,94.94999694824219,90.80000305175781,93.63999938964844,29056
2023-04-27,67.9080810546875,91.9000015258789,92.30999755859375,90.54000091552734,92.0199966430664,26468
2023-04-28,69.6815185546875,94.30000305175781,94.48999786376953,92.29000091552734,92.29000091552734,24080
2023-05-02,69.17544555664062,92.94999694824219,94.9000015258789,92.04000091552734,94.27999877929688,25167
2023-05-03,71.8843994140625,96.58999633789062,96.91000366210938,92.11000061035156,92.94000244140625,31412
2023-05-04,71.79508972167969,96.47000122070312,96.58000183105469,95.19000244140625,96.4800033569336,17377
2023-05-05,71.51974487304688,96.0999984741211,96.5,95.0,96.44999694824219,26274
2023-05-08,73.13470458984375,98.2699966430664,98.97000122070312,95.63999938964844,96.06999969482422,28325
2023-05-09,72.7923812866211,97.80999755859375,99.0,97.3499984741211,98.69999694824219,19273
2023-05-10,72.22676849365234,97.05000305175781,97.80999755859375,96.81999969482422,97.44999694824219,16339
2023-05-11,71.54205322265625,96.12999725341797,97.16999816894531,95.55999755859375,97.04000091552734,15417
2023-05-12,72.01093292236328,96.76000213623047,97.19999694824219,95.61000061035156,96.12999725341797,20383
2023-05-15,73.26863861083984,98.44999694824219,98.4800033569336,96.5,96.76000213623047,23304
2023-05-16,73.41751098632812,98.6500015258789,98.95999908447266,97.22000122070312,98.44999694824219,19186
2023-05-17,73.04540252685547,98.1500015258789,99.30000305175781,98.1500015258789,98.6500015258789,22168
2023-05-18,73.01564025878906,98.11000061035156,98.79000091552734,97.8499984741211,98.19999694824219,21529
2023-05-19,72.91886901855469,97.9800033569336,98.1500015258789,97.11000061035156,98.11000061035156,19812
2023-05-22,72.87422180175781,97.91999816894531,98.25,97.12999725341797,98.05000305175781,16186
2023-05-23,73.14215850830078,98.27999877929688,98.43000030517578,97.91999816894531,97.91999816894531,18124
2023-05-24,72.9635238647461,98.04000091552734,98.66999816894531,97.52999877929688,98.27999877929688,18460
2023-05-25,73.45474243164062,98.69999694824219,98.69999694824219,97.44999694824219,98.04000091552734,19382
2023-05-26,73.36540985107422,98.58000183105469,98.69999694824219,98.16999816894531,98.69999694824219,16172
2023-05-29,73.2314682006836,98.4000015258789,98.58000183105469,98.05000305175781,98.43000030517578,16841
2023-05-30,72.64352416992188,97.61000061035156,98.58999633789062,97.55000305175781,98.44999694824219,18307
2023-05-31,72.72537994384766,97.72000122070312,98.30000305175781,96.80000305175781,97.62999725341797,27374
2023-06-01,73.02520751953125,97.41999816894531,98.48999786376953,97.0999984741211,97.5,20981
2023-06-02,74.62186431884766,99.55000305175781,100.44999694824219,97.5,97.5,19892
2023-06-05,76.66822814941406,102.27999877929688,103.69999694824219,98.93000030517578,99.5,28685
2023-06-06,76.7431869506836,102.37999725341797,102.62999725341797,100.19999694824219,102.2699966430664,30948
2023-06-07,76.95309448242188,102.66000366210938,103.88999938964844,102.51000213623047,102.62999725341797,21265
2023-06-09,77.20795440673828,103.0,103.19000244140625,102.66000366210938,102.66000366210938,16647
2023-06-12,76.49581909179688,102.05000305175781,103.36000061035156,101.7699966430664,103.01000213623047,21331
2023-06-13,76.4583740234375,102.0,102.98999786376953,101.25,102.5,17329
2023-06-14,77.72515106201172,103.69000244140625,103.69000244140625,102.0,102.0,13904
2023-06-15,77.55274963378906,103.45999908447266,104.38999938964844,103.05000305175781,103.6500015258789,18172
2023-06-16,77.95755004882812,104.0,104.0999984741211,103.25,103.44999694824219,17351
2023-06-19,78.32482147216797,104.48999786376953,104.48999786376953,103.5,104.0,17788
2023-06-20,78.06996154785156,104.1500015258789,104.88999938964844,104.0,104.3499984741211,19742
2023-06-21,78.7520980834961,105.05999755859375,105.62999725341797,103.9000015258789,104.1500015258789,23307
2023-06-22,78.1899185180664,104.30999755859375,105.1500015258789,104.04000091552734,105.05000305175781,18267
2023-06-23,79.03693389892578,105.44000244140625,105.4800033569336,104.0999984741211,104.30999755859375,10816
2023-06-26,78.63216400146484,104.9000015258789,105.44000244140625,104.5,105.44000244140625,15462
2023-06-27,78.93951416015625,105.30999755859375,105.58000183105469,104.80000305175781,105.0,20049
2023-06-28,79.00696563720703,105.4000015258789,105.5999984741211,104.83999633789062,105.25,14528
2023-06-29,80.39370727539062,107.25,107.9800033569336,104.91999816894531,105.25,34794
2023-06-30,83.20468139648438,111.0,113.0,106.5,107.27999877929688,74159
2023-07-03,79.73464965820312,105.69999694824219,109.19999694824219,105.25,109.19999694824219,47620
2023-07-04,79.50836944580078,105.4000015258789,107.44000244140625,104.55000305175781,106.0,23401
2023-07-05,80.77566528320312,107.08000183105469,107.69000244140625,105.37000274658203,105.5,32823
2023-07-06,80.62479400634766,106.87999725341797,108.94999694824219,106.83000183105469,107.08000183105469,23985
2023-07-07,81.09251403808594,107.5,108.05999755859375,106.87999725341797,106.87999725341797,19305
2023-07-10,80.72286987304688,107.01000213623047,108.0,106.75,106.8499984741211,20858
2023-07-11,80.79829406738281,107.11000061035156,107.97000122070312,106.80000305175781,107.19999694824219,20628
2023-07-12,81.02461242675781,107.41000366210938,108.12000274658203,106.80999755859375,107.11000061035156,14935
2023-07-13,81.1226577758789,107.54000091552734,107.94999694824219,107.08000183105469,107.43000030517578,14976
2023-07-14,81.22074127197266,107.66999816894531,107.95999908447266,106.81999969482422,106.81999969482422,18944
2023-07-17,81.46965789794922,108.0,108.0,107.31999969482422,107.66999816894531,21711
2023-07-18,81.4621353149414,107.98999786376953,108.19999694824219,107.5999984741211,107.87000274658203,26885
2023-07-19,81.46965789794922,108.0,108.12000274658203,107.73999786376953,107.98999786376953,16703
2023-07-20,81.08493041992188,107.48999786376953,108.22000122070312,107.12999725341797,107.72000122070312,20363
2023-07-21,81.46965789794922,108.0,108.23999786376953,107.33999633789062,107.48999786376953,19006
2023-07-24,81.42443084716797,107.94000244140625,108.23999786376953,107.25,108.0,18748
2023-07-25,81.46965789794922,108.0,108.19999694824219,107.31999969482422,108.0,16434
2023-07-26,81.16790771484375,107.5999984741211,108.0,107.0,108.0,17413
2023-07-27,81.19810485839844,107.63999938964844,108.2300033569336,107.27999877929688,107.33999633789062,18490
2023-07-28,80.92652893066406,107.27999877929688,108.5,107.27999877929688,107.63999938964844,22406
2023-07-31,82.96327209472656,109.9800033569336,109.98999786376953,107.3499984741211,107.70999908447266,35441
2023-08-01,82.52296447753906,108.69999694824219,109.2699966430664,108.2699966430664,109.2699966430664,27696
2023-08-02,82.73550415039062,108.9800033569336,109.51000213623047,108.41999816894531,109.20999908447266,17859
2023-08-03,82.74311828613281,108.98999786376953,110.37999725341797,108.5,108.9800033569336,28485
2023-08-04,83.95780181884766,110.58999633789062,111.26000213623047,108.0,108.98999786376953,43192
2023-08-07,83.73766326904297,110.30000305175781,111.0,109.95999908447266,109.95999908447266,18414
2023-08-08,84.42849731445312,111.20999908447266,111.44000244140625,109.5999984741211,110.3499984741211,24932
2023-08-09,84.07928466796875,110.75,111.27999877929688,110.06999969482422,111.20999908447266,22283
2023-08-10,84.4133071899414,111.19000244140625,111.69000244140625,110.58999633789062,110.75,15542
2023-08-11,84.51200866699219,111.31999969482422,112.0,111.06999969482422,111.19000244140625,15531
2023-08-14,84.26148986816406,110.98999786376953,111.7300033569336,110.19999694824219,111.5,23739
2023-08-15,84.12482452392578,110.80999755859375,111.19000244140625,110.5,110.98999786376953,16362
2023-08-16,83.95023345947266,110.58000183105469,110.9800033569336,110.13999938964844,110.9800033569336,22486
2023-08-17,83.64653015136719,110.18000030517578,110.69999694824219,109.5999984741211,110.56999969482422,16544
2023-08-18,83.62376403808594,110.1500015258789,110.18000030517578,108.9000015258789,110.01000213623047,21970
2023-08-21,82.6823959350586,108.91000366210938,110.18000030517578,108.9000015258789,110.1500015258789,16692
2023-08-22,82.0826187133789,108.12000274658203,109.33999633789062,108.01000213623047,108.91000366210938,15157
2023-08-23,81.99153137207031,108.0,108.3499984741211,107.25,108.0999984741211,17053
2023-08-24,81.61194610595703,107.5,108.0,107.5,107.54000091552734,15872
2023-08-25,81.90042877197266,107.87999725341797,107.87999725341797,107.05999755859375,107.2699966430664,12876
2023-08-28,79.33439636230469,104.5,107.87999725341797,104.30999755859375,107.87999725341797,36726
2023-08-29,77.58828735351562,102.19999694824219,105.83000183105469,101.5,104.68000030517578,49394
2023-08-30,78.38542938232422,103.25,104.3499984741211,101.62000274658203,102.9800033569336,48773
2023-08-31,79.45587921142578,104.66000366210938,105.38999938964844,102.8499984741211,103.25,22481
2023-09-01,80.86214447021484,105.80000305175781,106.44000244140625,103.22000122070312,104.75,37858
2023-09-04,80.80866241455078,105.7300033569336,106.36000061035156,105.0,106.0,16866
2023-09-05,78.49286651611328,102.69999694824219,106.01000213623047,101.5999984741211,105.7300033569336,38096
2023-09-06,79.07373046875,103.45999908447266,103.91000366210938,102.76000213623047,102.93000030517578,22633
2023-09-08,81.68760681152344,106.87999725341797,107.66000366210938,103.05000305175781,103.45999908447266,41250
2023-09-11,81.1296615600586,106.1500015258789,106.87999725341797,105.4000015258789,106.43000030517578,22967
2023-09-12,80.13607788085938,104.8499984741211,106.38999938964844,104.30000305175781,106.1500015258789,23081
2023-09-13,81.77930450439453,107.0,107.0,104.5999984741211,104.8499984741211,23738
2023-09-14,82.36016845703125,107.76000213623047,107.76000213623047,106.0199966430664,106.0199966430664,23905
2023-09-15,82.27610778808594,107.6500015258789,109.0,106.5,107.0,21902
2023-09-18,81.3895263671875,106.48999786376953,108.0,105.80000305175781,107.69999694824219,20333
2023-09-19,81.01502990722656,106.0,107.4800033569336,105.91999816894531,106.4800033569336,20448
2023-09-20,82.4901123046875,107.93000030517578,108.0,105.8499984741211,106.0,26643
2023-09-21,81.31311798095703,106.38999938964844,108.0,106.0199966430664,107.8499984741211,26256
2023-09-22,81.51946258544922,106.66000366210938,107.94999694824219,105.9000015258789,106.38999938964844,20847
2023-09-25,81.19081115722656,106.2300033569336,107.80000305175781,105.12000274658203,106.66000366210938,20268
2023-09-26,81.32074737548828,106.4000015258789,107.5,105.51000213623047,106.19999694824219,18273
2023-09-27,81.53475189208984,106.68000030517578,107.23999786376953,105.66000366210938,106.23999786376953,20495
2023-09-28,80.8545150756836,105.79000091552734,106.98999786376953,105.0,106.80000305175781,21319
2023-09-29,81.8404541015625,107.08000183105469,107.98999786376953,105.41999816894531,106.19999694824219,21030
2023-10-02,80.4710464477539,104.5999984741211,106.86000061035156,104.0,106.37000274658203,27488
2023-10-03,80.76341247558594,104.9800033569336,105.58000183105469,104.5999984741211,104.61000061035156,18181
2023-10-04,80.02485656738281,104.0199966430664,105.45999908447266,103.80000305175781,104.9800033569336,16433
2023-10-05,80.76341247558594,104.9800033569336,106.75,104.02999877929688,104.02999877929688,29375
2023-10-06,80.02485656738281,104.0199966430664,106.0,103.80000305175781,104.9800033569336,21451
2023-10-09,79.54786682128906,103.4000015258789,104.98999786376953,103.11000061035156,104.0199966430664,28120
2023-10-10,79.24015045166016,103.0,104.61000061035156,102.81999969482422,103.38999938964844,16302
2023-10-11,79.11705780029297,102.83999633789062,103.44000244140625,102.31999969482422,102.9000015258789,12631
2023-10-13,79.84021759033203,103.77999877929688,104.54000091552734,102.5,102.83999633789062,17906
2023-10-16,80.2479476928711,104.30999755859375,105.0,103.80999755859375,104.0,16138
2023-10-17,79.69406127929688,103.58999633789062,104.31999969482422,103.51000213623047,104.31999969482422,14294
2023-10-18,79.62480163574219,103.5,104.0,103.01000213623047,103.5,16748
2023-10-19,78.39391326904297,101.9000015258789,103.5,101.12000274658203,103.5,23147
2023-10-20,78.27848815917969,101.75,102.38999938964844,101.61000061035156,101.9000015258789,20945
2023-10-23,78.97087097167969,102.6500015258789,102.95999908447266,101.75,101.87000274658203,20441
2023-10-24,78.83240509033203,102.47000122070312,102.62999725341797,102.0,102.62999725341797,12747
2023-10-25,79.31708526611328,103.0999984741211,103.97000122070312,102.0199966430664,102.30000305175781,18167
2023-10-26,78.51698303222656,102.05999755859375,103.27999877929688,101.81999969482422,103.0999984741211,16775
2023-10-27,80.14793395996094,104.18000030517578,104.18000030517578,101.81999969482422,102.05999755859375,18642
2023-10-30,79.02474975585938,102.72000122070312,103.94000244140625,102.5,103.47000122070312,19204
2023-10-31,78.58622741699219,102.1500015258789,103.1500015258789,101.98999786376953,102.68000030517578,14348
2023-11-01,77.33157348632812,99.8499984741211,101.45999908447266,98.20999908447266,101.45999908447266,36999
2023-11-03,78.981201171875,101.9800033569336,102.0,99.30999755859375,99.8499984741211,19133
2023-11-06,78.36164855957031,101.18000030517578,101.9800033569336,100.25,101.9800033569336,26870
2023-11-07,78.02861785888672,100.75,101.95999908447266,100.0,101.18000030517578,40157
2023-11-08,77.75751495361328,100.4000015258789,100.75,100.12999725341797,100.75,19627
2023-11-09,77.4632339477539,100.0199966430664,100.75,99.5,100.4000015258789,25176
2023-11-10,76.86688995361328,99.25,100.23999786376953,99.12999725341797,100.0199966430664,24599
2023-11-13,76.67327117919922,99.0,99.68000030517578,98.47000122070312,99.25,25708
2023-11-14,76.26278686523438,98.47000122070312,99.08999633789062,97.52999877929688,99.0,41426
2023-11-16,76.16986083984375,98.3499984741211,98.47000122070312,97.19999694824219,98.47000122070312,32732
2023-11-17,76.37896728515625,98.62000274658203,98.9000015258789,97.52999877929688,98.3499984741211,29156
2023-11-20,76.56484985351562,98.86000061035156,99.19999694824219,98.19999694824219,98.62000274658203,19182
2023-11-21,76.55709838867188,98.8499984741211,99.86000061035156,98.61000061035156,98.87999725341797,26873
2023-11-22,76.09239196777344,98.25,99.5199966430664,98.05999755859375,98.8499984741211,21241
2023-11-23,75.7826156616211,97.8499984741211,98.55000305175781,97.55999755859375,98.25,17714
2023-11-24,75.43411254882812,97.4000015258789,98.48999786376953,97.4000015258789,97.5999984741211,19092
2023-11-27,75.55802154541016,97.55999755859375,97.91000366210938,97.38999938964844,97.4000015258789,24745
2023-11-28,75.85233306884766,97.94000244140625,98.37000274658203,97.55999755859375,97.55999755859375,30937
2023-11-29,75.36441802978516,97.30999755859375,98.08999633789062,97.1500015258789,97.93000030517578,18730
2023-11-30,75.27920532226562,97.19999694824219,97.75,96.62000274658203,97.30999755859375,25848
2023-12-01,74.69442749023438,95.80000305175781,96.52999877929688,95.0199966430664,96.0,35388
2023-12-04,75.24022674560547,96.5,96.7300033569336,95.55000305175781,95.80000305175781,25591
2023-12-05,74.72561645507812,95.83999633789062,96.87999725341797,95.20999908447266,96.5,26733
2023-12-06,74.85037994384766,96.0,96.88999938964844,95.31999969482422,95.80000305175781,44310
2023-12-07,71.35735321044922,91.5199966430664,96.41000366210938,89.75,96.0,114441
2023-12-08,71.24040222167969,91.37000274658203,92.9800033569336,90.72000122070312,92.47000122070312,42959
2023-12-11,72.74520111083984,93.30000305175781,94.9000015258789,91.0,91.5,70776
2023-12-12,72.98692321777344,93.61000061035156,94.31999969482422,92.5,92.9800033569336,28908
2023-12-13,73.13504028320312,93.80000305175781,94.5999984741211,93.5,93.61000061035156,17461
2023-12-14,72.61265563964844,93.12999725341797,95.66000366210938,93.0,93.79000091552734,27025
2023-12-15,73.83676147460938,94.69999694824219,95.5,93.12999725341797,93.12999725341797,21501
2023-12-18,73.93814086914062,94.83000183105469,95.19999694824219,93.80000305175781,94.70999908447266,30415
2023-12-19,75.1778564453125,96.41999816894531,97.80000305175781,94.81999969482422,94.83000183105469,33738
2023-12-20,76.79180145263672,98.48999786376953,98.6500015258789,96.01000213623047,96.41999816894531,21648
2023-12-21,76.85417938232422,98.56999969482422,98.94999694824219,98.23999786376953,98.66999816894531,19671
2023-12-22,77.46233367919922,99.3499984741211,99.52999877929688,98.25,98.5999984741211,21754
2023-12-26,77.83658599853516,99.83000183105469,100.5,99.0,99.3499984741211,21888
2023-12-27,77.42335510253906,99.30000305175781,100.55000305175781,98.9000015258789,99.83000183105469,24140
2023-12-28,77.39994049072266,99.2699966430664,100.0,98.5999984741211,99.4000015258789,33429
2024-01-02,77.2194595336914,98.4000015258789,99.72000122070312,98.16000366210938,99.2699966430664,25056
2024-01-03,76.12867736816406,97.01000213623047,98.5999984741211,96.5,98.4000015258789,27595
2024-01-04,75.86185455322266,96.66999816894531,97.97000122070312,96.0,97.01000213623047,32996
2024-01-05,75.37531280517578,96.05000305175781,96.66999816894531,95.20999908447266,96.08999633789062,29831
2024-01-08,75.7127685546875,96.4800033569336,96.80000305175781,95.83000183105469,96.05000305175781,18070
2024-01-09,75.359619140625,96.02999877929688,96.37000274658203,95.41000366210938,96.0,21832
2024-01-10,73.34281158447266,93.45999908447266,96.02999877929688,93.0,96.02999877929688,58589
2024-01-11,73.17802429199219,93.25,94.29000091552734,92.5999984741211,94.29000091552734,32920
2024-01-12,73.60960388183594,93.80000305175781,93.91000366210938,93.25,93.25,25468
2024-01-15,74.02555084228516,94.33000183105469,94.62999725341797,93.55999755859375,93.80000305175781,28239
2024-01-16,74.2609634399414,94.62999725341797,95.16999816894531,94.19999694824219,94.19999694824219,27553
2024-01-17,74.35511779785156,94.75,95.5,94.23999786376953,94.5999984741211,24830
2024-01-18,74.07261657714844,94.38999938964844,95.0,93.97000122070312,94.75,21914
2024-01-19,74.15895080566406,94.5,94.69999694824219,93.9800033569336,94.38999938964844,24003
2024-01-22,73.76658630371094,94.0,94.44999694824219,93.69999694824219,94.4000015258789,26567
2024-01-23,72.76994323730469,92.7300033569336,94.4000015258789,92.4800033569336,94.0,31351
2024-01-24,72.5658950805664,92.47000122070312,93.5,92.12000274658203,93.08000183105469,26364
2024-01-25,72.66006469726562,92.58999633789062,92.73999786376953,92.04000091552734,92.45999908447266,22112
2024-01-26,72.69145202636719,92.62999725341797,93.19999694824219,92.0199966430664,92.58999633789062,27454
2024-01-29,72.67577362060547,92.61000061035156,92.62999725341797,92.19999694824219,92.62000274658203,23592
2024-01-30,72.3147964477539,92.1500015258789,92.69000244140625,92.0,92.61000061035156,22511
2024-01-31,72.98182678222656,93.0,93.98999786376953,91.86000061035156,92.1500015258789,42412
2024-02-01,72.86334991455078,92.25,93.45999908447266,91.58000183105469,92.0,42701
2024-02-02,73.13188171386719,92.58999633789062,93.45999908447266,92.0,92.25,46194
2024-02-05,72.34992218017578,91.5999984741211,92.58000183105469,91.5199966430664,92.31999969482422,27008
2024-02-06,72.27095794677734,91.5,91.79000091552734,91.01000213623047,91.63999938964844,25777
2024-02-07,71.72596740722656,90.80999755859375,91.4800033569336,90.30000305175781,91.37000274658203,28687
2024-02-08,71.3863296508789,90.37999725341797,91.77999877929688,90.31999969482422,90.80999755859375,28526
2024-02-09,71.87605285644531,91.0,93.69000244140625,90.0,90.37999725341797,54394
2024-02-14,71.32315063476562,90.30000305175781,91.19999694824219,90.29000091552734,91.0,22600
2024-02-15,71.5995864868164,90.6500015258789,90.98999786376953,90.33000183105469,90.45999908447266,25867
2024-02-16,72.15251159667969,91.3499984741211,92.8499984741211,90.5,90.80000305175781,30398
2024-02-19,72.13666534423828,91.33000183105469,92.5,91.30000305175781,91.3499984741211,26711
2024-02-20,72.24725341796875,91.47000122070312,92.23999786376953,91.16000366210938,91.62999725341797,19897
2024-02-21,72.42102813720703,91.69000244140625,91.98999786376953,91.01000213623047,91.4800033569336,22089
2024-02-22,72.34992218017578,91.5999984741211,92.0,91.44999694824219,91.69000244140625,21334
2024-02-23,73.17139434814453,92.63999938964844,93.41000366210938,91.5,91.5999984741211,32323
2024-02-26,72.5237045288086,91.81999969482422,92.63999938964844,91.5199966430664,92.63999938964844,23398
2024-02-27,72.2393798828125,91.45999908447266,92.48999786376953,91.19999694824219,91.81999969482422,24967
2024-02-28,73.06871032714844,92.51000213623047,93.0,91.44999694824219,91.45999908447266,21339
2024-02-29,72.66588592529297,92.0,93.5,91.6500015258789,92.51000213623047,31994
2024-03-01,72.01423645019531,90.62000274658203,91.44000244140625,89.8499984741211,91.44000244140625,43136
2024-03-04,73.11090850830078,92.0,92.0,90.5999984741211,90.62000274658203,25465
2024-03-05,73.21419525146484,92.12999725341797,92.2699966430664,91.36000061035156,92.0,18687
2024-03-06,73.50823974609375,92.5,94.0,91.75,92.12999725341797,54919
2024-03-07,73.19037628173828,92.0999984741211,93.2699966430664,92.0,92.5,17013
2024-03-08,73.58770751953125,92.5999984741211,92.98999786376953,91.91999816894531,92.08999633789062,30710
2024-03-11,72.80097961425781,91.61000061035156,92.69000244140625,90.9000015258789,92.69000244140625,27407
2024-03-12,72.33209991455078,91.0199966430664,91.9000015258789,90.7699966430664,91.61000061035156,21976
2024-03-13,72.39570617675781,91.0999984741211,91.44000244140625,90.62000274658203,90.93000030517578,17262
2024-03-14,72.2923812866211,90.97000122070312,91.08000183105469,90.5999984741211,91.0,18465
2024-03-15,72.53872680664062,91.27999877929688,92.44999694824219,90.86000061035156,90.9800033569336,27918
2024-03-18,72.71358489990234,91.5,91.94999694824219,91.0,91.27999877929688,21605
2024-03-19,72.83277130126953,91.6500015258789,92.4000015258789,91.33000183105469,91.5,18907
2024-03-20,72.78507232666016,91.58999633789062,92.30000305175781,91.5,91.6500015258789,16515
2024-03-21,73.11885070800781,92.01000213623047,92.25,91.56999969482422,91.69999694824219,23724
2024-03-22,73.98505401611328,93.0999984741211,93.41000366210938,92.0999984741211,92.0999984741211,28863
2024-03-25,73.42877960205078,92.4000015258789,93.05000305175781,92.0999984741211,93.0,18464
2024-03-26,73.96121978759766,93.06999969482422,93.33000183105469,92.19999694824219,92.3499984741211,18842
2024-03-27,73.55592346191406,92.55999755859375,93.29000091552734,92.22000122070312,93.0999984741211,18019
2024-03-28,73.98505401611328,93.0999984741211,93.30000305175781,92.41999816894531,92.5,19339
2024-04-01,75.69633483886719,94.66000366210938,95.51000213623047,91.8499984741211,93.08999633789062,58155
2024-04-02,75.9682388305664,95.0,95.19999694824219,93.70999908447266,94.6500015258789,20598
2024-04-03,76.37606811523438,95.51000213623047,96.47000122070312,94.80000305175781,95.0,25673
2024-04-04,75.64835357666016,94.5999984741211,96.30000305175781,94.22000122070312,95.51000213623047,19736
2024-04-05,77.28766632080078,96.6500015258789,96.93000030517578,94.7300033569336,95.41000366210938,33986
2024-04-08,76.39205169677734,95.52999877929688,96.6500015258789,95.43000030517578,96.6500015258789,21048
2024-04-09,76.76789855957031,96.0,96.0,95.25,95.52999877929688,29617
2024-04-10,77.02378845214844,96.31999969482422,96.55000305175781,95.0,95.94999694824219,15081
2024-04-11,77.36762237548828,96.75,97.47000122070312,95.83999633789062,96.19999694824219,18163
2024-04-12,78.52715301513672,98.19999694824219,98.4800033569336,96.75,96.75,25570
2024-04-15,78.04734802246094,97.5999984741211,98.19999694824219,97.01000213623047,98.19999694824219,27326
2024-04-16,77.74349212646484,97.22000122070312,97.7300033569336,96.08999633789062,97.5999984741211,23488
2024-04-17,77.18373107910156,96.5199966430664,97.6500015258789,95.91000366210938,97.0,25063
2024-04-18,77.56757354736328,97.0,97.69000244140625,95.62000274658203,96.5199966430664,22826
2024-04-19,76.76789855957031,96.0,97.68000030517578,96.0,96.75,28921
2024-04-22,75.56040954589844,94.48999786376953,96.19999694824219,94.0,96.19999694824219,28677
2024-04-23,74.84869384765625,93.5999984741211,94.87000274658203,93.0,94.51000213623047,18018
2024-04-24,74.46485900878906,93.12000274658203,94.0,92.12000274658203,93.5999984741211,30658
2024-04-25,73.7531509399414,92.2300033569336,93.3499984741211,92.06999969482422,93.19000244140625,15205
2024-04-26,73.80913543701172,92.30000305175781,94.4000015258789,92.01000213623047,92.2300033569336,21768
2024-04-29,74.23294067382812,92.83000183105469,93.98999786376953,92.37000274658203,93.0999984741211,17403
2024-04-30,74.24095916748047,92.83999633789062,93.12000274658203,92.5,92.83000183105469,27042
2024-05-02,73.63729858398438,91.48999786376953,93.98999786376953,91.31999969482422,92.5,25855
2024-05-03,75.46434783935547,93.76000213623047,94.19000244140625,91.51000213623047,91.51000213623047,25048
2024-05-06,74.20874786376953,92.19999694824219,93.5999984741211,91.7699966430664,93.5999984741211,23259
2024-05-07,74.57095336914062,92.6500015258789,93.76000213623047,92.0,92.19999694824219,23596
2024-05-08,73.86266326904297,91.7699966430664,92.62999725341797,91.48999786376953,92.62999725341797,17697
2024-05-09,73.70169067382812,91.56999969482422,92.80999755859375,91.11000061035156,91.7699966430664,26334
2024-05-10,74.16854095458984,92.1500015258789,92.5,91.05000305175781,91.73999786376953,21449
2024-05-13,73.24292755126953,91.0,91.9800033569336,90.68000030517578,91.80000305175781,23991
2024-05-14,73.12218475341797,90.8499984741211,90.9800033569336,90.02999877929688,90.69000244140625,20501
2024-05-15,71.91490173339844,89.3499984741211,90.88999938964844,88.5199966430664,90.8499984741211,45160
2024-05-16,71.7780532836914,89.18000030517578,90.66999816894531,88.87999725341797,89.4000015258789,27235
2024-05-17,72.14024353027344,89.62999725341797,90.91999816894531,89.33000183105469,89.33000183105469,16563
2024-05-20,72.1161117553711,89.5999984741211,90.25,89.05999755859375,89.62999725341797,20907
2024-05-21,71.95513153076172,89.4000015258789,89.5999984741211,88.80999755859375,89.5,17620
2024-05-22,71.78608703613281,89.19000244140625,89.62000274658203,88.69000244140625,89.25,20104
2024-05-23,71.44003295898438,88.76000213623047,89.18000030517578,88.5,89.0199966430664,21314
2024-05-24,71.54463195800781,88.88999938964844,89.2699966430664,88.0,88.80999755859375,24593
2024-05-27,70.87659454345703,88.05999755859375,88.87000274658203,87.94999694824219,88.80000305175781,25182
2024-05-28,69.70955657958984,86.61000061035156,88.19000244140625,86.5999984741211,88.0,32806
2024-05-29,69.44393920898438,86.27999877929688,87.45999908447266,86.0,86.79000091552734,30212
2024-05-31,71.31124877929688,88.5999984741211,89.12999725341797,85.76000213623047,86.11000061035156,50574
2024-06-03,70.54138946533203,87.05000305175781,89.41000366210938,87.0,88.0,28473
2024-06-04,70.88983917236328,87.4800033569336,88.83000183105469,86.69000244140625,87.38999938964844,29034
2024-06-05,68.69378662109375,84.7699966430664,88.93000030517578,84.1500015258789,87.4800033569336,40119
2024-06-06,68.39395904541016,84.4000015258789,85.37999725341797,84.0199966430664,84.9000015258789,30065
2024-06-07,68.661376953125,84.7300033569336,85.3499984741211,84.27999877929688,84.62999725341797,19848
2024-06-10,68.55601501464844,84.5999984741211,86.02999877929688,84.12000274658203,84.55000305175781,31926
2024-06-11,68.45879364013672,84.4800033569336,85.44999694824219,84.02999877929688,84.5999984741211,24552
2024-06-12,67.72135162353516,83.56999969482422,85.19000244140625,83.11000061035156,84.48999786376953,46564
2024-06-13,66.69220733642578,82.30000305175781,84.44999694824219,82.0199966430664,83.62000274658203,29108
2024-06-14,66.44908905029297,82.0,83.02999877929688,82.0,82.1500015258789,28671
2024-06-17,66.57066345214844,82.1500015258789,82.91000366210938,81.55000305175781,82.0,32356
2024-06-18,66.37616729736328,81.91000366210938,83.0,81.48999786376953,82.1500015258789,31541
2024-06-19,66.40048217773438,81.94000244140625,82.79000091552734,81.5199966430664,81.91000366210938,27266
2024-06-20,66.16545867919922,81.6500015258789,82.69999694824219,81.33000183105469,82.0,26749
2024-06-21,66.44908905029297,82.0,84.0,81.62999725341797,81.6500015258789,28242
2024-06-24,66.30323028564453,81.81999969482422,84.4000015258789,81.5,82.16999816894531,28366
2024-06-25,66.65980529785156,82.26000213623047,83.1500015258789,82.0,82.0,24818
2024-06-26,66.88671112060547,82.54000091552734,83.0,82.25,82.37000274658203,21089
2024-06-27,68.95308685302734,85.08999633789062,85.45999908447266,82.5999984741211,82.5999984741211,23264
2024-06-28,67.69705200195312,83.54000091552734,85.98999786376953,82.6500015258789,85.11000061035156,56844
2024-07-01,67.84406280517578,83.06999969482422,84.98999786376953,83.0,83.19999694824219,33228
2024-07-02,68.72610473632812,84.1500015258789,84.79000091552734,83.11000061035156,83.19999694824219,41547
2024-07-03,69.54281616210938,85.1500015258789,85.75,84.1500015258789,84.1500015258789,32367
2024-07-04,71.07821655273438,87.02999877929688,87.0999984741211,85.16000366210938,85.33000183105469,28151
2024-07-05,73.42218780517578,89.9000015258789,90.0,87.05999755859375,87.05999755859375,24260
2024-07-08,73.29969024658203,89.75,90.68000030517578,89.55999755859375,89.9000015258789,22671
2024-07-09,74.11639404296875,90.75,90.75,89.55999755859375,89.80000305175781,17432
2024-07-10,74.53289031982422,91.26000213623047,91.9800033569336,90.12000274658203,90.79000091552734,24981
2024-07-11,73.25884246826172,89.69999694824219,91.54000091552734,89.44999694824219,91.25,28550
2024-07-12,74.72893524169922,91.5,91.98999786376953,89.80000305175781,90.25,23870
2024-07-15,74.95758819580078,91.77999877929688,92.05000305175781,91.0,91.5,23599
2024-07-16,74.85140991210938,91.6500015258789,91.94999694824219,91.30000305175781,91.94999694824219,20305
2024-07-17,74.7452392578125,91.5199966430664,92.0,91.0999984741211,91.6500015258789,19958
2024-07-18,74.88409423828125,91.69000244140625,92.0,91.02999877929688,91.22000122070312,15143
2024-07-19,74.89225769042969,91.69999694824219,92.0,91.1500015258789,91.48999786376953,15695
2024-07-22,75.29244995117188,92.19000244140625,92.33000183105469,91.30999755859375,91.6500015258789,18871
2024-07-23,74.70443725585938,91.47000122070312,92.19999694824219,91.0999984741211,92.19000244140625,16750
2024-07-24,73.90404510498047,90.48999786376953,91.98999786376953,90.20999908447266,91.69000244140625,19578
2024-07-25,73.52019500732422,90.0199966430664,91.62000274658203,89.5999984741211,90.5199966430664,17754
2024-07-26,71.99293518066406,88.1500015258789,91.48999786376953,87.80000305175781,90.0199966430664,23788
2024-07-29,73.42218780517578,89.9000015258789,91.19000244140625,87.01000213623047,88.5999984741211,35667
2024-07-30,72.29512023925781,88.5199966430664,89.5999984741211,87.80999755859375,89.5999984741211,22281
2024-07-31,72.05828094482422,88.2300033569336,89.19999694824219,88.19999694824219,89.12999725341797,18027
2024-08-01,70.92285919189453,86.19999694824219,88.30000305175781,85.5,88.30000305175781,36303
2024-08-02,70.58552551269531,85.79000091552734,86.19999694824219,85.0,85.69999694824219,24498
2024-08-05,70.22349548339844,85.3499984741211,85.5,84.0,84.91999816894531,16961
2024-08-06,70.42920684814453,85.5999984741211,86.08999633789062,85.04000091552734,85.4000015258789,14163
2024-08-07,70.66779327392578,85.88999938964844,86.13999938964844,85.4000015258789,85.5,10297
2024-08-08,74.02470397949219,89.97000122070312,89.98999786376953,85.4000015258789,85.88999938964844,76198
2024-08-09,73.23485565185547,89.01000213623047,89.87999725341797,88.69999694824219,89.41999816894531,16598
2024-08-12,72.77410125732422,88.44999694824219,89.20999908447266,88.08000183105469,89.01000213623047,28576
2024-08-13,72.70004272460938,88.36000061035156,89.16000366210938,88.0,88.47000122070312,18255
2024-08-14,72.93865966796875,88.6500015258789,88.9000015258789,88.20999908447266,88.36000061035156,19325
2024-08-15,72.86459350585938,88.55999755859375,89.69999694824219,88.0,88.6500015258789,26794
2024-08-16,73.19368743896484,88.95999908447266,89.69999694824219,88.36000061035156,89.0,18342
2024-08-19,73.3829345703125,89.19000244140625,89.69999694824219,88.69999694824219,88.95999908447266,16902
2024-08-20,73.45699310302734,89.27999877929688,89.30000305175781,88.5999984741211,89.19000244140625,13824
2024-08-21,73.34178924560547,89.13999938964844,89.3499984741211,88.48999786376953,88.94000244140625,14390
2024-08-22,72.70004272460938,88.36000061035156,89.2699966430664,88.25,89.13999938964844,19420
2024-08-23,73.26777648925781,89.05000305175781,89.4000015258789,88.33999633789062,88.55000305175781,17347
2024-08-26,72.85637664794922,88.55000305175781,88.87999725341797,88.33999633789062,88.87999725341797,17385
2024-08-27,71.99244689941406,87.5,89.05000305175781,87.0999984741211,88.69999694824219,22484
2024-08-28,71.3506851196289,86.72000122070312,87.87000274658203,86.72000122070312,87.5,21396
2024-08-29,71.7456283569336,87.19999694824219,87.7300033569336,86.69999694824219,87.1500015258789,18085
2024-08-30,72.40386199951172,88.0,88.62000274658203,87.2699966430664,87.69000244140625,24279
2024-09-02,71.91484832763672,86.7699966430664,87.36000061035156,86.25,87.36000061035156,25487
2024-09-03,70.84568786621094,85.4800033569336,87.44000244140625,85.33000183105469,86.97000122070312,37514
2024-09-04,71.50045776367188,86.2699966430664,86.4800033569336,85.69000244140625,86.16999816894531,16377
2024-09-05,71.44245147705078,86.19999694824219,86.8499984741211,85.83999633789062,86.2699966430664,17720
2024-09-06,71.47559356689453,86.23999786376953,86.97000122070312,85.80999755859375,86.19999694824219,19428
2024-09-09,74.59187316894531,90.0,90.0,85.80000305175781,86.23999786376953,67530
2024-09-10,72.73536682128906,87.76000213623047,89.30000305175781,87.72000122070312,88.98999786376953,18261
2024-09-11,72.3624038696289,87.30999755859375,88.5,87.16999816894531,87.77999877929688,15423
2024-09-12,72.3292465209961,87.2699966430664,87.5999984741211,87.01000213623047,87.30999755859375,13260
2024-09-13,72.43699645996094,87.4000015258789,87.97000122070312,87.12000274658203,87.2699966430664,21159
2024-09-16,72.73536682128906,87.76000213623047,88.0,87.41000366210938,87.41000366210938,16251
2024-09-17,71.89828491210938,86.75,87.98999786376953,86.5199966430664,87.75,19173
2024-09-18,71.3263931274414,86.05999755859375,87.37000274658203,86.0199966430664,86.9000015258789,14275
2024-09-19,71.35128021240234,86.08999633789062,86.61000061035156,85.86000061035156,86.08000183105469,13367
2024-09-20,71.18550872802734,85.88999938964844,86.6500015258789,85.58000183105469,86.08999633789062,28059
2024-09-23,70.53076934814453,85.0999984741211,85.80000305175781,84.80000305175781,85.72000122070312,16671
2024-09-24,69.95059967041016,84.4000015258789,85.69999694824219,84.4000015258789,85.0,18870
2024-09-25,68.74886322021484,82.94999694824219,84.69999694824219,82.80000305175781,84.25,22736
2024-09-26,68.9643325805664,83.20999908447266,83.4800033569336,82.31999969482422,83.0,20664
2024-09-27,70.29041290283203,84.80999755859375,85.18000030517578,82.62999725341797,82.88999938964844,30652
2024-09-30,70.04176330566406,84.51000213623047,85.1500015258789,84.37000274658203,84.80999755859375,15180
2024-10-01,68.07180786132812,81.55000305175781,83.87000274658203,81.01000213623047,83.70999908447266,59081
2024-10-02,68.87315368652344,82.51000213623047,82.79000091552734,81.12000274658203,81.55000305175781,25085
2024-10-03,69.1569595336914,82.8499984741211,83.58999633789062,82.04000091552734,82.44999694824219,24292
2024-10-04,69.36563110351562,83.0999984741211,84.69999694824219,82.5,82.8499984741211,17941
2024-10-07,69.79135131835938,83.61000061035156,83.91999816894531,82.5999984741211,83.0999984741211,19644
2024-10-08,69.19871520996094,82.9000015258789,83.19999694824219,82.9000015258789,83.05000305175781,18438
2024-10-09,68.99837493896484,82.66000366210938,83.55000305175781,82.1500015258789,82.9000015258789,13917
2024-10-10,68.65614318847656,82.25,82.6500015258789,82.0,82.06999969482422,21268
2024-10-11,68.44744110107422,82.0,82.9000015258789,81.9000015258789,82.8499984741211,14556
2024-10-14,69.09017181396484,82.7699966430664,83.0,82.0,82.01000213623047,23438
2024-10-15,68.86481475830078,82.5,83.79000091552734,82.5,82.77999877929688,18669
2024-10-16,69.34894561767578,83.08000183105469,84.22000122070312,82.5,82.5999984741211,22814
2024-10-17,69.29884338378906,83.0199966430664,84.94000244140625,83.01000213623047,83.08999633789062,28708
2024-10-18,68.83975982666016,82.47000122070312,83.9000015258789,81.55999755859375,83.02999877929688,20207
2024-10-21,69.21538543701172,82.91999816894531,83.56999969482422,81.5,82.36000061035156,27674
2024-10-22,68.13859558105469,81.62999725341797,83.48999786376953,81.55999755859375,83.1500015258789,16292
2024-10-23,67.90486907958984,81.3499984741211,83.0,81.19999694824219,82.0,19527
2024-10-24,67.61271667480469,81.0,81.81999969482422,79.5199966430664,81.81999969482422,25110
2024-10-25,67.07849884033203,80.36000061035156,82.33999633789062,80.0,80.9000015258789,24765
2024-10-28,67.81306457519531,81.23999786376953,82.44000244140625,80.12000274658203,80.22000122070312,28638
2024-10-29,68.11355590820312,81.5999984741211,82.0,81.25,81.25,22144
2024-10-30,68.11355590820312,81.5999984741211,82.93000030517578,80.52999877929688,80.52999877929688,17469
2024-10-31,67.82975006103516,81.26000213623047,82.5999984741211,81.23999786376953,81.62000274658203,17646
2024-11-01,67.04756927490234,79.72000122070312,81.16999816894531,79.01000213623047,80.66000366210938,20412
2024-11-04,66.56819152832031,79.1500015258789,79.69000244140625,79.01000213623047,79.19999694824219,20676
2024-11-05,66.95506286621094,79.61000061035156,80.11000061035156,79.13999938964844,79.25,15902
2024-11-06,66.72798919677734,79.33999633789062,79.81999969482422,79.33000183105469,79.5999984741211,16333
2024-11-07,67.40923309326172,80.1500015258789,80.41999816894531,79.3499984741211,79.3499984741211,29447
2024-11-08,66.82050323486328,79.44999694824219,80.16999816894531,79.1500015258789,80.1500015258789,17683
2024-11-11,65.87012481689453,78.31999969482422,79.44999694824219,78.25,79.4000015258789,23567
2024-11-12,65.00387573242188,77.29000091552734,78.87999725341797,77.2300033569336,78.5,19179
2024-11-13,65.68509674072266,78.0999984741211,78.0999984741211,77.01000213623047,77.3499984741211,26149
2024-11-14,65.02909851074219,77.31999969482422,79.19999694824219,77.01000213623047,78.0999984741211,22936
2024-11-18,65.09636688232422,77.4000015258789,77.9000015258789,77.01000213623047,77.01000213623047,23750
2024-11-19,65.72716522216797,78.1500015258789,78.83999633789062,77.4000015258789,77.88999938964844,18864
2024-11-21,65.25614929199219,77.58999633789062,78.48999786376953,77.5,78.0,28562
2024-11-22,65.85330963134766,78.30000305175781,78.48999786376953,77.5,77.58999633789062,17149
2024-11-25,65.76919555664062,78.19999694824219,79.0,78.19999694824219,78.30000305175781,17516
2024-11-26,66.17291259765625,78.68000030517578,78.7699966430664,78.0,78.30000305175781,23278
2024-11-27,65.8953628540039,78.3499984741211,78.80000305175781,78.0,78.68000030517578,21793
2024-11-28,64.98704528808594,77.2699966430664,78.4000015258789,77.0999984741211,78.3499984741211,17752
2024-11-29,64.97862243652344,77.26000213623047,78.0,77.2300033569336,78.0,17837
2024-12-02,64.35123443603516,75.9000015258789,77.5999984741211,75.80000305175781,77.19999694824219,23811
2024-12-03,64.0544662475586,75.55000305175781,76.44999694824219,74.62000274658203,75.9000015258789,32251
2024-12-04,61.892486572265625,73.0,74.8499984741211,71.93000030517578,74.8499984741211,82610
2024-12-05,59.60330581665039,70.30000305175781,72.86000061035156,70.0999984741211,72.86000061035156,60958
2024-12-06,60.36637496948242,71.19999694824219,72.1500015258789,70.0999984741211,70.30000305175781,45163
2024-12-09,60.37485885620117,71.20999908447266,72.52999877929688,71.0,71.37000274658203,58686
2024-12-10,59.348960876464844,70.0,71.19000244140625,69.76000213623047,71.0,39716
2024-12-11,59.00133514404297,69.58999633789062,70.58999633789062,69.27999877929688,70.0,27240
2024-12-12,59.476139068603516,70.1500015258789,70.98999786376953,69.52999877929688,69.52999877929688,35217
2024-12-13,61.06159210205078,72.0199966430664,72.45999908447266,69.30999755859375,70.1500015258789,26533
2024-12-16,61.12942123413086,72.0999984741211,72.45999908447266,70.0,72.08000183105469,45641
2024-12-17,59.77286911010742,70.5,71.98999786376953,70.0,71.9000015258789,32950
2024-12-18,57.907623291015625,68.30000305175781,71.23999786376953,68.19999694824219,70.5,39508
2024-12-19,57.54306411743164,67.87000274658203,69.38999938964844,67.01000213623047,68.30000305175781,35672
2024-12-20,60.62070846557617,71.5,72.0,67.5,67.87000274658203,33978
2024-12-23,61.044639587402344,72.0,72.44999694824219,71.0,71.48999786376953,32903
2024-12-26,62.17227554321289,73.33000183105469,75.5,71.23999786376953,72.45999908447266,58192
2024-12-27,63.32534408569336,74.69000244140625,74.87999725341797,73.33000183105469,73.33000183105469,15893
2024-12-30,63.24904251098633,74.5999984741211,75.63999938964844,72.02999877929688,74.69999694824219,32034
2025-01-02,62.76165008544922,73.4000015258789,74.5999984741211,73.0,74.55999755859375,27171
2025-01-03,62.727439880371094,73.36000061035156,74.77999877929688,73.36000061035156,73.4000015258789,21653
2025-01-06,62.3511962890625,72.91999816894531,73.68000030517578,71.16999816894531,73.36000061035156,25388
2025-01-07,60.87196731567383,71.19000244140625,73.47000122070312,71.19000244140625,72.94000244140625,20708
2025-01-08,60.889060974121094,71.20999908447266,72.01000213623047,69.80999755859375,71.27999877929688,25939
2025-01-09,59.905723571777344,70.05999755859375,71.70999908447266,69.5999984741211,71.20999908447266,21209
2025-01-10,61.12845993041992,71.48999786376953,71.5,70.0,70.05999755859375,16776
2025-01-13,60.82065200805664,71.12999725341797,71.80000305175781,70.44999694824219,71.48999786376953,22416
2025-01-14,61.30802917480469,71.69999694824219,72.0,71.12999725341797,71.12999725341797,20771
2025-01-15,61.025856018066406,71.37000274658203,72.16000366210938,71.12000274658203,71.68000030517578,16330
2025-01-16,62.248600006103516,72.80000305175781,73.36000061035156,71.0,71.44999694824219,26977
2025-01-17,61.2567253112793,71.63999938964844,72.63999938964844,70.5999984741211,72.0,28210
2025-01-20,61.538917541503906,71.97000122070312,72.22000122070312,71.30000305175781,71.63999938964844,16664
2025-01-21,60.80355453491211,71.11000061035156,71.97000122070312,71.0,71.97000122070312,17845
2025-01-22,60.42731475830078,70.66999816894531,71.13999938964844,70.58999633789062,71.04000091552734,18040
2025-01-23,60.28195571899414,70.5,71.0,70.5,70.66999816894531,11301
2025-01-24,60.60688400268555,70.87999725341797,70.87999725341797,69.55999755859375,70.5,16380
2025-01-27,60.632537841796875,70.91000366210938,71.45999908447266,70.0,70.87999725341797,19561
2025-01-28,59.657772064208984,69.7699966430664,70.91000366210938,69.22000122070312,70.91000366210938,18624
2025-01-29,59.61500930786133,69.72000122070312,69.97000122070312,69.5,69.7699966430664,12371
2025-01-30,60.06819534301758,70.25,70.44000244140625,69.41999816894531,69.76000213623047,14054
2025-01-31,61.47905349731445,71.9000015258789,71.9000015258789,70.0999984741211,70.25,26513
2025-02-03,60.426361083984375,70.02999877929688,71.9000015258789,69.01000213623047,71.88999938964844,23900
2025-02-04,61.34099197387695,71.08999633789062,71.47000122070312,69.80999755859375,70.02999877929688,33442
2025-02-05,61.07350158691406,70.77999877929688,71.31999969482422,70.04000091552734,71.1500015258789,15509
2025-02-06,61.98814010620117,71.83999633789062,71.97000122070312,70.6500015258789,70.77999877929688,24356
2025-02-07,62.43682098388672,72.36000061035156,72.87000274658203,71.61000061035156,71.83000183105469,10690
2025-02-10,61.95363235473633,71.80000305175781,73.30000305175781,71.0199966430664,72.36000061035156,26651
2025-02-11,62.83375930786133,72.81999969482422,73.29000091552734,71.80000305175781,71.80000305175781,24979
2025-02-12,61.91048049926758,71.75,72.5,71.19999694824219,72.12999725341797,20190
2025-02-13,61.69475555419922,71.5,72.0,71.13999938964844,71.75,15536
2025-02-14,62.46272277832031,72.38999938964844,72.5,71.5999984741211,72.18000030517578,16225
2025-02-17,63.44637680053711,73.52999877929688,74.0999984741211,72.02999877929688,72.02999877929688,21295
2025-02-18,63.33421325683594,73.4000015258789,73.91999816894531,73.08999633789062,73.52999877929688,15786
2025-02-19,63.480892181396484,73.56999969482422,74.97000122070312,73.3499984741211,73.4000015258789,25667
2025-02-20,64.52497100830078,74.77999877929688,74.79000091552734,73.43000030517578,73.56999969482422,23826
2025-02-21,65.3101806640625,75.69000244140625,76.9800033569336,74.55000305175781,74.77999877929688,24914
2025-02-24,67.19123840332031,77.87000274658203,77.87000274658203,76.0,76.0,16420
2025-02-25,67.47595977783203,78.19999694824219,78.88999938964844,76.69999694824219,77.87000274658203,25997
2025-02-26,67.56224060058594,78.30000305175781,78.80000305175781,78.19999694824219,78.75,16883
2025-02-27,67.43280029296875,78.1500015258789,78.7300033569336,77.58999633789062,78.30000305175781,18541
2025-02-28,66.88921356201172,77.5199966430664,78.75,77.5199966430664,78.4000015258789,23795
2025-03-05,66.32351684570312,76.20999908447266,76.5,75.0,76.5,19814
2025-03-06,66.68032836914062,76.62000274658203,76.94000244140625,75.9000015258789,76.5,19724
2025-03-07,67.53321075439453,77.5999984741211,78.0,76.16000366210938,76.16000366210938,21266
2025-03-10,67.75078582763672,77.8499984741211,78.2699966430664,77.23999786376953,77.38999938964844,14868
2025-03-11,68.22071075439453,78.38999938964844,79.80999755859375,77.83999633789062,77.8499984741211,29020
2025-03-12,68.79512023925781,79.05000305175781,79.19999694824219,78.20999908447266,78.38999938964844,10686
2025-03-13,69.02137756347656,79.30999755859375,79.5,78.4800033569336,78.4800033569336,14220
2025-03-14,70.09181213378906,80.54000091552734,81.0,79.66999816894531,79.68000030517578,16472
2025-03-17,70.46601867675781,80.97000122070312,81.81999969482422,80.05999755859375,80.52999877929688,15939
2025-03-18,71.80626678466797,82.51000213623047,84.33000183105469,80.5,80.5,23763
2025-03-19,71.1883544921875,81.80000305175781,83.48999786376953,81.80000305175781,82.86000061035156,23511
2025-03-20,71.2144775390625,81.83000183105469,82.38999938964844,81.5,81.79000091552734,20696
2025-03-21,71.4494400024414,82.0999984741211,82.47000122070312,81.02999877929688,81.83000183105469,21204
2025-03-24,71.38851928710938,82.02999877929688,82.97000122070312,81.80999755859375,82.0999984741211,17760
2025-03-25,71.74533081054688,82.44000244140625,82.88999938964844,82.18000030517578,82.2699966430664,17258
2025-03-26,72.05863189697266,82.80000305175781,83.48999786376953,82.44999694824219,82.7699966430664,26142
2025-03-27,71.83235931396484,82.54000091552734,83.48999786376953,82.01000213623047,83.12000274658203,26940
2025-03-28,72.81575775146484,83.66999816894531,83.9800033569336,82.44999694824219,82.44999694824219,25405
2025-03-31,72.45024871826172,83.25,84.08000183105469,82.68000030517578,83.69999694824219,30369
2025-04-01,72.38006591796875,82.5,83.56999969482422,81.7699966430664,82.20999908447266,23954
2025-04-02,71.8097915649414,81.8499984741211,83.9000015258789,81.12999725341797,82.5,27582
2025-04-03,70.75699615478516,80.6500015258789,83.08000183105469,80.5199966430664,81.88999938964844,21059
2025-04-04,69.87088775634766,79.63999938964844,80.6500015258789,78.75,80.6500015258789,20043
2025-04-07,68.44960021972656,78.0199966430664,80.0199966430664,76.45999908447266,79.63999938964844,31844
2025-04-08,68.07234954833984,77.58999633789062,79.37000274658203,77.16000366210938,78.5,23590
2025-04-09,68.3267822265625,77.87999725341797,77.91000366210938,76.8499984741211,77.0999984741211,46471
2025-04-10,69.30940246582031,79.0,79.27999877929688,78.16000366210938,78.66000366210938,11063
2025-04-11,69.3971176147461,79.0999984741211,79.69999694824219,78.3499984741211,78.80999755859375,12050
2025-04-14,70.4236068725586,80.2699966430664,80.75,78.45999908447266,78.7699966430664,17793
2025-04-15,71.56416320800781,81.56999969482422,81.91999816894531,80.0199966430664,80.25,13373
2025-04-16,71.82735443115234,81.87000274658203,82.54000091552734,81.58999633789062,81.58999633789062,15653
2025-04-17,71.95894622802734,82.0199966430664,83.0,81.55000305175781,81.6500015258789,15917
2025-04-22,73.67852020263672,83.9800033569336,84.27999877929688,81.70999908447266,82.0199966430664,17881
2025-04-23,73.52061462402344,83.80000305175781,84.5,83.5199966430664,83.9800033569336,14488
2025-04-24,73.16966247558594,83.4000015258789,84.79000091552734,83.0,83.5,17403
2025-04-25,73.61711883544922,83.91000366210938,84.29000091552734,83.30999755859375,84.0,22836
2025-04-28,76.31051635742188,86.9800033569336,87.0,83.7300033569336,83.95999908447266,29250
2025-04-29,76.66146087646484,87.37999725341797,87.98999786376953,86.0,86.4000015258789,19751
2025-04-30,77.380859375,88.19999694824219,88.72000122070312,86.31999969482422,87.5,16648
2025-05-02,76.390625,86.4000015258789,87.93000030517578,86.04000091552734,87.55000305175781,25263
2025-05-05,76.46135711669922,86.4800033569336,87.18000030517578,85.25,87.18000030517578,27102
2025-05-06,75.24121856689453,85.0999984741211,86.37999725341797,84.80999755859375,86.30000305175781,22675
2025-05-07,76.01044464111328,85.97000122070312,86.33999633789062,85.26000213623047,85.69999694824219,17104
2025-05-08,76.27567291259766,86.2699966430664,86.87000274658203,85.5999984741211,86.37000274658203,14363
2025-05-09,76.24031829833984,86.2300033569336,86.7699966430664,85.19000244140625,85.93000030517578,20430
2025-05-12,76.02812194824219,85.98999786376953,87.37999725341797,85.5999984741211,86.58000183105469,33203
2025-05-13,75.939697265625,85.88999938964844,86.3499984741211,85.80000305175781,85.98999786376953,15060
2025-05-14,75.93086242675781,85.87999725341797,86.19000244140625,85.30000305175781,85.88999938964844,10356
2025-05-15,76.2226333618164,86.20999908447266,86.20999908447266,85.51000213623047,85.87999725341797,13592
2025-05-16,76.1253890991211,86.0999984741211,86.4000015258789,85.73999786376953,86.20999908447266,10524
2025-05-19,76.21379089355469,86.19999694824219,86.3499984741211,85.41000366210938,86.0999984741211,12327
2025-05-20,76.21379089355469,86.19999694824219,86.87999725341797,85.51000213623047,86.30000305175781,17274
2025-05-21,76.34642028808594,86.3499984741211,86.8499984741211,85.98999786376953,86.19999694824219,9872
2025-05-22,76.21379089355469,86.19999694824219,86.87999725341797,86.04000091552734,86.43000030517578,7384
2025-05-23,76.25800323486328,86.25,86.5,85.30000305175781,86.19999694824219,17197
2025-05-26,76.0369644165039,86.0,86.25,85.48999786376953,86.0,12551
2025-05-27,75.49764251708984,85.38999938964844,86.2699966430664,85.01000213623047,85.9800033569336,15424
2025-05-28,75.57721710205078,85.4800033569336,85.5,85.0999984741211,85.30000305175781,11646
2025-05-29,76.2226333618164,86.20999908447266,86.86000061035156,85.51000213623047,85.75,20757
2025-05-30,76.88574981689453,86.95999908447266,86.97000122070312,85.80999755859375,86.9000015258789,18854
2025-06-02,76.00343322753906,85.27999877929688,86.9000015258789,85.12000274658203,86.5,22819
2025-06-03,75.88758087158203,85.1500015258789,85.56999969482422,84.12000274658203,85.31999969482422,36879
2025-06-04,75.94104766845703,85.20999908447266,85.48999786376953,84.69000244140625,85.12999725341797,15068
2025-06-05,76.16385650634766,85.45999908447266,85.80000305175781,85.19000244140625,85.80000305175781,17654
2025-06-06,74.91614532470703,84.05999755859375,85.45999908447266,83.61000061035156,85.44000244140625,26326
2025-06-09,73.57041931152344,82.55000305175781,83.95999908447266,82.55000305175781,83.5,16485
2025-06-10,73.17825317382812,82.11000061035156,83.4000015258789,81.76000213623047,82.5999984741211,13993
2025-06-11,73.08023834228516,82.0,83.41000366210938,81.62999725341797,82.77999877929688,13529
2025-06-12,73.0713119506836,81.98999786376953,82.0,80.75,81.5,24467
2025-06-13,74.91614532470703,84.05999755859375,84.9800033569336,81.6500015258789,82.0,33775
2025-06-16,75.13003540039062,84.30000305175781,84.5,83.5999984741211,83.79000091552734,19998
2025-06-17,74.7735595703125,83.9000015258789,84.5,83.87000274658203,83.87000274658203,15894
2025-06-18,75.32610321044922,84.5199966430664,85.18000030517578,83.87000274658203,83.87000274658203,19956
2025-06-20,74.06948852539062,83.11000061035156,84.51000213623047,83.05000305175781,84.19000244140625,19205
2025-06-23,74.31902313232422,83.38999938964844,84.01000213623047,82.22000122070312,83.0999984741211,27251
2025-06-24,74.6844482421875,83.80000305175781,83.9800033569336,82.8499984741211,83.37999725341797,11844
2025-06-25,74.23881530761719,83.30000305175781,84.73999786376953,83.30000305175781,83.80000305175781,12612
2025-06-26,74.59529113769531,83.69999694824219,83.94000244140625,82.6500015258789,83.30000305175781,13185
2025-06-27,76.00343322753906,85.27999877929688,85.30000305175781,83.01000213623047,83.69999694824219,18984
2025-06-30,76.49362182617188,85.83000183105469,86.23999786376953,83.95999908447266,85.30000305175781,44504
2025-07-01,75.1457748413086,83.62999725341797,85.41000366210938,83.41000366210938,85.0,23719
2025-07-02,74.2382583618164,82.62000274658203,83.9000015258789,82.02999877929688,83.69999694824219,31431
2025-07-03,74.39998626708984,82.80000305175781,83.20999908447266,82.30000305175781,82.80000305175781,15298
2025-07-04,74.7324447631836,83.16999816894531,83.30999755859375,82.5,82.94999694824219,14340
2025-07-07,74.17535400390625,82.55000305175781,83.41999816894531,82.16000366210938,83.25,22638
2025-07-08,74.22026824951172,82.5999984741211,83.0999984741211,82.30999755859375,82.55000305175781,12372
2025-07-09,73.9327621459961,82.27999877929688,82.88999938964844,81.73999786376953,82.5999984741211,16158
2025-07-10,74.39998626708984,82.80000305175781,82.9000015258789,81.2699966430664,81.80000305175781,14841
2025-07-11,74.6965103149414,83.12999725341797,83.1500015258789,82.6500015258789,82.69999694824219,15561
2025-07-14,74.8043441772461,83.25,83.41999816894531,82.73999786376953,83.0,12980
2025-07-15,74.21128845214844,82.58999633789062,83.41999816894531,82.0199966430664,83.25,16881
2025-07-16,74.4179458618164,82.81999969482422,83.23999786376953,82.1500015258789,82.5,13551
2025-07-17,74.20231628417969,82.58000183105469,82.9800033569336,82.19999694824219,82.81999969482422,14625
2025-07-18,74.59767150878906,83.0199966430664,83.13999938964844,81.0,82.58000183105469,16508
2025-07-21,73.86984252929688,82.20999908447266,83.16999816894531,82.20999908447266,83.0199966430664,17082
2025-07-22,73.96868133544922,82.31999969482422,82.80999755859375,81.93000030517578,82.20999908447266,12389
2025-07-23,73.6721420288086,81.98999786376953,82.31999969482422,81.31999969482422,82.31999969482422,11280
2025-07-24,73.52839660644531,81.83000183105469,82.19999694824219,81.22000122070312,81.79000091552734,11827
2025-07-25,73.24085998535156,81.51000213623047,81.83000183105469,81.05000305175781,81.83000183105469,16521
2025-07-28,73.85187530517578,82.19000244140625,82.19000244140625,81.08000183105469,81.5199966430664,18192
2025-07-29,72.98029327392578,81.22000122070312,81.97000122070312,81.05999755859375,81.29000091552734,16960
2025-07-30,72.18954467773438,80.33999633789062,81.69000244140625,80.04000091552734,81.69000244140625,19154
2025-07-31,73.66316986083984,81.9800033569336,81.98999786376953,80.5,80.80999755859375,24667
2025-08-01,73.56346893310547,81.1500015258789,82.08000183105469,80.44000244140625,81.58999633789062,19014
2025-08-04,73.27338409423828,80.83000183105469,81.69000244140625,80.20999908447266,81.20999908447266,24841
2025-08-05,72.5934829711914,80.08000183105469,81.88999938964844,80.08000183105469,81.88999938964844,12371
2025-08-06,72.55723571777344,80.04000091552734,80.73999786376953,79.52999877929688,80.20999908447266,27334
2025-08-07,71.99519348144531,79.41999816894531,80.91000366210938,79.41000366210938,80.33000183105469,19818
2025-08-08,72.06771087646484,79.5,80.54000091552734,79.43000030517578,79.51000213623047,17348
2025-08-11,71.7685546875,79.16999816894531,80.30000305175781,79.06999969482422,80.19999694824219,20607
2025-08-12,71.99519348144531,79.41999816894531,79.7300033569336,79.2300033569336,79.5,12785
2025-08-13,71.83202362060547,79.23999786376953,79.5,79.12999725341797,79.41999816894531,11676
2025-08-14,72.0133285522461,79.44000244140625,79.87999725341797,79.23999786376953,79.23999786376953,15916
2025-08-15,73.41841888427734,80.98999786376953,80.98999786376953,79.5199966430664,80.0,25398
2025-08-18,73.18273162841797,80.7300033569336,81.5,80.29000091552734,80.98999786376953,21026
2025-08-19,73.13739013671875,80.68000030517578,81.44999694824219,80.58000183105469,80.58000183105469,13146
2025-08-20,73.06487274169922,80.5999984741211,81.33000183105469,80.54000091552734,80.68000030517578,12018
2025-08-21,73.10115051269531,80.63999938964844,81.22000122070312,80.19999694824219,80.80000305175781,14114
2025-08-22,73.155517578125,80.69999694824219,81.19999694824219,80.29000091552734,80.5999984741211,14108
2025-08-25,73.6269302368164,81.22000122070312,81.4000015258789,80.81999969482422,80.9000015258789,13809
2025-08-26,73.29149627685547,80.8499984741211,81.41000366210938,80.69999694824219,81.0,17944
2025-08-27,73.74476623535156,81.3499984741211,81.44000244140625,80.5999984741211,81.44000244140625,19478
2025-08-28,75.2223892211914,82.9800033569336,82.98999786376953,81.3499984741211,81.3499984741211,12512
2025-08-29,76.05636596679688,83.9000015258789,84.41999816894531,82.9800033569336,83.0,23817
2025-09-01,76.7787094116211,83.97000122070312,84.58999633789062,82.22000122070312,83.83999633789062,39348
2025-09-02,75.78205871582031,82.87999725341797,83.72000122070312,82.05000305175781,82.62000274658203,24297
2025-09-03,76.66899108886719,83.8499984741211,84.88999938964844,82.61000061035156,82.8499984741211,37857
2025-09-04,76.17522430419922,83.30999755859375,84.44999694824219,83.25,83.8499984741211,18089
2025-09-05,77.53763580322266,84.80000305175781,84.88999938964844,83.20999908447266,83.20999908447266,26860
2025-09-08,78.3056869506836,85.63999938964844,86.33999633789062,83.94999694824219,83.94999694824219,25266
2025-09-09,79.54920959472656,87.0,87.16999816894531,85.70999908447266,85.79000091552734,17878
2025-09-10,80.46358489990234,88.0,88.38999938964844,86.51000213623047,87.0,16906
2025-09-11,79.9606704711914,87.44999694824219,88.30000305175781,87.13999938964844,88.30000305175781,19381
2025-09-12,79.96981811523438,87.45999908447266,87.95999908447266,87.08999633789062,87.44999694824219,20539
2025-09-15,79.77780151367188,87.25,87.9000015258789,87.0,87.45999908447266,30719
2025-09-16,79.54920959472656,87.0,87.6500015258789,87.0,87.25,21360
2025-09-17,79.8783950805664,87.36000061035156,87.48999786376953,86.80000305175781,86.98999786376953,18160
2025-09-18,79.95153045654297,87.44000244140625,87.80000305175781,87.30999755859375,87.30999755859375,20814
2025-09-19,80.32643127441406,87.8499984741211,88.30999755859375,87.45999908447266,87.66000366210938,17748
2025-09-22,80.5275650024414,88.06999969482422,88.44000244140625,87.44000244140625,87.8499984741211,21479
2025-09-23,80.9207534790039,88.5,88.5,87.44999694824219,88.06999969482422,17968
2025-09-24,80.78359985351562,88.3499984741211,88.80999755859375,88.02999877929688,88.5,18485
2025-09-25,80.9207534790039,88.5,89.13999938964844,88.20999908447266,89.13999938964844,16849
2025-09-26,80.29899597167969,87.81999969482422,88.48999786376953,87.80999755859375,88.48999786376953,19883
2025-09-29,80.40872192382812,87.94000244140625,88.11000061035156,86.9000015258789,88.11000061035156,31136
2025-09-30,81.05790710449219,88.6500015258789,88.66000366210938,87.4000015258789,87.94000244140625,18256
2025-10-01,79.74889373779297,86.51000213623047,88.44999694824219,85.5999984741211,88.18000030517578,24382
2025-10-02,79.37092590332031,86.0999984741211,86.9000015258789,85.51000213623047,86.9000015258789,25733
2025-10-03,78.91000366210938,85.5999984741211,86.08000183105469,85.55999755859375,86.08000183105469,20317
2025-10-06,78.81783294677734,85.5,86.08000183105469,85.5,85.98999786376953,23334
2025-10-07,79.27873992919922,86.0,86.5,85.5999984741211,85.80000305175781,23048
2025-10-08,79.74889373779297,86.51000213623047,86.83000183105469,85.77999877929688,86.0,22568
2025-10-09,79.46312713623047,86.19999694824219,86.88999938964844,86.08999633789062,86.12999725341797,21936
2025-10-10,80.32965087890625,87.13999938964844,87.19000244140625,86.19000244140625,86.19999694824219,20589
2025-10-13,80.97493743896484,87.83999633789062,88.23999786376953,86.86000061035156,86.9800033569336,24876
2025-10-14,80.64307403564453,87.4800033569336,88.30000305175781,87.4000015258789,87.83999633789062,21854
2025-10-15,81.76773071289062,88.69999694824219,89.16999816894531,87.55000305175781,87.87000274658203,26841
2025-10-16,81.68476867675781,88.61000061035156,89.41999816894531,88.01000213623047,88.69999694824219,62422
2025-10-17,81.22383880615234,88.11000061035156,88.69999694824219,87.88999938964844,88.61000061035156,24884
2025-10-20,81.1224365234375,88.0,88.11000061035156,87.80000305175781,88.11000061035156,20214
2025-10-21,81.5464859008789,88.45999908447266,88.69999694824219,87.69000244140625,88.11000061035156,23415
2025-10-22,81.37133026123047,88.2699966430664,88.69999694824219,88.25,88.45999908447266,17966
2025-10-23,81.7492904663086,88.68000030517578,88.69000244140625,88.26000213623047,88.26000213623047,23917
2025-10-24,81.81383514404297,88.75,88.87000274658203,88.2300033569336,88.5999984741211,24577
2025-10-27,83.87875366210938,90.98999786376953,91.01000213623047,88.5,88.69999694824219,38710
2025-10-28,83.87875366210938,90.98999786376953,90.98999786376953,90.0999984741211,90.81999969482422,21666
2025-10-29,82.99378204345703,90.02999877929688,90.98999786376953,89.43000030517578,90.91999816894531,50246
2025-10-30,83.77735137939453,90.87999725341797,90.94999694824219,90.02999877929688,90.5,23201
2025-10-31,84.24748992919922,91.38999938964844,91.58000183105469,90.63999938964844,90.94999694824219,20656
2025-11-03,83.494873046875,89.86000061035156,90.4800033569336,88.38999938964844,90.06999969482422,60174
2025-11-04,82.863037109375,89.18000030517578,89.87000274658203,88.55000305175781,89.86000061035156,51871
2025-11-05,82.19405364990234,88.45999908447266,89.43000030517578,88.0999984741211,89.18000030517578,28031
2025-11-06,83.62494659423828,90.0,90.37000274658203,87.69999694824219,88.94000244140625,47598
2025-11-07,83.04887390136719,89.37999725341797,90.44999694824219,89.31999969482422,89.9800033569336,28337
2025-11-10,83.62494659423828,90.0,90.33999633789062,89.43000030517578,89.80000305175781,23829
2025-11-11,83.0767593383789,89.41000366210938,90.0,89.4000015258789,89.6500015258789,19246
2025-11-12,84.35899353027344,90.79000091552734,90.79000091552734,89.44000244140625,89.83999633789062,23316
2025-11-13,84.07096099853516,90.4800033569336,90.79000091552734,90.0,90.79000091552734,19949
2025-11-14,85.6412353515625,92.16999816894531,92.23999786376953,90.58999633789062,90.80000305175781,28335
2025-11-17,85.06517028808594,91.55000305175781,92.16999816894531,91.4000015258789,92.16999816894531,23304
2025-11-18,85.02800750732422,91.51000213623047,91.79000091552734,91.12999725341797,91.76000213623047,23563
2025-11-19,85.79920196533203,92.33999633789062,92.69000244140625,91.51000213623047,91.51000213623047,24836
2025-11-21,85.6412353515625,92.16999816894531,92.72000122070312,92.0999984741211,92.55000305175781,16427
2025-11-24,85.39967346191406,91.91000366210938,92.58999633789062,91.80000305175781,92.16000366210938,116103
2025-11-25,85.87352752685547,92.41999816894531,92.76000213623047,91.4000015258789,91.91999816894531,28534
2025-11-26,85.4089584350586,91.91999816894531,93.0999984741211,91.72000122070312,92.76000213623047,22081
2025-11-27,88.63316345214844,95.38999938964844,95.87999725341797,92.91000366210938,93.0199966430664,43162
2025-11-28,88.24291229248047,94.97000122070312,95.69000244140625,94.5999984741211,95.41999816894531,33608
2025-12-01,88.45825958251953,94.4800033569336,95.48999786376953,94.0199966430664,94.25,41249
2025-12-02,88.6829605102539,94.72000122070312,96.0,94.41999816894531,94.56999969482422,37082
2025-12-03,88.75785064697266,94.80000305175781,95.73999786376953,94.58000183105469,94.72000122070312,23057
2025-12-04,90.9112548828125,97.0999984741211,97.47000122070312,94.80000305175781,94.80000305175781,34413
2025-12-05,91.05170440673828,97.25,98.33999633789062,95.6500015258789,96.80999755859375,146556
2025-12-08,91.25768280029297,97.47000122070312,97.97000122070312,96.83000183105469,97.3499984741211,40241
2025-12-09,90.63038635253906,96.80000305175781,97.80000305175781,96.66000366210938,97.66000366210938,42831
2025-12-10,90.26525115966797,96.41000366210938,96.69999694824219,95.37999725341797,96.68000030517578,34320
2025-12-11,90.8550796508789,97.04000091552734,97.83000183105469,95.93000030517578,96.41000366210938,34257
2025-12-12,91.7258071899414,97.97000122070312,97.97000122070312,95.93000030517578,96.41000366210938,94030
2025-12-15,92.22203826904297,98.5,98.80999755859375,97.27999877929688,97.97000122070312,54134
2025-12-16,91.93179321289062,98.19000244140625,98.68000030517578,97.80000305175781,98.5,23016
2025-12-17,92.18457794189453,98.45999908447266,98.62999725341797,97.58000183105469,98.19000244140625,91797
2025-12-18,92.4092788696289,98.69999694824219,98.69999694824219,98.0,98.45999908447266,23726
2025-12-19,92.69017028808594,99.0,99.0,98.0199966430664,98.69999694824219,131418
2025-12-22,92.95231628417969,99.27999877929688,99.4000015258789,98.0,99.0,42356
2025-12-23,93.27066040039062,99.62000274658203,99.62000274658203,98.9800033569336,99.4000015258789,21974
2025-12-26,94.28181457519531,100.69999694824219,101.22000122070312,99.29000091552734,99.72000122070312,18266
2025-12-29,94.09456634521484,100.5,100.73999786376953,99.58000183105469,100.69999694824219,36750
2025-12-30,93.15829467773438,99.5,101.0,99.5,100.44999694824219,38845
2026-01-02,94.0638427734375,99.72000122070312,100.61000061035156,99.04000091552734,100.5,37682
2026-01-05,93.8563232421875,99.5,100.41000366210938,99.16000366210938,100.41000366210938,25814
2026-01-06,93.38468933105469,99.0,100.1500015258789,99.0,100.0,19402
2026-01-07,93.36582946777344,98.9800033569336,99.37000274658203,98.80999755859375,99.0,17654
2026-01-08,93.66767120361328,99.30000305175781,99.30000305175781,98.69999694824219,98.9800033569336,19193
2026-01-09,94.04498291015625,99.69999694824219,99.69999694824219,98.79000091552734,99.30000305175781,21901
2026-01-12,94.07328033447266,99.7300033569336,100.0,99.16000366210938,99.73999786376953,22481
2026-01-13,94.15817260742188,99.81999969482422,100.0999984741211,99.06999969482422,99.7300033569336,25445
2026-01-14,94.71471405029297,100.41000366210938,100.41000366210938,99.5,100.0,26701
2026-01-15,95.271240234375,101.0,101.0,99.83999633789062,100.41000366210938,26375
2026-01-16,95.93153381347656,101.69999694824219,102.13999938964844,100.62000274658203,101.0,29952
2026-01-19,95.48819732666016,101.2300033569336,102.30000305175781,100.8499984741211,101.69999694824219,36049
2026-01-20,96.21453857421875,102.0,102.0199966430664,100.38999938964844,101.6500015258789,21720
2026-01-21,96.68616485595703,102.5,102.6500015258789,101.73999786376953,102.0,27432
2026-01-22,95.77118682861328,101.52999877929688,102.5999984741211,101.52999877929688,102.5,26014
2026-01-23,97.01631164550781,102.8499984741211,102.8499984741211,101.26000213623047,101.80000305175781,29860
2026-01-26,96.5918197631836,102.4000015258789,102.8499984741211,101.26000213623047,102.8499984741211,32562
2026-01-27,96.91254425048828,102.73999786376953,102.94999694824219,101.66000366210938,102.4000015258789,30334
2026-01-28,96.87481689453125,102.69999694824219,103.0,101.70999908447266,103.0,37762
2026-01-29,96.53522491455078,102.33999633789062,102.95999908447266,101.5199966430664,102.95999908447266,39491
2026-01-30,96.82764434814453,102.6500015258789,102.69000244140625,101.58000183105469,102.33000183105469,37789
2026-02-02,95.75337982177734,100.72000122070312,101.91999816894531,100.44999694824219,101.8499984741211,45441
2026-02-03,96.20021057128906,101.19000244140625,101.2300033569336,100.26000213623047,100.94999694824219,44569
2026-02-04,95.1734619140625,100.11000061035156,101.16999816894531,100.11000061035156,101.0,28986
2026-02-05,95.07838439941406,100.01000213623047,100.69000244140625,99.98999786376953,100.62000274658203,26713
2026-02-06,95.50619506835938,100.45999908447266,100.87999725341797,99.9000015258789,100.13999938964844,21840
2026-02-09,95.29704284667969,100.23999786376953,100.87999725341797,100.01000213623047,100.87999725341797,21271
2026-02-10,94.89775085449219,99.81999969482422,100.23999786376953,99.69999694824219,100.19999694824219,28126
2026-02-11,95.81993865966797,100.79000091552734,101.19000244140625,99.75,99.75,37982
2026-02-12,95.71534729003906,100.68000030517578,101.36000061035156,100.61000061035156,100.79000091552734,32744
2026-02-13,96.5994873046875,101.61000061035156,101.63999938964844,100.79000091552734,100.91999816894531,36173
2026-02-18,96.38082122802734,101.37999725341797,101.61000061035156,100.9000015258789,101.5,19475
2026-02-19,96.39034271240234,101.38999938964844,101.5,100.69999694824219,101.37999725341797,30379
2026-02-20,96.67555236816406,101.69000244140625,101.87000274658203,100.6500015258789,100.98999786376953,31299
2026-02-23,96.96074676513672,101.98999786376953,101.98999786376953,101.41000366210938,101.8499984741211,34188
2026-02-24,96.83716583251953,101.86000061035156,102.4000015258789,101.73999786376953,101.98999786376953,26396
2026-02-25,97.72130584716797,102.79000091552734,102.80000305175781,102.0,102.27999877929688,34543
2026-02-26,97.16990661621094,102.20999908447266,103.45999908447266,102.19000244140625,102.9000015258789,34340
2026-02-27,98.20616149902344,103.30000305175781,103.30000305175781,102.44999694824219,102.4800033569336,28655
2026-03-02,98.70447540283203,103.0,103.30000305175781,102.18000030517578,103.30000305175781,39329
2026-03-03,99.19319915771484,103.51000213623047,103.9800033569336,102.80000305175781,103.0,40298
2026-03-04,100.04607391357422,104.4000015258789,104.88999938964844,103.6500015258789,103.91999816894531,27472
2026-03-05,99.03987121582031,103.3499984741211,104.76000213623047,103.0,104.4000015258789,42003
2026-03-06,96.14582061767578,100.33000183105469,102.30999755859375,100.01000213623047,101.62000274658203,120194
2026-03-09,95.10128021240234,99.23999786376953,100.30000305175781,99.06999969482422,100.0,45627
2026-03-10,95.49417114257812,99.6500015258789,99.69000244140625,99.0,99.23999786376953,61921
2026-03-11,95.17793273925781,99.31999969482422,99.5999984741211,98.7300033569336,99.5999984741211,45511
2026-03-12,95.06294250488281,99.19999694824219,99.55000305175781,98.8499984741211,99.31999969482422,25223
2026-03-13,94.96710968017578,99.0999984741211,99.72000122070312,98.77999877929688,99.0999984741211,40259
2026-03-16,95.44625854492188,99.5999984741211,99.69000244140625,98.83999633789062,99.1500015258789,34267
2026-03-17,95.15877532958984,99.30000305175781,99.70999908447266,99.0,99.4800033569336,21810
2026-03-18,94.67961883544922,98.80000305175781,99.30000305175781,98.68000030517578,99.30000305175781,33027
2026-03-19,94.5933837890625,98.70999908447266,98.80999755859375,98.1500015258789,98.80999755859375,20458
2026-03-20,95.6187515258789,99.77999877929688,100.88999938964844,98.43000030517578,98.69999694824219,76250
2026-03-23,94.88087463378906,99.01000213623047,99.87999725341797,98.94999694824219,99.05000305175781,33835
2026-03-24,95.11085510253906,99.25,99.45999908447266,99.02999877929688,99.02999877929688,18961
2026-03-25,96.78787231445312,101.0,101.0,99.5,99.7300033569336,39470
2026-03-26,96.6824722290039,100.88999938964844,100.98999786376953,100.12999725341797,100.87999725341797,28636
2026-03-27,95.59000396728516,99.75,100.9800033569336,99.63999938964844,100.91000366210938,26728
2026-03-30,94.58378601074219,98.69999694824219,100.0,98.5199966430664,99.75,45700
2026-03-31,94.77546691894531,98.9000015258789,99.19000244140625,98.5,99.1500015258789,32523
2026-04-01,95.95435333251953,99.30000305175781,99.30999755859375,97.83999633789062,98.5,61046
2026-04-02,96.59210968017578,99.95999908447266,99.9800033569336,98.75,99.30000305175781,33819
2026-04-06,95.94468688964844,99.29000091552734,99.9800033569336,99.18000030517578,99.9800033569336,21746
2026-04-07,96.05097961425781,99.4000015258789,99.91999816894531,99.26000213623047,99.91999816894531,16821
2026-04-08,96.35053253173828,99.70999908447266,100.0,99.4000015258789,99.4000015258789,15741
2026-04-09,95.75141906738281,99.08999633789062,99.98999786376953,98.81999969482422,99.70999908447266,26063
2026-04-10,96.1476058959961,99.5,99.55999755859375,98.77999877929688,99.37000274658203,24389
2026-04-13,95.9060287475586,99.25,99.55000305175781,98.8499984741211,99.5,30871
2026-04-14,95.75141906738281,99.08999633789062,99.66999816894531,98.80000305175781,99.25,36612
2026-04-15,95.4808578491211,98.80999755859375,99.45999908447266,98.80000305175781,99.25,27121
2026-04-16,95.6644515991211,99.0,99.13999938964844,98.5,99.05000305175781,30280
2026-04-17,95.85771179199219,99.19999694824219,99.19999694824219,98.80000305175781,98.98999786376953,33732
2026-04-20,96.43751525878906,99.80000305175781,99.88999938964844,98.97000122070312,99.16000366210938,22162
2026-04-22,97.74201965332031,101.1500015258789,102.37000274658203,99.80999755859375,99.83000183105469,75519
2026-04-23,97.60673522949219,101.01000213623047,101.8499984741211,100.70999908447266,101.1500015258789,36454
2026-04-24,97.87730407714844,101.29000091552734,101.76000213623047,100.73999786376953,101.13999938964844,31912
2026-04-27,98.75663757324219,102.19999694824219,102.48999786376953,101.29000091552734,101.29000091552734,34951
2026-04-28,98.48607635498047,101.91999816894531,102.41999816894531,101.19999694824219,102.19999694824219,26690
2026-04-29,98.85327911376953,102.30000305175781,102.7699966430664,101.91999816894531,101.91999816894531,41913
2026-04-30,99.86788940429688,103.3499984741211,103.8499984741211,102.4000015258789,102.4000015258789,25800
2026-05-04,98.52372741699219,101.1500015258789,103.5,100.69999694824219,103.5,55431
2026-05-05,97.97826385498047,100.58999633789062,101.31999969482422,99.6500015258789,100.97000122070312,38400
2026-05-06,99.88737487792969,102.55000305175781,102.55000305175781,100.58999633789062,100.58999633789062,35144
2026-05-07,98.63086700439453,101.26000213623047,102.9800033569336,101.08000183105469,102.55000305175781,28565
2026-05-08,99.82893371582031,102.48999786376953,102.68000030517578,101.25,101.36000061035156,33370
2026-05-11,98.81593322753906,101.44999694824219,102.51000213623047,100.01000213623047,102.48999786376953,38577
2026-05-12,95.9425277709961,98.5,101.2300033569336,98.5,101.0,28171
2026-05-13,95.74772644042969,98.30000305175781,99.63999938964844,98.0,98.75,33098
2026-05-14,96.91656494140625,99.5,99.77999877929688,98.2699966430664,98.5,19874
2026-05-15,98.38736724853516,101.01000213623047,102.0,98.66999816894531,99.5,48704
2026-05-18,96.44902038574219,99.0199966430664,101.9000015258789,98.80000305175781,101.9000015258789,39553
2026-05-19,94.27692413330078,96.79000091552734,99.25,96.0,99.25,47605
2026-05-20,95.74772644042969,98.30000305175781,99.01000213623047,97.0,97.0,45361
2026-05-21,95.35811614990234,97.9000015258789,98.88999938964844,97.0,98.75,54673
2026-05-22,95.69902801513672,98.25,98.25,96.9000015258789,97.5999984741211,31819
2026-05-25,95.18278503417969,97.72000122070312,98.33000183105469,97.2699966430664,98.25,34050
2026-05-26,93.93601989746094,96.44000244140625,97.72000122070312,96.41000366210938,97.72000122070312,39333
2026-05-27,93.51718139648438,96.01000213623047,96.81999969482422,95.87999725341797,96.44000244140625,30035
2026-05-28,93.19574737548828,95.68000030517578,96.38999938964844,95.52999877929688,96.38999938964844,24436
2026-05-29,93.68276977539062,96.18000030517578,96.43000030517578,95.69000244140625,95.81999969482422,23414
2026-06-01,93.94801330566406,95.62999725341797,96.76000213623047,94.11000061035156,95.36000061035156,82748
2026-06-02,93.84977722167969,95.52999877929688,95.81999969482422,94.95999908447266,95.62999725341797,44890
2026-06-03,93.1817398071289,94.8499984741211,95.5199966430664,93.80000305175781,95.5199966430664,46295
2026-06-05,92.37615966796875,94.02999877929688,94.83000183105469,93.62000274658203,94.70999908447266,32214
2026-06-08,91.46251678466797,93.0999984741211,94.41000366210938,93.08000183105469,94.02999877929688,38734
2026-06-09,91.86531066894531,93.51000213623047,93.6500015258789,93.02999877929688,93.0999984741211,35880
2026-06-10,91.08920288085938,92.72000122070312,93.5199966430664,92.04000091552734,93.5199966430664,27236
2026-06-11,93.10314178466797,94.7699966430664,94.7699966430664,92.33999633789062,92.72000122070312,22505
2026-06-12,93.31927490234375,94.98999786376953,95.73999786376953,94.70999908447266,95.0,18985
2026-06-15,94.48834991455078,96.18000030517578,96.69000244140625,94.98999786376953,94.98999786376953,31326
2026-06-16,94.91078186035156,96.61000061035156,97.08999633789062,95.94999694824219,96.8499984741211,21570
2026-06-17,95.25462341308594,96.95999908447266,97.4800033569336,96.33999633789062,96.61000061035156,21107
2026-06-18,93.781005859375,95.45999908447266,97.2300033569336,95.0,96.95999908447266,31977
2026-06-19,94.9893798828125,96.69000244140625,96.69000244140625,94.01000213623047,95.94000244140625,27233
2026-06-22,92.65123748779297,94.30999755859375,96.79000091552734,93.02999877929688,96.69000244140625,60998
2026-06-23,91.85547637939453,93.5,94.18000030517578,92.69000244140625,93.9000015258789,28217
2026-06-24,91.10884857177734,92.73999786376953,93.5,92.45999908447266,93.5,19205
2026-06-25,89.20297241210938,90.80000305175781,92.7699966430664,90.75,92.73999786376953,69092
2026-06-26,90.26396942138672,91.87999725341797,92.0,90.22000122070312,91.0199966430664,72171
2026-06-29,91.71794128417969,93.36000061035156,93.36000061035156,90.6500015258789,92.0,22115
2026-06-30,92.09125518798828,93.73999786376953,94.16000366210938,93.0999984741211,93.47000122070312,27047
2026-07-01,91.96241760253906,92.79000091552734,93.43000030517578,92.05000305175781,92.9800033569336,25496
2026-07-02,92.81475067138672,93.6500015258789,93.70999908447266,92.9000015258789,92.98999786376953,16831
2026-07-03,93.3697509765625,94.20999908447266,94.5999984741211,93.5,94.0,23591
2026-07-06,92.10116577148438,92.93000030517578,94.5,92.81999969482422,94.5,19757
2026-07-07,92.52733612060547,93.36000061035156,94.13999938964844,92.94999694824219,93.45999908447266,18528
2026-07-08,92.65617370605469,93.48999786376953,93.93000030517578,93.0,93.5,27295
2026-07-09,93.45895385742188,94.30000305175781,94.52999877929688,93.05000305175781,93.5,13089
2026-07-10,94.8464584350586,95.69999694824219,96.38999938964844,93.87000274658203,94.29000091552734,36109
2026-07-13,94.74735260009766,95.5999984741211,96.18000030517578,95.04000091552734,95.94000244140625,19430
2026-07-14,93.9544906616211,94.80000305175781,96.12000274658203,94.4000015258789,95.94000244140625,18802
2026-07-15,93.81574249267578,94.66000366210938,95.27999877929688,94.30000305175781,94.80000305175781,18529
2026-07-16,93.211181640625,94.05000305175781,94.93000030517578,93.91999816894531,94.7699966430664,18150
2026-07-17,93.39948272705078,94.23999786376953,95.33999633789062,94.0199966430664,94.69999694824219,18873
2026-07-20,93.16162872314453,94.0,95.06999969482422,94.0,94.55999755859375,19971
2026-07-21,93.16162872314453,94.0,94.75,93.61000061035156,94.62000274658203,21725
2026-07-22,92.08135223388672,92.91000366210938,94.19000244140625,92.9000015258789,94.19000244140625,18205
2026-07-23,91.62545013427734,92.44999694824219,93.2300033569336,91.86000061035156,93.01000213623047,23329
2026-07-24,92.40840148925781,93.23999786376953,93.23999786376953,91.22000122070312,92.80000305175781,24615
2026-07-27,91.67500305175781,92.5,93.26000213623047,91.8499984741211,93.23999786376953,25232
2026-07-28,92.02188110351562,92.8499984741211,92.8499984741211,91.9800033569336,92.5,13762
2026-07-29,92.39849853515625,93.2300033569336,93.2300033569336,91.7300033569336,93.05999755859375,21678
2026-07-30,91.55606842041016,92.37999725341797,93.19999694824219,92.30000305175781,93.19999694824219,11444
2026-07-31,91.12000274658203,91.94000244140625,92.9800033569336,91.94000244140625,92.75,17069
2026-08-03,90.5,90.5,91.9000015258789,90.5,91.9000015258789,30030
2026-08-04,91.05999755859375,91.05999755859375,91.5199966430664,90.37000274658203,90.9000015258789,22476
2026-08-05,90.1500015258789,90.1500015258789,91.08000183105469,90.11000061035156,91.05999755859375,14604
2026-08-06,90.5,90.5,91.5,90.25,90.62000274658203,23580
