Date,Adj Close,Close,High,Low,Open,Volume
2020-06-04,77.96530151367188,115.57537078857422,116.90496826171875,115.06552124023438,115.85528564453125,104618
2020-06-05,79.14547729492188,117.32484436035156,117.8346939086914,115.71532440185547,115.71532440185547,75772
2020-06-08,79.91426849365234,118.46450805664062,118.96435546875,117.17488861083984,117.32484436035156,126024
2020-06-09,80.23123168945312,118.93436431884766,118.93436431884766,116.96495056152344,118.45450592041016,93184
2020-06-10,81.47207641601562,120.77381134033203,121.91346740722656,118.93436431884766,119.02433776855469,65460
2020-06-12,79.30732727050781,117.56477355957031,120.77381134033203,115.36543273925781,117.96465301513672,98033
2020-06-15,79.61080932617188,118.01464080810547,118.26456451416016,115.97525024414062,117.56477355957031,131321
2020-06-16,78.22830200195312,115.96525573730469,118.96435546875,115.86528015136719,118.4844970703125,201628
2020-06-17,77.8237075805664,115.36543273925781,116.81500244140625,115.25546264648438,116.02523803710938,170498
2020-06-18,78.6329345703125,116.56507110595703,116.81500244140625,115.56537628173828,115.94525909423828,155382
2020-06-19,81.6002426147461,120.96375274658203,121.26366424560547,116.81500244140625,116.81500244140625,172192
2020-06-22,83.05014038085938,123.11311340332031,123.85289001464844,121.50359344482422,121.50359344482422,77352
2020-06-23,82.94900512695312,122.9631576538086,124.26276397705078,122.7732162475586,123.14310455322266,63264
2020-06-24,82.94900512695312,122.9631576538086,123.66294860839844,122.66324615478516,123.66294860839844,54259
2020-06-25,83.3873519897461,123.61296081542969,123.83289337158203,122.9631576538086,123.552978515625,50563
2020-06-26,83.5559310913086,123.86288452148438,123.96286010742188,122.99314880371094,123.61296081542969,49662
2020-06-29,83.48847961425781,123.7629165649414,124.21278381347656,121.49359893798828,123.96286010742188,44716
2020-06-30,87.64945220947266,129.9310760498047,129.9310760498047,123.66294860839844,123.86288452148438,46846
2020-07-01,87.66963958740234,129.9610595703125,129.9610595703125,125.5623779296875,128.71144104003906,53259
2020-07-02,86.99529266357422,128.96136474609375,130.80081176757812,128.96136474609375,129.9610595703125,50352
2020-07-03,84.97216033935547,125.9622573852539,126.58206939697266,124.26276397705078,125.9622573852539,158295
2020-07-06,83.99427032470703,124.5126953125,126.55207824707031,124.4127197265625,126.06222534179688,91641
2020-07-07,83.62339782714844,123.96286010742188,125.3524398803711,123.96286010742188,124.56267547607422,79380
2020-07-08,84.29776763916016,124.96255493164062,125.55238342285156,124.1427993774414,124.61266326904297,98905
2020-07-09,85.03282928466797,126.05223083496094,126.4421157836914,125.07252502441406,125.55238342285156,73302
2020-07-10,86.38835144042969,128.06163024902344,128.4315185546875,126.06222534179688,126.06222534179688,69844
2020-07-13,84.97216033935547,125.9622573852539,128.06163024902344,125.71233367919922,128.06163024902344,67566
2020-07-14,84.29776763916016,124.96255493164062,126.94196319580078,124.86258697509766,126.74202728271484,57667
2020-07-15,85.51837921142578,126.77201843261719,126.77201843261719,124.96255493164062,125.91226959228516,48469
2020-07-16,85.70046997070312,127.04193878173828,127.06192779541016,126.3121566772461,126.9019775390625,62407
2020-07-17,85.720703125,127.0719223022461,127.86168670654297,126.46210479736328,127.04193878173828,61114
2020-07-20,85.49140930175781,126.73202514648438,127.96166229248047,125.36243438720703,127.0719223022461,72457
2020-07-21,85.84882354736328,127.26187133789062,127.46180725097656,125.9622573852539,126.84199523925781,63013
2020-07-22,85.4779281616211,126.7120361328125,127.45181274414062,125.95226287841797,127.3618392944336,46037
2020-07-23,85.51163482666016,126.76201629638672,127.24187469482422,126.11221313476562,126.86199188232422,58410
2020-07-24,85.53862762451172,126.80200958251953,127.32185363769531,126.14220428466797,126.76201629638672,60176
2020-07-27,85.63978576660156,126.95196533203125,127.16189575195312,126.76201629638672,126.95196533203125,61935
2020-07-28,85.9634780883789,127.43181610107422,127.43181610107422,125.92227172851562,126.96195983886719,67609
2020-07-29,85.61279296875,126.91197204589844,127.76171875,125.17249298095703,127.45181274414062,77606
2020-07-30,85.6465072631836,126.96195983886719,126.96195983886719,126.03223419189453,126.83200073242188,76435
2020-07-31,85.005859375,126.01224517822266,127.92166900634766,126.01224517822266,127.16189575195312,64971
2020-08-03,83.60314178466797,123.93286895751953,125.9622573852539,123.26306915283203,125.76232147216797,79790
2020-08-04,83.75823974609375,124.16279602050781,124.96255493164062,123.363037109375,123.93286895751953,62177
2020-08-05,84.60124206542969,125.41242218017578,125.41242218017578,124.16279602050781,124.16279602050781,41326
2020-08-06,84.29776763916016,124.96255493164062,126.28216552734375,124.5126953125,125.41242218017578,51234
2020-08-07,84.00776672363281,124.53268432617188,125.87228393554688,124.53268432617188,125.46240997314453,64881
2020-08-10,84.61473083496094,125.43241882324219,126.96195983886719,124.94256591796875,124.94256591796875,75495
2020-08-11,85.22166442871094,126.33214569091797,126.7120361328125,125.9422607421875,125.9422607421875,65453
2020-08-12,84.56749725341797,125.36243438720703,126.96195983886719,124.96255493164062,126.73202514648438,63853
2020-08-13,84.97216033935547,125.9622573852539,126.41212463378906,125.06253051757812,125.66234588623047,61218
2020-08-14,85.558837890625,126.83200073242188,126.96195983886719,125.5623779296875,125.97225189208984,55312
2020-08-17,85.66675567626953,126.99195098876953,127.99165344238281,126.86199188232422,126.86199188232422,69210
2020-08-18,86.14556121826172,127.70173645019531,127.80170440673828,127.01194763183594,127.65174865722656,48412
2020-08-19,87.07620239257812,129.08132934570312,129.2612762451172,127.70173645019531,127.73172760009766,54628
2020-08-20,87.69664764404297,130.0010528564453,130.0010528564453,128.4615020751953,129.11131286621094,55728
2020-08-21,87.69664764404297,130.0010528564453,130.70083618164062,129.1613006591797,130.0010528564453,51477
2020-08-24,87.69664764404297,130.0010528564453,130.13101196289062,129.66114807128906,130.0010528564453,60354
2020-08-25,87.75733184814453,130.0910186767578,130.1909942626953,129.76112365722656,129.9610595703125,59010
2020-08-26,87.66963958740234,129.9610595703125,130.64085388183594,128.13160705566406,130.1909942626953,106660
2020-08-27,86.65807342529297,128.4615020751953,130.2809600830078,128.34153747558594,129.9610595703125,65854
2020-08-28,86.34783935546875,128.00164794921875,129.76112365722656,127.59176635742188,129.34124755859375,53971
2020-08-31,85.52513122558594,126.78201293945312,129.98104858398438,126.46210479736328,128.74142456054688,106615
2020-09-01,85.71395874023438,127.06192779541016,128.3915252685547,126.20218658447266,127.31185150146484,81980
2020-09-02,85.78813171386719,127.1718978881836,128.80140686035156,126.46210479736328,127.06192779541016,60579
2020-09-03,85.57908630371094,126.86199188232422,127.77171325683594,126.65205383300781,127.1718978881836,61621
2020-09-04,86.63788604736328,128.4315185546875,128.71144104003906,126.96195983886719,126.96195983886719,42543
2020-09-08,87.66294860839844,129.95106506347656,129.95106506347656,128.4615020751953,128.57147216796875,51568
2020-09-09,87.66963958740234,129.9610595703125,130.0010528564453,129.0613250732422,129.95106506347656,41090
2020-09-10,87.66963958740234,129.9610595703125,130.0010528564453,128.4315185546875,129.99105834960938,76701
2020-09-11,87.39990234375,129.56117248535156,129.9610595703125,128.54148864746094,129.9610595703125,74228
2020-09-14,87.66963958740234,129.9610595703125,129.9610595703125,129.1313018798828,129.56117248535156,58195
2020-09-15,87.46735382080078,129.66114807128906,129.9610595703125,129.44122314453125,129.9610595703125,55093
2020-09-16,87.65618133544922,129.94107055664062,129.9610595703125,129.46121215820312,129.8311004638672,50053
2020-09-17,87.44711303710938,129.63116455078125,129.94107055664062,129.5211944580078,129.94107055664062,39974
2020-09-18,86.92784881591797,128.86138916015625,129.87109375,127.96166229248047,129.87109375,55501
2020-09-21,87.13016510009766,129.1613006591797,129.9610595703125,126.96195983886719,128.96136474609375,64714
2020-09-22,87.60221099853516,129.861083984375,129.9610595703125,129.1613006591797,129.1613006591797,45503
2020-09-23,87.4336166381836,129.6111602783203,130.1510009765625,128.96136474609375,129.95106506347656,44198
2020-09-24,87.29875183105469,129.41122436523438,129.9210662841797,129.0613250732422,129.6111602783203,44957
2020-09-25,87.33246612548828,129.46121215820312,129.84109497070312,129.28126525878906,129.46121215820312,46102
2020-09-28,86.65807342529297,128.4615020751953,129.8111114501953,128.4615020751953,129.51119995117188,54984
2020-09-29,86.99529266357422,128.96136474609375,129.9010772705078,128.4615020751953,129.0113525390625,49113
2020-09-30,91.04157257080078,134.95956420898438,134.95956420898438,129.12130737304688,129.12130737304688,82832
2020-10-01,87.20433807373047,129.27127075195312,132.34034729003906,128.86138916015625,132.04043579101562,93214
2020-10-02,87.4268569946289,129.60116577148438,130.85079956054688,129.34124755859375,129.76112365722656,52119
2020-10-05,86.99529266357422,128.96136474609375,130.9507598876953,128.96136474609375,129.9210662841797,74276
2020-10-06,87.63594818115234,129.91107177734375,130.2109832763672,129.36123657226562,129.36123657226562,54478
2020-10-07,88.83634185791016,131.69053649902344,131.94046020507812,130.06103515625,130.06103515625,44217
2020-10-08,89.1533203125,132.160400390625,132.84019470214844,131.71054077148438,131.94046020507812,56544
2020-10-09,89.10609436035156,132.09042358398438,132.9601593017578,131.76052856445312,132.84019470214844,43429
2020-10-13,89.08586120605469,132.0604248046875,132.91017150878906,130.9807586669922,132.2003936767578,41375
2020-10-14,89.25446319580078,132.3103485107422,132.69024658203125,132.0604248046875,132.23037719726562,42517
2020-10-15,89.35560607910156,132.46031188964844,132.94017028808594,132.1204071044922,132.3103485107422,46445
2020-10-16,89.35560607910156,132.46031188964844,133.26007080078125,132.46031188964844,132.7702178955078,56726
2020-10-19,89.62535858154297,132.8601837158203,133.2100830078125,132.53028869628906,132.9601593017578,42393
2020-10-20,90.6976318359375,134.44972229003906,134.55967712402344,132.76022338867188,132.8601837158203,54845
2020-10-21,91.04157257080078,134.95956420898438,134.95956420898438,134.49969482421875,134.49969482421875,44647
2020-10-22,91.37877655029297,135.45941162109375,135.45941162109375,134.75962829589844,134.95956420898438,46818
2020-10-23,91.14271545410156,135.10951232910156,136.62905883789062,135.04953002929688,135.45941162109375,45767
2020-10-26,89.62535858154297,132.8601837158203,135.95925903320312,132.8601837158203,135.10951232910156,58648
2020-10-27,89.03191375732422,131.98045349121094,134.43971252441406,131.96046447753906,132.8701934814453,43036
2020-10-28,87.5347671508789,129.76112365722656,132.37033081054688,129.2612762451172,132.160400390625,61856
2020-10-29,86.9615707397461,128.911376953125,129.76112365722656,123.35304260253906,129.76112365722656,87141
2020-10-30,86.99529266357422,128.96136474609375,130.55088806152344,125.30245971679688,128.4615020751953,69450
2020-11-03,85.99044799804688,127.47180938720703,129.9210662841797,127.47180938720703,128.5614776611328,49827
2020-11-04,86.09160614013672,127.62175750732422,129.9610595703125,127.16189575195312,129.0013427734375,48257
2020-11-05,86.29390716552734,127.92166900634766,129.88108825683594,127.54178619384766,128.35154724121094,62948
2020-11-06,87.66963958740234,129.9610595703125,129.9610595703125,127.08192443847656,128.19158935546875,68497
2020-11-09,86.33440399169922,127.98165130615234,131.66055297851562,127.96166229248047,129.9610595703125,99362
2020-11-10,85.84210968017578,127.25186920166016,128.9413604736328,126.97195434570312,128.9413604736328,90318
2020-11-11,85.98371124267578,127.46180725097656,128.36154174804688,127.16189575195312,127.79170989990234,39602
2020-11-12,86.65807342529297,128.4615020751953,129.36123657226562,127.47180938720703,127.86168670654297,33169
2020-11-13,86.98854064941406,128.95135498046875,128.96136474609375,127.26187133789062,128.4615020751953,58194
2020-11-16,86.32090759277344,127.96166229248047,128.8713836669922,127.91167449951172,128.8713836669922,62934
2020-11-17,86.33440399169922,127.98165130615234,128.4615020751953,127.73172760009766,128.13160705566406,54171
2020-11-18,86.50971984863281,128.2415771484375,128.42152404785156,127.9716567993164,128.03163146972656,28726
2020-11-19,86.79297637939453,128.6614532470703,129.65115356445312,128.2415771484375,128.2415771484375,38626
2020-11-23,87.13016510009766,129.1613006591797,129.4212188720703,128.79141235351562,128.79141235351562,28522
2020-11-24,86.88063049316406,128.79141235351562,129.46121215820312,128.79141235351562,129.21128845214844,43915
2020-11-25,86.92108917236328,128.8513946533203,129.30125427246094,128.76141357421875,128.82139587402344,39486
2020-11-26,86.37487030029297,128.04164123535156,129.32125854492188,127.96166229248047,128.8513946533203,40359
2020-11-27,86.77947998046875,128.64144897460938,129.0113525390625,128.04164123535156,128.04164123535156,34910
2020-11-30,86.18601989746094,127.76171875,129.3312530517578,127.75172424316406,128.64144897460938,57778
2020-12-01,85.26212310791016,126.39212799072266,127.71173095703125,125.97225189208984,127.08192443847656,64310
2020-12-02,85.4442138671875,126.66204833984375,127.4917984008789,126.39212799072266,126.96195983886719,53449
2020-12-03,85.56562042236328,126.84199523925781,127.15190124511719,126.66204833984375,126.66204833984375,47900
2020-12-04,82.94224548339844,122.95316314697266,126.76201629638672,122.5032958984375,126.76201629638672,157147
2020-12-07,83.61662292480469,123.9528579711914,125.31245422363281,122.9631576538086,122.9631576538086,71359
2020-12-08,82.94224548339844,122.95316314697266,124.46270751953125,122.53328704833984,123.98284912109375,102959
2020-12-09,81.6609115600586,121.05372619628906,122.9631576538086,120.53388214111328,121.96345520019531,92390
2020-12-10,81.89695739746094,121.40362548828125,122.86318969726562,120.96375274658203,121.07372283935547,72776
2020-12-11,82.03856658935547,121.61356353759766,122.49329376220703,121.50359344482422,121.9434585571289,52186
2020-12-14,81.39790344238281,120.66384887695312,121.95346069335938,120.56387329101562,121.61356353759766,77528
2020-12-15,80.9932861328125,120.06402587890625,120.9537582397461,119.96405792236328,120.66384887695312,75922
2020-12-16,81.11466979980469,120.24397277832031,120.65384674072266,120.07402038574219,120.08402252197266,70095
2020-12-17,80.8583984375,119.86408233642578,120.61386108398438,119.86408233642578,120.26396179199219,92688
2020-12-18,81.39790344238281,120.66384887695312,120.94376373291016,119.86408233642578,119.87408447265625,60323
2020-12-21,80.92581939697266,119.96405792236328,121.76351928710938,119.96405792236328,120.66384887695312,82371
2020-12-22,80.72352600097656,119.66414642333984,120.93376159667969,119.57417297363281,120.0140380859375,131644
2020-12-23,81.04722595214844,120.14399719238281,120.45391082763672,119.86408233642578,119.86408233642578,102872
2020-12-28,80.91233825683594,119.94406127929688,120.82379913330078,119.88407897949219,120.21398162841797,120376
2020-12-29,81.66767883300781,121.06372833251953,121.45360565185547,120.06402587890625,120.36393737792969,85770
2020-12-30,83.62339782714844,123.96286010742188,124.21278381347656,121.38362884521484,121.55358123779297,76531
2021-01-04,81.33045196533203,120.56387329101562,123.46300506591797,120.46390533447266,123.363037109375,162401
2021-01-05,81.36419677734375,120.61386108398438,121.2436752319336,120.06402587890625,120.69384002685547,114436
2021-01-06,81.0135269165039,120.0940170288086,120.96375274658203,120.07402038574219,120.7638168334961,109078
2021-01-07,81.12815856933594,120.26396179199219,120.7638168334961,120.12400817871094,120.12400817871094,127420
2021-01-08,80.95954895019531,120.0140380859375,120.63385772705078,119.92406463623047,120.36393737792969,130736
2021-01-11,80.95281982421875,120.00404357910156,120.64385223388672,119.92406463623047,120.10401153564453,76300
2021-01-12,81.25628662109375,120.45391082763672,120.61386108398438,119.96405792236328,120.10401153564453,63818
2021-01-13,81.27653503417969,120.48390197753906,120.96375274658203,119.98404693603516,120.45391082763672,60395
2021-01-14,82.2746353149414,121.96345520019531,122.4832992553711,120.5138931274414,120.77381134033203,76885
2021-01-15,82.78041076660156,122.7132339477539,122.89318084716797,122.01344299316406,122.01344299316406,43601
2021-01-18,82.40274810791016,122.15339660644531,122.81320190429688,122.11341094970703,122.81320190429688,61636
2021-01-19,81.12815856933594,120.26396179199219,122.9631576538086,120.19398498535156,122.2333755493164,109691
2021-01-20,82.2813720703125,121.97344970703125,122.16339874267578,120.56387329101562,120.7638168334961,47257
2021-01-21,82.5106430053711,122.3133544921875,122.6732406616211,121.73352813720703,121.97344970703125,41369
2021-01-22,81.6002426147461,120.96375274658203,122.41332244873047,120.56387329101562,122.41332244873047,65180
2021-01-26,81.33720397949219,120.5738754272461,121.96345520019531,120.45391082763672,121.0837173461914,60862
2021-01-27,81.16187286376953,120.31394958496094,120.96375274658203,120.16399383544922,120.5738754272461,49709
2021-01-28,81.47882843017578,120.7838134765625,121.50359344482422,120.37393188476562,120.4139175415039,60863
2021-01-29,81.80255126953125,121.26366424560547,121.41361999511719,120.67384338378906,120.86378479003906,80842
2021-02-01,81.27653503417969,120.48390197753906,121.05372619628906,120.27396392822266,120.96375274658203,53794
2021-02-02,81.72164154052734,121.1436996459961,121.39362335205078,120.26396179199219,120.56387329101562,71586
2021-02-03,82.42971801757812,122.19338989257812,123.1530990600586,121.03373718261719,121.1436996459961,75121
2021-02-04,82.7264404296875,122.63325500488281,122.9631576538086,122.11341094970703,122.46330261230469,126541
2021-02-05,83.18502807617188,123.31304931640625,123.3830337524414,122.62326049804688,122.65325164794922,101065
2021-02-08,82.94900512695312,122.9631576538086,123.46300506591797,122.9631576538086,123.26306915283203,75098
2021-02-09,83.14453125,123.25306701660156,123.31304931640625,122.26336669921875,123.04313659667969,57418
2021-02-10,83.00969696044922,123.05313110351562,123.363037109375,122.9631576538086,123.25306701660156,58789
2021-02-11,82.81411743164062,122.76321411132812,123.18309020996094,122.36333465576172,123.05313110351562,52278
2021-02-12,82.40949249267578,122.16339874267578,122.87318420410156,122.16339874267578,122.7732162475586,58522
2021-02-17,82.11276245117188,121.72352600097656,122.41332244873047,121.48359680175781,122.17339324951172,48172
2021-02-18,82.0722885131836,121.66354370117188,122.41332244873047,121.66354370117188,121.95346069335938,61936
2021-02-19,82.34205627441406,122.06342315673828,122.41332244873047,121.66354370117188,121.66354370117188,73991
2021-02-22,81.30350494384766,120.52388763427734,122.15339660644531,119.96405792236328,122.06342315673828,108999
2021-02-23,81.47882843017578,120.7838134765625,121.95346069335938,120.46390533447266,120.83379364013672,70577
2021-02-24,81.49906921386719,120.81380462646484,121.76351928710938,120.7838134765625,120.98374938964844,52050
2021-02-25,81.16187286376953,120.31394958496094,121.34364318847656,119.96405792236328,120.86378479003906,74057
2021-02-26,81.26302337646484,120.46390533447266,120.94376373291016,118.96435546875,120.26396179199219,93759
2021-03-01,79.10501098632812,117.26486206054688,120.42391967773438,117.1648941040039,119.89407348632812,141239
2021-03-02,77.95857238769531,115.56537628173828,117.94465637207031,115.32544708251953,117.26486206054688,106489
2021-03-03,77.6618423461914,115.12550354003906,116.3651351928711,113.28605651855469,115.95525360107422,155187
2021-03-04,77.6348648071289,115.08551788330078,116.85498809814453,114.26576232910156,115.07552337646484,78029
2021-03-05,79.16570281982422,117.3548355102539,117.47480010986328,115.17549133300781,115.17549133300781,49113
2021-03-08,78.22830200195312,115.96525573730469,117.624755859375,115.96525573730469,117.3548355102539,64342
2021-03-09,78.17436218261719,115.8852767944336,116.56507110595703,115.36543273925781,116.06522369384766,59248
2021-03-10,77.446044921875,114.80560302734375,116.45510864257812,114.00584411621094,115.96525573730469,49699
2021-03-11,78.41715240478516,116.24517059326172,116.24517059326172,115.26546478271484,115.26546478271484,54805
2021-03-12,78.22830200195312,115.96525573730469,116.45510864257812,115.66534423828125,116.24517059326172,44490
2021-03-15,77.55393981933594,114.9655532836914,115.94525909423828,114.26576232910156,115.94525909423828,66567
2021-03-16,76.60980224609375,113.56597137451172,115.38542938232422,113.16609191894531,115.16548919677734,68951
2021-03-17,76.54237365722656,113.46600341796875,114.25576782226562,112.96614837646484,113.66593933105469,58950
2021-03-18,76.13775634765625,112.86618041992188,113.80590057373047,112.86618041992188,113.56597137451172,57837
2021-03-19,76.23217010498047,113.00614166259766,113.6259536743164,112.86618041992188,112.86618041992188,40192
2021-03-22,75.80056762695312,112.3663330078125,113.16609191894531,112.21637725830078,113.00614166259766,71655
2021-03-23,76.34004211425781,113.16609191894531,113.36603546142578,112.3663330078125,112.37632751464844,48733
2021-03-24,76.87957000732422,113.96585083007812,114.78560638427734,112.99613952636719,113.16609191894531,44725
2021-03-25,76.4411849975586,113.31604766845703,114.70562744140625,112.66624450683594,113.96585083007812,64799
2021-03-26,76.87281036376953,113.95585632324219,114.76560974121094,113.00614166259766,113.25606536865234,74282
2021-03-29,77.04813385009766,114.21577453613281,114.9655532836914,113.90586853027344,114.06582641601562,56658
2021-03-30,77.75626373291016,115.26546478271484,115.46540069580078,114.23577117919922,114.23577117919922,44652
2021-03-31,78.34971618652344,116.14520263671875,116.39512634277344,115.27545928955078,115.36543273925781,46436
2021-04-01,78.1946029663086,115.91526794433594,116.92496490478516,115.26546478271484,115.27545928955078,43383
2021-04-05,78.0597152709961,115.71532440185547,116.75502014160156,115.47540283203125,115.91526794433594,50624
2021-04-06,78.22830200195312,115.96525573730469,116.38512420654297,115.27545928955078,115.71532440185547,61457
2021-04-07,78.21483612060547,115.94525909423828,116.15519714355469,115.2154769897461,116.14520263671875,47049
2021-04-08,78.30250549316406,116.0752182006836,116.16519165039062,114.9655532836914,115.94525909423828,38923
2021-04-09,78.24853515625,115.99524688720703,116.38512420654297,115.96525573730469,116.1751937866211,46725
2021-04-12,78.23505401611328,115.97525024414062,116.26516723632812,115.95525360107422,115.99524688720703,61601
2021-04-13,78.2215576171875,115.95525360107422,116.21517944335938,115.41542053222656,115.97525024414062,49783
2021-04-14,77.21673583984375,114.46570587158203,116.32514953613281,113.8158950805664,115.96525573730469,88165
2021-04-15,76.60980224609375,113.56597137451172,115.35543823242188,113.23606872558594,114.46570587158203,81953
2021-04-16,77.14933013916016,114.36573028564453,114.60565948486328,113.56597137451172,113.60595703125,43220
2021-04-19,76.91329956054688,114.01583862304688,114.66564178466797,113.96585083007812,114.375732421875,48199
2021-04-20,77.2774658203125,114.55567932128906,114.66564178466797,114.01583862304688,114.01583862304688,40377
2021-04-22,77.41905212402344,114.76560974121094,114.8355941772461,114.55567932128906,114.565673828125,44482
2021-04-23,77.67532348632812,115.14550018310547,115.45540618896484,114.81559753417969,114.81559753417969,38967
2021-04-26,78.07994079589844,115.74531555175781,115.86528015136719,114.25576782226562,115.14550018310547,61177
2021-04-27,77.5269775390625,114.92556762695312,115.74531555175781,114.51568603515625,115.71532440185547,66007
2021-04-28,77.43255615234375,114.78560638427734,115.64534759521484,114.66564178466797,114.92556762695312,48538
2021-04-29,77.55393981933594,114.9655532836914,115.20548248291016,114.565673828125,114.78560638427734,49608
2021-04-30,78.22830200195312,115.96525573730469,115.96525573730469,114.9655532836914,115.10551452636719,46714
2021-05-03,77.28417205810547,114.565673828125,115.92526245117188,114.46570587158203,115.92526245117188,68188
2021-05-04,77.48650360107422,114.86558532714844,115.36543273925781,114.565673828125,114.565673828125,95567
2021-05-05,77.48650360107422,114.86558532714844,115.3454360961914,114.565673828125,114.88557434082031,39702
2021-05-06,77.54719543457031,114.95555877685547,115.46540069580078,114.86558532714844,114.86558532714844,46680
2021-05-07,77.7022933959961,115.18548583984375,115.30545043945312,114.95555877685547,114.97554779052734,50302
2021-05-10,77.55393981933594,114.9655532836914,115.26546478271484,114.86558532714844,115.18548583984375,53053
2021-05-11,77.74274444580078,115.24546813964844,115.37542724609375,114.91556549072266,114.9655532836914,61226
2021-05-12,77.56068420410156,114.97554779052734,115.41542053222656,114.97554779052734,115.24546813964844,36774
2021-05-13,77.446044921875,114.80560302734375,115.32544708251953,114.80560302734375,114.97554779052734,32370
2021-05-14,77.55393981933594,114.9655532836914,115.2154769897461,114.80560302734375,114.80560302734375,35340
2021-05-17,77.55393981933594,114.9655532836914,115.10551452636719,114.66564178466797,114.9655532836914,50008
2021-05-18,77.21673583984375,114.46570587158203,115.10551452636719,114.46570587158203,114.9655532836914,47127
2021-05-19,76.87957000732422,113.96585083007812,114.9655532836914,113.96585083007812,114.76560974121094,46264
2021-05-20,76.60980224609375,113.56597137451172,114.6456527709961,113.47599792480469,114.1657943725586,46484
2021-05-21,75.83427429199219,112.41632080078125,114.6456527709961,111.9664535522461,113.8958740234375,64280
2021-05-24,75.66567993164062,112.16638946533203,112.96614837646484,112.03643035888672,112.5362777709961,57994
2021-05-25,75.85449981689453,112.44630432128906,113.17608642578125,112.26636505126953,112.31634521484375,52311
2021-05-26,75.55776977539062,112.00643920898438,112.98614501953125,111.9664535522461,112.44630432128906,40462
2021-05-27,76.17147827148438,112.91616821289062,113.26605987548828,112.03643035888672,112.03643035888672,68819
2021-05-28,76.21192932128906,112.97615051269531,113.66593933105469,112.66624450683594,112.66624450683594,56741
2021-05-31,76.63678741455078,113.60595703125,114.68563842773438,112.9561538696289,113.46600341796875,61412
2021-06-01,76.20516967773438,112.96614837646484,113.60595703125,112.96614837646484,113.416015625,41880
2021-06-02,76.94700622558594,114.06582641601562,114.44570922851562,112.96614837646484,112.96614837646484,56394
2021-06-04,77.14257049560547,114.3557357788086,114.65564727783203,113.80590057373047,113.95585632324219,42048
2021-06-07,76.86605834960938,113.94586181640625,114.82559204101562,113.61595916748047,114.76560974121094,48913
2021-06-08,76.74468231201172,113.76591491699219,114.755615234375,113.76591491699219,114.01583862304688,45787
2021-06-09,76.78517150878906,113.82589721679688,114.44570922851562,112.98614501953125,113.76591491699219,43308
2021-06-10,76.87957000732422,113.96585083007812,114.06582641601562,113.56597137451172,113.82589721679688,39661
2021-06-11,76.85258483886719,113.92586517333984,114.26576232910156,113.76591491699219,114.05582427978516,73959
2021-06-14,76.09725189208984,112.80619812011719,114.26576232910156,112.4762954711914,113.99584197998047,76867
2021-06-15,76.24561309814453,113.02613067626953,113.9158706665039,112.87618255615234,112.97615051269531,42380
2021-06-16,76.21192932128906,112.97615051269531,113.46600341796875,112.92616271972656,113.11610412597656,44733
2021-06-17,75.69939422607422,112.21637725830078,113.19608306884766,111.97644805908203,112.97615051269531,41249
2021-06-18,75.46336364746094,111.86648559570312,113.35603332519531,111.58656311035156,112.75621795654297,60223
2021-06-21,74.87664031982422,110.99674224853516,112.45630645751953,110.5668716430664,112.1763916015625,76455
2021-06-22,74.24946594238281,110.06702423095703,111.64654541015625,110.06702423095703,111.16669464111328,59502
2021-06-23,72.23304748535156,107.07791900634766,110.6468505859375,106.76800537109375,110.21697235107422,104879
2021-06-24,72.24653625488281,107.09790802001953,108.77740478515625,107.09790802001953,107.26786041259766,73540
2021-06-25,70.796630859375,104.94855499267578,107.36782836914062,100.11000061035156,107.18788146972656,158005
2021-06-28,70.94499969482422,105.16848754882812,105.84828186035156,100.46989440917969,103.89887237548828,138006
2021-06-29,71.13382720947266,105.44840240478516,106.8979721069336,104.33873748779297,105.22846984863281,68991
2021-06-30,71.27545166015625,105.65834045410156,106.88796997070312,105.11849975585938,105.96824645996094,52328
2021-07-01,71.1877670288086,105.52838134765625,106.3581314086914,105.52838134765625,106.21817779541016,48595
2021-07-02,71.14730072021484,105.46839904785156,106.86798095703125,104.96855163574219,106.15819549560547,45325
2021-07-05,71.9295883178711,106.6280517578125,106.6280517578125,105.768310546875,105.768310546875,32995
2021-07-06,72.42865753173828,107.36782836914062,107.4677963256836,106.37812805175781,106.6280517578125,37651
2021-07-07,74.07414245605469,109.80709838867188,110.10700988769531,107.31784057617188,107.36782836914062,58127
2021-07-08,74.04039764404297,109.75711059570312,109.96704864501953,108.46749877929688,109.80709838867188,52639
2021-07-12,75.18685150146484,111.45660400390625,111.45660400390625,108.56746673583984,109.7671127319336,75049
2021-07-13,76.27259826660156,113.06612396240234,113.34603881835938,111.45660400390625,111.45660400390625,55262
2021-07-14,75.86123657226562,112.45630645751953,113.4360122680664,112.01643371582031,112.81620025634766,44775
2021-07-15,75.59822082519531,112.06642150878906,113.4360122680664,111.9664535522461,112.45630645751953,42057
2021-07-16,75.74657440185547,112.2863540649414,113.0161361694336,111.83649444580078,112.46630096435547,32265
2021-07-19,75.79379272460938,112.35633850097656,112.96614837646484,112.05642700195312,112.32634735107422,46346
2021-07-20,76.34004211425781,113.16609191894531,113.16609191894531,111.9664535522461,111.9664535522461,27460
2021-07-21,76.27935028076172,113.07611846923828,113.46600341796875,113.0161361694336,113.21607971191406,24285
2021-07-22,76.17147827148438,112.91616821289062,113.416015625,112.1763916015625,113.17608642578125,26115
2021-07-23,75.53080749511719,111.9664535522461,113.32604217529297,111.9664535522461,112.96614837646484,38173
2021-07-26,75.692626953125,112.20638275146484,112.84619140625,112.01643371582031,112.21637725830078,31663
2021-07-27,74.4517822265625,110.36692810058594,111.76651000976562,110.07701873779297,111.26666259765625,69328
2021-07-28,74.18202209472656,109.96704864501953,111.45660400390625,109.66714477539062,110.42691040039062,50825
2021-07-29,74.01344299316406,109.71712493896484,110.35693359375,109.48719024658203,110.1669921875,41883
2021-07-30,74.01344299316406,109.71712493896484,110.47689819335938,109.46720123291016,109.96704864501953,42811
2021-08-02,73.50764465332031,108.96734619140625,109.71712493896484,108.00763702392578,109.7071304321289,33694
2021-08-03,72.90066528320312,108.06761932373047,109.31724548339844,108.06761932373047,109.07731628417969,39220
2021-08-04,72.03074645996094,106.77800750732422,108.95735168457031,106.6280517578125,108.48749542236328,43905
2021-08-05,71.48448181152344,105.96824645996094,107.74771881103516,105.96824645996094,106.97794342041016,40108
2021-08-06,71.98353576660156,106.7080307006836,106.76800537109375,106.05821990966797,106.36812591552734,34237
2021-08-09,71.9565658569336,106.66803741455078,106.75801086425781,105.96824645996094,106.7080307006836,38592
2021-08-10,71.48448181152344,105.96824645996094,106.94795227050781,105.96824645996094,106.66803741455078,42954
2021-08-11,70.1357421875,103.9688491821289,106.25816345214844,103.9688491821289,105.96824645996094,58734
2021-08-12,69.2927474975586,102.71922302246094,103.9488525390625,102.11940002441406,103.66893768310547,56953
2021-08-13,69.46135711669922,102.96914672851562,103.95885467529297,102.27935028076172,102.82918548583984,61514
2021-08-16,69.46135711669922,102.96914672851562,103.46900177001953,102.72921752929688,102.96914672851562,56201
2021-08-17,68.67233276367188,101.79949951171875,103.70892333984375,101.14969635009766,103.0091323852539,59943
2021-08-18,68.6588363647461,101.77950286865234,101.96944427490234,101.4795913696289,101.96944427490234,50772
2021-08-19,68.78694915771484,101.96944427490234,102.46929931640625,101.32963562011719,101.81948852539062,49650
2021-08-20,69.96711730957031,103.71892547607422,104.76860809326172,101.98944091796875,101.99943542480469,55131
2021-08-23,70.10200500488281,103.91886138916016,104.60865783691406,103.79889678955078,104.11880493164062,41205
2021-08-24,70.28410339355469,104.18878173828125,104.35873413085938,103.46900177001953,104.12879943847656,47238
2021-08-25,70.51338958740234,104.52867889404297,104.65863800048828,104.06881713867188,104.18878173828125,31825
2021-08-26,70.21664428710938,104.08881378173828,104.93856048583984,103.9688491821289,104.54867553710938,35785
2021-08-27,70.60106658935547,104.65863800048828,104.71862030029297,103.97884368896484,104.08881378173828,41173
2021-08-30,70.67524719238281,104.76860809326172,104.94855499267578,104.09880828857422,104.66864013671875,40226
2021-08-31,71.12709045410156,105.43840789794922,105.73831939697266,104.5986557006836,104.9085693359375,44366
2021-09-01,69.93341064453125,103.66893768310547,105.34843444824219,102.76920318603516,104.81859588623047,60904
2021-09-02,70.1964111328125,104.05882263183594,104.1387939453125,103.279052734375,103.84888458251953,35005
2021-09-03,69.34671783447266,102.7991943359375,104.83858489990234,102.71922302246094,104.05882263183594,62952
2021-09-06,69.86600494384766,103.5689697265625,103.9688491821289,102.47929382324219,102.7991943359375,33859
2021-09-08,68.68584442138672,101.81948852539062,103.5689697265625,101.4795913696289,103.55896759033203,68585
2021-09-09,68.8543930053711,102.06941986083984,102.66923522949219,100.56986236572266,101.81948852539062,84847
2021-09-10,67.91026306152344,100.66983795166016,102.96914672851562,100.26995849609375,102.4193115234375,81850
2021-09-13,67.6067886352539,100.219970703125,101.77950286865234,99.77010345458984,101.25965881347656,100322
2021-09-14,67.28985595703125,99.75011444091797,100.8697738647461,99.18028259277344,100.71981811523438,92782
2021-09-15,66.16363525390625,98.08061218261719,100.31993865966797,98.08061218261719,99.96005249023438,99381
2021-09-16,67.02008819580078,99.35023498535156,99.47019958496094,98.08061218261719,98.47049713134766,62156
2021-09-17,67.7416763305664,100.41991424560547,100.63984680175781,99.46019744873047,99.46019744873047,61958
2021-09-20,67.1347427368164,99.52017974853516,100.409912109375,98.99034118652344,100.409912109375,60025
2021-09-21,66.98637390136719,99.30024719238281,100.6198501586914,99.0703125,99.8200912475586,48727
2021-09-22,67.21566772460938,99.64014434814453,100.41991424560547,99.08031463623047,99.32024383544922,46774
2021-09-23,67.50563049316406,100.07001495361328,100.36992645263672,99.73011779785156,100.26995849609375,37487
2021-09-24,67.61354064941406,100.22996520996094,100.44990539550781,100.08000946044922,100.18997955322266,28428
2021-09-27,68.05862426757812,100.8897705078125,101.14969635009766,100.27995300292969,100.27995300292969,53008
2021-09-28,68.01142883300781,100.81979370117188,101.12969970703125,100.22996520996094,100.8897705078125,41368
2021-09-29,67.84281921386719,100.56986236572266,101.0797119140625,100.18997955322266,100.81979370117188,34793
2021-09-30,68.95555114746094,102.21937561035156,102.84918212890625,100.46989440917969,100.56986236572266,41341
2021-10-01,68.18002319335938,101.06971740722656,102.21937561035156,100.46989440917969,101.59955596923828,38372
2021-10-04,68.18002319335938,101.06971740722656,101.50958251953125,100.26995849609375,101.16968536376953,43582
2021-10-05,68.44304656982422,101.45960235595703,101.46959686279297,100.06002044677734,100.66983795166016,39560
2021-10-06,68.72627258300781,101.87947082519531,101.89946746826172,100.26995849609375,100.94975280761719,36088
2021-10-07,68.97578430175781,102.2493667602539,102.66923522949219,101.50958251953125,101.83948516845703,41058
2021-10-08,68.22048950195312,101.12969970703125,102.42930603027344,100.8697738647461,102.2493667602539,49807
2021-10-11,68.93533325195312,102.18938446044922,102.35932922363281,100.9697494506836,101.12969970703125,28478
2021-10-13,68.98929595947266,102.26935577392578,102.46929931640625,100.8697738647461,102.21937561035156,49132
2021-10-14,69.12416076660156,102.46929931640625,102.46929931640625,101.46959686279297,102.26935577392578,29784
2021-10-15,69.35344696044922,102.80919647216797,102.93915557861328,101.96944427490234,102.46929931640625,45283
2021-10-18,69.38043212890625,102.84918212890625,102.84918212890625,102.06941986083984,102.7991943359375,33775
2021-10-19,69.46135711669922,102.96914672851562,103.5689697265625,102.13939666748047,102.83918762207031,42223
2021-10-20,69.3736801147461,102.83918762207031,103.70892333984375,102.58926391601562,102.96914672851562,34175
2021-10-21,69.1781234741211,102.54927062988281,103.18907928466797,102.02942657470703,102.96914672851562,39517
2021-10-22,68.58465576171875,101.66954040527344,103.3590316772461,100.9697494506836,102.54927062988281,46858
2021-10-25,67.91699981689453,100.6798324584961,101.74951171875,100.56986236572266,101.66954040527344,41924
2021-10-26,67.35053253173828,99.840087890625,100.99974060058594,99.7601089477539,100.70982360839844,47779
2021-10-27,66.83125305175781,99.0703125,100.36992645263672,98.85037994384766,99.70012664794922,42705
2021-10-28,66.1771011352539,98.1006088256836,99.22026824951172,97.97064208984375,99.0703125,57076
2021-10-29,66.26478576660156,98.2305679321289,99.37022399902344,97.57076263427734,98.31053924560547,53426
2021-11-01,64.74068450927734,95.97124481201172,98.87037658691406,93.57196044921875,98.4205093383789,48270
2021-11-03,65.0778579711914,96.4710922241211,96.71102142333984,95.10150146484375,96.24116516113281,56506
2021-11-04,64.53836822509766,95.67133331298828,96.37112426757812,95.67133331298828,95.69132995605469,50128
2021-11-05,64.53836822509766,95.67133331298828,95.77130126953125,95.25145721435547,95.67133331298828,42208
2021-11-08,64.10673522949219,95.03152465820312,95.6113510131836,95.03152465820312,95.58135986328125,42789
2021-11-09,63.661659240722656,94.37171936035156,95.25145721435547,94.37171936035156,95.0715103149414,38368
2021-11-10,63.72233581542969,94.4616928100586,94.57166290283203,93.87187194824219,94.37171936035156,48314
2021-11-11,63.236812591552734,93.74191284179688,94.42170715332031,93.47199249267578,94.42170715332031,40248
2021-11-12,62.515228271484375,92.67223358154297,93.74191284179688,92.18238067626953,93.74191284179688,61192
2021-11-16,61.23390197753906,90.7728042602539,92.29234313964844,89.16328430175781,92.29234313964844,140687
2021-11-17,60.41788864135742,89.56316375732422,91.01273345947266,89.2232666015625,90.7728042602539,70034
2021-11-18,60.28974914550781,89.37322235107422,90.46289825439453,89.00333404541016,89.64314270019531,62284
2021-11-19,60.79553985595703,90.12299346923828,90.20297241210938,89.32323455810547,89.47319030761719,59710
2021-11-22,60.5999641418457,89.83308410644531,90.43290710449219,89.77310180664062,90.12299346923828,53773
2021-11-23,60.222293853759766,89.27325439453125,89.82308959960938,89.17327880859375,89.82308959960938,47168
2021-11-24,59.94581604003906,88.86337280273438,89.4332046508789,87.98363494873047,89.27325439453125,60220
2021-11-25,58.61054611206055,86.88396453857422,88.94335174560547,86.55406951904297,88.86337280273438,94555
2021-11-26,59.88513946533203,88.77339935302734,89.0133285522461,86.23416137695312,87.1338882446289,65496
2021-11-29,60.997840881347656,90.42290496826172,90.42290496826172,87.87367248535156,88.87336730957031,62122
2021-11-30,61.25412368774414,90.80279541015625,91.86247253417969,90.05301666259766,90.2929458618164,61624
2021-12-01,59.278167724609375,87.87367248535156,91.77249908447266,87.12389373779297,89.97303771972656,98701
2021-12-02,59.48049545288086,88.173583984375,88.87336730957031,87.47379302978516,87.97364044189453,58225
2021-12-03,60.68763732910156,89.96304321289062,89.97303771972656,88.173583984375,88.173583984375,169360
2021-12-06,63.22332763671875,93.72191619873047,93.76190948486328,89.97303771972656,89.97303771972656,62081
2021-12-07,65.01042175292969,96.37112426757812,96.43110656738281,93.72191619873047,93.72191619873047,70148
2021-12-08,65.42179107666016,96.98094177246094,98.0206298828125,96.37112426757812,96.37112426757812,45626
2021-12-09,65.8196792602539,97.57076263427734,97.67073822021484,95.72132110595703,96.98094177246094,44859
2021-12-10,65.61740112304688,97.27085876464844,98.2305679321289,96.78099822998047,97.57076263427734,30880
2021-12-13,64.40349578857422,95.47139739990234,97.72071838378906,94.58165740966797,97.27085876464844,55178
2021-12-14,64.4169921875,95.49138641357422,96.63104248046875,94.0218276977539,95.46139526367188,88734
2021-12-15,65.01042175292969,96.37112426757812,97.01093292236328,95.59135437011719,95.86127471923828,43234
2021-12-16,65.21276092529297,96.67103576660156,96.94095611572266,96.07121276855469,96.37112426757812,31484
2021-12-17,64.93626403808594,96.26115417480469,96.80099487304688,95.78130340576172,96.67103576660156,47287
2021-12-20,64.06629180908203,94.97154235839844,96.67103576660156,94.97154235839844,96.3011474609375,55928
2021-12-21,64.08651733398438,95.00153350830078,95.8412857055664,94.49168395996094,95.18148040771484,43306
2021-12-22,63.87743377685547,94.6916275024414,95.8412857055664,94.32173919677734,95.02153015136719,38084
2021-12-23,65.44205474853516,97.01093292236328,97.02092742919922,94.6916275024414,94.87157440185547,37287
2021-12-27,66.72335815429688,98.91036224365234,98.91036224365234,97.02092742919922,97.02092742919922,49500
2021-12-28,67.43146514892578,99.96005249023438,99.97004699707031,98.97034454345703,98.97034454345703,35850
2021-12-29,68.02490234375,100.83978271484375,101.94945526123047,99.47019958496094,99.97004699707031,44000
2021-12-30,69.05675506591797,102.36932373046875,102.40931701660156,100.83978271484375,100.83978271484375,36686
2022-01-03,67.20890808105469,99.6301498413086,103.62895202636719,97.80069732666016,101.96944427490234,61730
2022-01-04,67.10099792480469,99.47019958496094,100.92975616455078,98.73041534423828,99.6301498413086,33437
2022-01-05,65.5499496459961,97.17088317871094,100.36992645263672,96.970947265625,99.49018859863281,41533
2022-01-06,65.5162124633789,97.12090301513672,97.84068298339844,96.79100036621094,97.26085662841797,31480
2022-01-07,65.36109161376953,96.8909683227539,97.91065979003906,96.17118072509766,97.3308334350586,50033
2022-01-10,64.7811279296875,96.0312271118164,97.350830078125,96.01123046875,96.8909683227539,57305
2022-01-11,65.71852111816406,97.42080688476562,97.79069519042969,96.27115631103516,96.37112426757812,60406
2022-01-12,65.75223541259766,97.47079467773438,97.87067413330078,96.6810302734375,97.42080688476562,61250
2022-01-13,65.5499496459961,97.17088317871094,97.47079467773438,96.33113861083984,97.47079467773438,51507
2022-01-14,65.95457458496094,97.77070617675781,97.87067413330078,96.81098937988281,97.17088317871094,63959
2022-01-17,67.0133285522461,99.3402328491211,99.87007904052734,97.30084228515625,97.76071166992188,41984
2022-01-18,68.01142883300781,100.81979370117188,100.81979370117188,99.01033020019531,99.3402328491211,41229
2022-01-19,68.652099609375,101.7695083618164,101.9594497680664,100.14999389648438,100.9697494506836,60074
2022-01-20,67.50563049316406,100.07001495361328,102.21937561035156,100.04002380371094,101.94945526123047,68890
2022-01-21,68.44975280761719,101.46959686279297,101.75950622558594,100.22996520996094,100.22996520996094,37732
2022-01-24,68.08560943603516,100.92975616455078,101.2696533203125,99.97004699707031,101.2696533203125,59734
2022-01-25,67.4112319946289,99.93006134033203,100.9697494506836,99.66014099121094,100.9697494506836,44685
2022-01-26,67.53936767578125,100.12000274658203,100.46989440917969,97.77070617675781,99.77010345458984,55291
2022-01-27,67.16844940185547,99.5701675415039,100.60985565185547,98.97034454345703,100.05001831054688,48737
2022-01-28,66.39289855957031,98.4205093383789,99.92005920410156,97.97064208984375,99.5701675415039,44976
2022-01-31,66.48734283447266,98.56047058105469,99.47019958496094,97.98064422607422,98.4804916381836,38897
2022-02-01,65.68480682373047,97.3708267211914,98.41051483154297,97.3708267211914,98.22057342529297,34745
2022-02-02,65.52294921875,97.13089752197266,97.95065307617188,96.96094512939453,97.57076263427734,38672
2022-02-03,65.47573852539062,97.06092071533203,97.67073822021484,96.82099151611328,97.15089416503906,30323
2022-02-04,65.48924255371094,97.0809097290039,97.77070617675781,96.8709716796875,97.06092071533203,20276
2022-02-07,65.37459564208984,96.91096496582031,97.92066192626953,96.84098052978516,97.0809097290039,29930
2022-02-08,65.61740112304688,97.27085876464844,97.82068634033203,96.10120391845703,96.970947265625,39112
2022-02-09,65.61740112304688,97.27085876464844,97.73072052001953,96.970947265625,97.27085876464844,19812
2022-02-10,65.21276092529297,96.67103576660156,97.3708267211914,96.27115631103516,97.29084777832031,29419
2022-02-11,65.21276092529297,96.67103576660156,97.11090087890625,96.37112426757812,96.62104797363281,30381
2022-02-14,65.61062622070312,97.26085662841797,97.77070617675781,96.53107452392578,96.67103576660156,50713
2022-02-15,65.95457458496094,97.77070617675781,97.92066192626953,97.17088317871094,97.26085662841797,28795
2022-02-16,65.56343078613281,97.19087982177734,97.77070617675781,96.970947265625,97.76071166992188,32862
2022-02-17,65.09134674072266,96.4910888671875,97.68073272705078,96.4910888671875,97.27085876464844,35435
2022-02-18,65.31391906738281,96.82099151611328,97.39081573486328,96.4710922241211,96.6010513305664,30125
2022-02-21,64.74068450927734,95.97124481201172,97.12090301513672,95.47139739990234,96.78099822998047,45504
2022-02-22,62.798458099365234,93.09210968017578,96.17118072509766,91.87247467041016,95.97124481201172,84221
2022-02-23,62.602874755859375,92.80219268798828,93.95185089111328,92.67223358154297,93.23206329345703,57496
2022-02-24,61.43620300292969,91.07271575927734,92.9721450805664,90.84278106689453,91.86247253417969,69921
2022-02-25,62.07012176513672,92.0124282836914,92.42230987548828,91.09270477294922,91.09270477294922,84977
2022-03-02,64.57209777832031,95.72132110595703,95.8212890625,91.35263061523438,91.35263061523438,102002
2022-03-03,65.40830993652344,96.96094512939453,96.96094512939453,95.4214096069336,95.72132110595703,67818
2022-03-04,65.5836410522461,97.22087097167969,97.22087097167969,96.6010513305664,96.75101470947266,67073
2022-03-07,66.08942413330078,97.97064208984375,97.97064208984375,95.02153015136719,97.22087097167969,137693
2022-03-08,66.08942413330078,97.97064208984375,99.27025604248047,96.17118072509766,97.67073822021484,65806
2022-03-09,66.67617797851562,98.84038543701172,99.0703125,96.59105682373047,97.97064208984375,65130
2022-03-10,68.04515838623047,100.8697738647461,101.32963562011719,98.08061218261719,98.45050048828125,95625
2022-03-11,68.49024963378906,101.52957916259766,101.7695083618164,99.69013214111328,100.12000274658203,100833
2022-03-14,67.70795440673828,100.36992645263672,101.49958801269531,100.09001159667969,101.36962890625,86266
2022-03-15,67.64054107666016,100.26995849609375,100.89976501464844,99.13029479980469,100.24996185302734,87467
2022-03-16,68.55768585205078,101.62954711914062,101.89946746826172,100.12999725341797,100.26995849609375,71847
2022-03-17,68.04515838623047,100.8697738647461,102.46929931640625,100.36992645263672,101.25965881347656,77446
2022-03-18,67.41796112060547,99.94005584716797,103.95885467529297,99.94005584716797,100.87977600097656,706509
2022-03-21,65.25994110107422,96.74101257324219,100.95974731445312,95.47139739990234,100.36992645263672,119269
2022-03-22,66.29849243164062,98.28055572509766,99.5301742553711,97.20087432861328,97.20087432861328,69769
2022-03-23,66.09616088867188,97.98064422607422,99.52017974853516,97.97064208984375,98.2905502319336,52897
2022-03-24,66.59522247314453,98.72042083740234,99.7401123046875,97.20087432861328,97.86067962646484,90088
2022-03-25,66.27826690673828,98.25056457519531,99.47019958496094,98.17058563232422,98.9803466796875,31001
2022-03-28,66.03548431396484,97.89067077636719,98.47049713134766,96.90096282958984,98.25056457519531,42971
2022-03-29,65.68480682373047,97.3708267211914,97.89067077636719,96.90096282958984,97.57076263427734,38791
2022-03-30,65.88713073730469,97.67073822021484,97.8306884765625,97.09091186523438,97.3708267211914,30780
2022-03-31,65.9073486328125,97.70072937011719,97.9406509399414,97.540771484375,97.67073822021484,34359
2022-04-01,65.819091796875,96.91096496582031,97.69072723388672,95.97124481201172,97.23086547851562,51763
2022-04-04,65.642578125,96.65103912353516,97.38082122802734,95.97124481201172,96.98094177246094,48044
2022-04-05,65.17406463623047,95.96125030517578,97.1808853149414,95.77130126953125,96.6810302734375,54998
2022-04-06,64.87533569335938,95.52137756347656,96.27115631103516,95.47139739990234,95.77130126953125,54246
2022-04-07,64.9771728515625,95.67133331298828,96.25115966796875,95.67133331298828,95.9012680053711,35812
2022-04-08,65.09261322021484,95.8412857055664,96.07121276855469,95.67133331298828,95.67133331298828,28349
2022-04-11,65.27590942382812,96.11119842529297,96.71102142333984,95.97124481201172,95.97124481201172,41681
2022-04-12,65.4456558227539,96.36112976074219,97.17088317871094,96.02123260498047,96.5710678100586,40452
2022-04-13,65.79192352294922,96.8709716796875,96.9509506225586,95.98123931884766,96.36112976074219,34308
2022-04-14,66.59994506835938,98.06061553955078,98.06061553955078,96.81098937988281,96.8709716796875,35776
2022-04-18,66.74248504638672,98.27055358886719,98.9603500366211,98.06061553955078,98.06061553955078,36363
2022-04-19,67.21096801757812,98.9603500366211,99.14029693603516,98.37052154541016,98.46049499511719,30426
2022-04-20,67.06841278076172,98.75041198730469,99.1702880859375,98.47049713134766,98.97034454345703,37075
2022-04-22,67.01406860351562,98.6704330444336,98.99034118652344,98.06061553955078,98.57046508789062,44159
2022-04-25,67.20418548583984,98.95035552978516,99.32024383544922,98.20057678222656,98.87037658691406,38486
2022-04-26,67.01406860351562,98.6704330444336,99.1702880859375,98.2905502319336,98.95035552978516,28596
2022-04-27,66.65422821044922,98.14059448242188,98.97034454345703,97.57076263427734,98.34053039550781,30033
2022-04-28,66.53878021240234,97.97064208984375,98.94035339355469,97.42080688476562,98.14059448242188,31193
2022-04-29,66.50485229492188,97.92066192626953,98.87037658691406,97.88066864013672,97.97064208984375,47291
2022-05-02,66.0331802368164,96.5710678100586,97.65074157714844,95.83128356933594,97.65074157714844,50902
2022-05-03,65.62303924560547,95.97124481201172,96.56106567382812,95.97124481201172,96.56106567382812,31762
2022-05-04,65.39061737060547,95.63134765625,96.43110656738281,95.25145721435547,96.36112976074219,34340
2022-05-05,64.87794494628906,94.8815689086914,95.97124481201172,94.8815689086914,95.63134765625,39391
2022-05-06,64.49514770507812,94.32173919677734,95.66133880615234,94.03182220458984,95.0715103149414,36436
2022-05-09,64.2627182006836,93.98184204101562,94.671630859375,93.87187194824219,94.34172821044922,36419
2022-05-10,64.25588989257812,93.97183990478516,94.44170379638672,93.67193603515625,93.98184204101562,34123
2022-05-11,64.35842895507812,94.12179565429688,94.85157775878906,93.6219482421875,93.94184875488281,30110
2022-05-12,64.25588989257812,93.97183990478516,94.91156005859375,93.69192504882812,94.12179565429688,37245
2022-05-13,64.41996002197266,94.2117691040039,94.87157440185547,93.97183990478516,94.12179565429688,27592
2022-05-16,64.4404525756836,94.24176025390625,94.87157440185547,94.07181549072266,94.20177459716797,42842
2022-05-17,65.4111328125,95.66133880615234,95.97124481201172,94.24176025390625,94.32173919677734,36889
2022-05-18,65.48634338378906,95.77130126953125,96.31114196777344,95.4214096069336,95.65133666992188,28442
2022-05-19,65.60936737060547,95.95124816894531,96.31114196777344,95.92125701904297,95.92125701904297,26979
2022-05-20,65.21971130371094,95.38142395019531,95.95124816894531,94.97154235839844,95.77130126953125,24807
2022-05-23,65.2470474243164,95.4214096069336,95.95124816894531,95.1514892578125,95.52137756347656,36730
2022-05-24,65.41796112060547,95.67133331298828,95.87127685546875,94.84158325195312,95.43140411376953,38092
2022-05-25,64.9531478881836,94.99153900146484,95.87127685546875,94.99153900146484,95.67133331298828,31818
2022-05-26,64.42677307128906,94.22177124023438,95.40141296386719,94.0818099975586,95.25145721435547,46709
2022-05-27,64.52931213378906,94.37171936035156,94.9415512084961,94.22177124023438,94.22177124023438,36043
2022-05-30,65.14453887939453,95.27145385742188,95.57136535644531,94.481689453125,94.65164184570312,30951
2022-05-31,65.25392150878906,95.43140411376953,95.97124481201172,94.99153900146484,95.37142181396484,44721
2022-06-01,66.23153686523438,96.17118072509766,96.52108001708984,94.6916275024414,94.7516098022461,51637
2022-06-02,67.26426696777344,97.67073822021484,97.67073822021484,95.87127685546875,96.0912094116211,56178
2022-06-03,67.38819122314453,97.85067749023438,98.41051483154297,96.98094177246094,97.3708267211914,52981
2022-06-06,66.97509765625,97.25086212158203,97.8306884765625,96.52108001708984,97.8306884765625,31981
2022-06-07,66.47250366210938,96.52108001708984,97.25086212158203,95.93125915527344,97.25086212158203,39092
2022-06-08,66.11450958251953,96.00123596191406,96.72101593017578,95.97124481201172,96.62104797363281,32171
2022-06-09,66.0456314086914,95.9012680053711,96.17118072509766,95.63134765625,95.97124481201172,34296
2022-06-10,65.60504150390625,95.26145935058594,95.98123931884766,95.19147491455078,95.97124481201172,29302
2022-06-13,65.43981170654297,95.02153015136719,95.57136535644531,94.62165069580078,95.26145935058594,43360
2022-06-14,65.0680160522461,94.481689453125,95.6113510131836,94.47169494628906,95.18148040771484,41234
2022-06-15,65.0955810546875,94.52167510986328,95.20147705078125,93.87187194824219,94.47169494628906,54990
2022-06-17,66.0938491821289,95.97124481201172,96.970947265625,93.97183990478516,94.52167510986328,79206
2022-06-20,65.88731384277344,95.67133331298828,95.96125030517578,94.83158874511719,95.75131225585938,32905
2022-06-21,65.68077850341797,95.37142181396484,95.94125366210938,94.0218276977539,95.69132995605469,37095
2022-06-22,65.74962615966797,95.47139739990234,95.7413101196289,94.97154235839844,95.27145385742188,38333
2022-06-23,65.0955810546875,94.52167510986328,95.79129791259766,94.4616928100586,95.46139526367188,38386
2022-06-24,65.39160919189453,94.95155334472656,95.26145935058594,94.36172485351562,94.57166290283203,121961
2022-06-27,65.24015808105469,94.73161315917969,95.77130126953125,94.70162200927734,94.95155334472656,28850
2022-06-28,64.71690368652344,93.97183990478516,95.22146606445312,93.97183990478516,94.9615478515625,34377
2022-06-29,64.45527648925781,93.59195709228516,94.87157440185547,93.48198699951172,94.20177459716797,31188
2022-06-30,64.48967742919922,93.6419448852539,94.32173919677734,93.51197814941406,93.68193054199219,33174
2022-07-01,64.67005157470703,93.20207214355469,93.5419692993164,92.4722900390625,93.17208099365234,55377
2022-07-04,64.7879867553711,93.37202453613281,94.7716064453125,93.09210968017578,93.20207214355469,51694
2022-07-05,65.00298309326172,93.68193054199219,94.38172149658203,93.48198699951172,93.57196044921875,40244
2022-07-06,65.20418548583984,93.97183990478516,94.12179565429688,93.68193054199219,93.72191619873047,36655
2022-07-07,65.34292602539062,94.17178344726562,94.53167724609375,93.57196044921875,94.07181549072266,108414
2022-07-08,66.41111755371094,95.71131896972656,95.77130126953125,93.97183990478516,94.17178344726562,37142
2022-07-11,66.38340759277344,95.67133331298828,96.00123596191406,95.11150360107422,95.71131896972656,30571
2022-07-12,66.38340759277344,95.67133331298828,95.76130676269531,94.9815444946289,95.67133331298828,68183
2022-07-13,66.4527587890625,95.77130126953125,95.77130126953125,95.18148040771484,95.57136535644531,48013
2022-07-14,66.44584655761719,95.76130676269531,96.46109771728516,95.48139190673828,95.77130126953125,33001
2022-07-15,66.59151458740234,95.97124481201172,96.17118072509766,95.08151245117188,95.76130676269531,31823
2022-07-18,66.39726257324219,95.69132995605469,96.45110321044922,95.32144165039062,95.98123931884766,31248
2022-07-19,66.51517486572266,95.86127471923828,96.16118621826172,95.25145721435547,95.69132995605469,31775
2022-07-20,66.83428192138672,96.32113647460938,96.37112426757812,95.53137969970703,95.86127471923828,28176
2022-07-21,66.59151458740234,95.97124481201172,96.85098266601562,95.97124481201172,96.4710922241211,29380
2022-07-22,66.1475601196289,95.33143615722656,96.17118072509766,95.33143615722656,96.12120056152344,26618
2022-07-25,65.68972778320312,94.671630859375,96.11119842529297,93.3520278930664,95.33143615722656,40305
2022-07-26,65.5440444946289,94.4616928100586,95.52137756347656,94.38172149658203,94.68163299560547,34718
2022-07-27,66.31402587890625,95.57136535644531,95.92125701904297,94.7716064453125,94.85157775878906,32655
2022-07-28,67.2365951538086,96.90096282958984,96.94095611572266,95.09150695800781,95.78130340576172,33854
2022-07-29,67.68749237060547,97.55077362060547,97.97064208984375,96.90096282958984,96.90096282958984,41436
2022-08-01,66.94672393798828,95.77130126953125,97.55077362060547,95.49138641357422,96.91096496582031,43900
2022-08-02,66.95375061035156,95.78130340576172,96.52108001708984,95.65133666992188,95.87127685546875,35439
2022-08-03,66.38768005371094,94.97154235839844,96.08120727539062,94.86157989501953,95.92125701904297,34874
2022-08-04,66.72310638427734,95.45140075683594,95.47139739990234,94.97154235839844,95.21147155761719,27875
2022-08-05,67.18431854248047,96.11119842529297,96.14118957519531,95.46139526367188,95.46139526367188,32114
2022-08-08,68.15567779541016,97.50078582763672,97.73072052001953,95.78130340576172,96.11119842529297,43077
2022-08-09,68.40724182128906,97.86067962646484,97.95065307617188,97.4308090209961,97.50078582763672,29414
2022-08-10,69.12006378173828,98.88037109375,98.97034454345703,97.86067962646484,97.86067962646484,46110
2022-08-11,69.18293762207031,98.97034454345703,99.33023834228516,98.6904296875,98.87037658691406,43515
2022-08-12,69.54631042480469,99.49018859863281,99.91006469726562,98.97034454345703,98.97034454345703,56041
2022-08-15,70.23117065429688,100.46989440917969,100.46989440917969,99.5301742553711,99.73011779785156,63354
2022-08-16,70.14732360839844,100.34992980957031,102.46929931640625,100.00003814697266,101.46959686279297,58973
2022-08-17,71.83846282958984,102.76920318603516,102.96914672851562,100.41991424560547,100.41991424560547,48355
2022-08-18,72.25773620605469,103.36902618408203,103.9688491821289,102.10940551757812,102.76920318603516,46130
2022-08-19,73.59945678710938,105.2884521484375,105.46839904785156,103.65894317626953,103.65894317626953,49043
2022-08-22,74.12359619140625,106.0382308959961,106.20817565917969,105.27845764160156,105.3684310913086,38934
2022-08-23,74.03974914550781,105.91826629638672,106.1681900024414,105.3684310913086,106.0382308959961,35035
2022-08-24,74.47298431396484,106.53807830810547,106.6480484008789,105.59835815429688,105.91826629638672,32324
2022-08-25,75.55616760253906,108.08761596679688,108.1375961303711,106.53807830810547,106.53807830810547,39904
2022-08-26,76.01739501953125,108.7474136352539,108.96734619140625,108.08761596679688,108.08761596679688,27054
2022-08-29,75.59107208251953,108.1375961303711,108.91736602783203,107.04792785644531,108.7474136352539,41156
2022-08-30,75.70992279052734,108.30754852294922,108.46749877929688,108.04762268066406,108.1375961303711,36790
2022-08-31,75.612060546875,108.16758728027344,108.27755737304688,107.86768341064453,108.22756958007812,35845
2022-09-01,73.57898712158203,104.55867004394531,108.1575927734375,104.26876068115234,107.44780731201172,78504
2022-09-02,74.21915435791016,105.46839904785156,106.20817565917969,104.56866455078125,104.56866455078125,49980
2022-09-05,74.74678039550781,106.21817779541016,106.46810150146484,105.48839569091797,105.75830841064453,36604
2022-09-06,74.35984802246094,105.66834259033203,106.51808166503906,105.48839569091797,106.26815795898438,40119
2022-09-08,74.40205383300781,105.72831726074219,106.46810150146484,105.66834259033203,105.86827850341797,32221
2022-09-09,74.97892761230469,106.5480728149414,108.11760711669922,105.3684310913086,105.72831726074219,93212
2022-09-12,75.05631256103516,106.65804290771484,106.96794891357422,105.71832275390625,106.53807830810547,34131
2022-09-13,74.71160125732422,106.1681900024414,106.56806945800781,105.70832824707031,106.29814910888672,27900
2022-09-14,75.12662506103516,106.75801086425781,106.7979965209961,105.96824645996094,106.21817779541016,23567
2022-09-15,75.20403289794922,106.86798095703125,106.98794555664062,106.46810150146484,106.75801086425781,33649
2022-09-16,77.1316146850586,109.6071548461914,109.6071548461914,106.59806060791016,106.84798431396484,121577
2022-09-19,76.74468994140625,109.05731964111328,109.207275390625,108.37752532958984,108.9073715209961,44528
2022-09-20,75.86531829833984,107.80770111083984,109.40721893310547,107.32784271240234,109.04732513427734,43285
2022-09-21,76.52662658691406,108.7474136352539,109.08731079101562,107.80770111083984,108.25756072998047,27143
2022-09-22,76.82210540771484,109.16728973388672,109.45720672607422,108.02763366699219,108.02763366699219,35260
2022-09-23,76.80097961425781,109.13729858398438,109.55717468261719,108.87738037109375,109.16728973388672,29088
2022-09-26,77.38489532470703,109.96704864501953,110.38692474365234,108.97734832763672,109.31724548339844,44437
2022-09-27,76.16079711914062,108.22756958007812,108.7474136352539,108.11760711669922,108.66744232177734,42974
2022-09-28,75.88642120361328,107.83769226074219,108.95735168457031,107.22787475585938,108.04762268066406,42411
2022-09-29,76.646240234375,108.91736602783203,108.93736267089844,107.57776641845703,107.76770782470703,35171
2022-09-30,77.29342651367188,109.83708953857422,109.83708953857422,107.9676513671875,108.96734619140625,44780
2022-10-03,76.4222640991211,107.86768341064453,109.85708618164062,107.30784606933594,109.0973129272461,41201
2022-10-04,76.13896179199219,107.4677963256836,108.83738708496094,107.19788360595703,107.99764251708984,26716
2022-10-05,76.0114517211914,107.28784942626953,108.33753967285156,107.18788146972656,107.4677963256836,36153
2022-10-06,76.07520294189453,107.37782287597656,107.76770782470703,107.11790466308594,107.4677963256836,25510
2022-10-07,76.16731262207031,107.5077896118164,107.66773986816406,106.98794555664062,107.38782501220703,22710
2022-10-10,75.86273193359375,107.07791900634766,108.1575927734375,107.06791687011719,107.62775421142578,25600
2022-10-11,76.91097259521484,108.5574722290039,108.93736267089844,107.07791900634766,107.35783386230469,21691
2022-10-13,77.03845977783203,108.73741912841797,108.78740692138672,107.91766357421875,108.51748657226562,26946
2022-10-14,76.97471618652344,108.64744567871094,108.96734619140625,108.40751647949219,108.76741027832031,21490
2022-10-17,76.52143096923828,108.00763702392578,108.95735168457031,107.7577133178711,108.64744567871094,36053
2022-10-18,76.91803741455078,108.56746673583984,108.66744232177734,107.86768341064453,108.35753631591797,27041
2022-10-19,76.91097259521484,108.5574722290039,108.81739807128906,108.21757507324219,108.21757507324219,22815
2022-10-20,76.7197265625,108.28755187988281,108.66744232177734,108.21757507324219,108.5574722290039,27825
2022-10-21,77.10928344726562,108.83738708496094,108.8473892211914,108.27755737304688,108.28755187988281,28670
2022-10-24,76.97471618652344,108.64744567871094,108.8473892211914,108.27755737304688,108.83738708496094,24567
2022-10-25,76.9888687133789,108.66744232177734,108.827392578125,108.35753631591797,108.65744018554688,28358
2022-10-26,77.03137969970703,108.72742462158203,108.78740692138672,108.11760711669922,108.66744232177734,33953
2022-10-27,77.18716430664062,108.94735717773438,108.96734619140625,108.19757843017578,108.19757843017578,34740
2022-10-28,76.77639770507812,108.3675308227539,108.93736267089844,107.98764038085938,108.27755737304688,36089
2022-10-31,76.59225463867188,108.10760498046875,108.1775894165039,106.97794342041016,107.16789245605469,36565
2022-11-01,76.42821502685547,107.13790130615234,107.95764923095703,106.01823425292969,107.36782836914062,33477
2022-11-03,76.0431137084961,106.59806060791016,107.13790130615234,106.1681900024414,107.13790130615234,35101
2022-11-04,76.37115478515625,107.05792236328125,107.42781066894531,106.5480728149414,106.59806060791016,36174
2022-11-07,75.99320983886719,106.52808380126953,107.2978515625,106.4181137084961,107.05792236328125,32576
2022-11-08,76.29985809326172,106.95795440673828,107.0879135131836,106.26815795898438,106.52808380126953,32574
2022-11-09,76.10730743408203,106.68803405761719,107.15789031982422,106.68803405761719,106.95795440673828,30756
2022-11-10,74.45279693603516,104.36872863769531,106.68803405761719,104.36872863769531,106.67803955078125,37305
2022-11-11,73.36167907714844,102.83918762207031,105.0185317993164,100.95974731445312,104.36872863769531,40603
2022-11-14,72.99082946777344,102.31934356689453,103.1690902709961,102.02942657470703,102.83918762207031,29638
2022-11-16,73.49718475341797,103.02912902832031,103.68893432617188,101.96944427490234,102.34933471679688,44464
2022-11-17,70.80146789550781,99.25025939941406,103.02912902832031,99.02033233642578,103.02912902832031,56359
2022-11-18,71.54315185546875,100.28994750976562,100.94975280761719,99.26026153564453,99.26026153564453,38569
2022-11-21,71.17228698730469,99.77010345458984,100.8897705078125,99.62014770507812,100.1999740600586,32976
2022-11-22,70.1952896118164,98.4005126953125,100.41991424560547,98.32054138183594,99.83008575439453,34727
2022-11-23,70.28800964355469,98.53047943115234,99.3602294921875,98.27055358886719,98.55046844482422,25787
2022-11-24,70.78006744384766,99.22026824951172,99.47019958496094,98.53047943115234,98.53047943115234,20673
2022-11-25,70.08831024169922,98.25056457519531,99.67013549804688,97.97064208984375,99.22026824951172,26863
2022-11-28,69.9242935180664,98.0206298828125,98.87037658691406,97.99063873291016,98.25056457519531,28988
2022-11-29,71.10101318359375,99.67013549804688,99.9500503540039,98.07061767578125,98.25056457519531,60166
2022-11-30,71.99242401123047,100.91976165771484,100.93975830078125,98.91036224365234,99.67013549804688,69628
2022-12-01,71.52545166015625,99.5301742553711,101.31964111328125,98.97034454345703,100.17998504638672,46583
2022-12-02,72.26541900634766,100.55986785888672,100.72982025146484,99.73011779785156,99.73011779785156,24290
2022-12-05,71.84156799316406,99.97004699707031,101.81948852539062,99.97004699707031,100.57986450195312,22669
2022-12-06,71.84872436523438,99.98004150390625,101.81948852539062,99.97004699707031,100.46989440917969,30976
2022-12-07,71.74095916748047,99.83008575439453,101.10970306396484,99.6301498413086,100.26995849609375,32225
2022-12-08,71.02255249023438,98.83038330078125,100.54987335205078,98.58045959472656,100.26995849609375,29606
2022-12-09,70.94354248046875,98.72042083740234,99.37022399902344,98.6704330444336,98.83038330078125,20420
2022-12-12,70.4837646484375,98.08061218261719,99.77010345458984,98.08061218261719,98.7704086303711,28516
2022-12-13,70.26104736328125,97.77070617675781,99.41021728515625,97.77070617675781,98.19058227539062,28075
2022-12-14,69.19779205322266,96.29114532470703,98.73041534423828,96.07121276855469,97.77070617675781,45372
2022-12-15,68.55841064453125,95.40141296386719,96.86097717285156,95.0715103149414,96.29114532470703,38229
2022-12-16,69.7581558227539,97.07091522216797,97.350830078125,95.40141296386719,95.40141296386719,66891
2022-12-19,69.91618347167969,97.29084777832031,98.65044403076172,96.84098052978516,97.06092071533203,74228
2022-12-20,69.6432113647461,96.91096496582031,98.31053924560547,96.84098052978516,97.40081787109375,34318
2022-12-21,69.7581558227539,97.07091522216797,98.41051483154297,96.91096496582031,97.01093292236328,34348
2022-12-22,70.11016845703125,97.5607681274414,98.17058563232422,97.07091522216797,97.48078918457031,41284
2022-12-23,70.64179992675781,98.30054473876953,98.9603500366211,97.07091522216797,97.67073822021484,44755
2022-12-26,70.44783020019531,98.03062438964844,99.77010345458984,97.76071166992188,98.30054473876953,43701
2022-12-27,70.80702209472656,98.53047943115234,99.46019744873047,98.03062438964844,98.27055358886719,35948
2022-12-28,70.51248168945312,98.12059783935547,99.5701675415039,97.47079467773438,98.6704330444336,48239
2022-12-29,71.18062591552734,99.05032348632812,99.3402328491211,97.57076263427734,98.37052154541016,33346
2023-01-02,70.1817626953125,96.93095397949219,98.9603500366211,96.38111877441406,98.9603500366211,42106
2023-01-03,68.8426513671875,95.08151245117188,98.8603744506836,95.02153015136719,96.9509506225586,59067
2023-01-04,69.2986831665039,95.71131896972656,96.970947265625,94.7516098022461,95.51138305664062,48695
2023-01-05,70.2107162475586,96.970947265625,96.970947265625,95.75131225585938,95.75131225585938,35159
2023-01-06,69.63166809082031,96.17118072509766,97.45079803466797,96.12120056152344,96.970947265625,60649
2023-01-09,69.8921890258789,96.53107452392578,97.47079467773438,95.89126586914062,96.17118072509766,33843
2023-01-10,70.04420471191406,96.74101257324219,97.07091522216797,96.53107452392578,96.53107452392578,31211
2023-01-11,69.70402526855469,96.27115631103516,97.27085876464844,95.87127685546875,96.74101257324219,36557
2023-01-12,69.11048126220703,95.45140075683594,97.23086547851562,95.37142181396484,96.27115631103516,54773
2023-01-13,69.05258178710938,95.37142181396484,96.4710922241211,95.0715103149414,95.37142181396484,41187
2023-01-16,67.50360107421875,93.23206329345703,95.67133331298828,93.09210968017578,95.37142181396484,85987
2023-01-17,67.29369354248047,92.94215393066406,93.86187744140625,92.8721694946289,93.3520278930664,52430
2023-01-18,67.31539916992188,92.9721450805664,93.46199798583984,92.8721694946289,92.94215393066406,41491
2023-01-19,65.15119934082031,89.98303985595703,93.31204223632812,89.97303771972656,92.98213958740234,88145
2023-01-20,65.83157348632812,90.92276000976562,91.97244262695312,90.22296905517578,90.57286071777344,77366
2023-01-23,66.20797729492188,91.4426040649414,92.5522689819336,90.95275115966797,90.95275115966797,51750
2023-01-24,66.12110900878906,91.32263946533203,91.79249572753906,91.06271362304688,91.4426040649414,37072
2023-01-25,66.54817962646484,91.91246032714844,92.27235412597656,91.29264831542969,91.32263946533203,44928
2023-01-26,66.3165512084961,91.59255981445312,92.62224578857422,91.5025863647461,91.97244262695312,43727
2023-01-27,66.3382339477539,91.62254333496094,91.92245483398438,91.32263946533203,91.59255981445312,35332
2023-01-30,65.8677749633789,90.97274017333984,92.10240173339844,90.88276672363281,91.78250122070312,55506
2023-01-31,65.94015502929688,91.07271575927734,92.17237854003906,91.0227279663086,91.08271026611328,43488
2023-02-01,66.47288513183594,91.06271362304688,92.10240173339844,90.57286071777344,90.57286071777344,45508
2023-02-02,66.61149597167969,91.25265502929688,91.6925277709961,90.89276885986328,91.08271026611328,40233
2023-02-03,66.68451690673828,91.35263061523438,91.85247802734375,91.07271575927734,91.25265502929688,30031
2023-02-06,66.0058364868164,90.42290496826172,91.77249908447266,90.42290496826172,91.35263061523438,40881
2023-02-07,66.42179107666016,90.99273681640625,91.17268371582031,89.98303985595703,90.42290496826172,44193
2023-02-08,66.34880065917969,90.89276885986328,91.41261291503906,90.47289276123047,90.99273681640625,29371
2023-02-09,66.15178680419922,90.62284851074219,91.16268157958984,90.62284851074219,90.76280212402344,27856
2023-02-10,66.04232025146484,90.47289276123047,91.25265502929688,90.47289276123047,90.62284851074219,37642
2023-02-13,65.89636993408203,90.27294921875,91.17268371582031,90.27294921875,90.47289276123047,35402
2023-02-14,66.3342056274414,90.87277221679688,91.12269592285156,90.27294921875,90.27294921875,46909
2023-02-15,66.71366882324219,91.39261627197266,91.52257537841797,90.69282531738281,90.87277221679688,37685
2023-02-16,66.86693572998047,91.60255432128906,92.08241271972656,90.97274017333984,91.39261627197266,33013
2023-02-17,68.15860748291016,93.37202453613281,93.4320068359375,91.60255432128906,91.60255432128906,31951
2023-02-22,68.46509552001953,93.79190063476562,94.32173919677734,93.00213623046875,93.27205657958984,27747
2023-02-23,66.77934265136719,91.48258972167969,94.32173919677734,91.48258972167969,93.79190063476562,41654
2023-02-24,67.4288330078125,92.37232208251953,92.88217163085938,91.67253112792969,91.67253112792969,30788
2023-02-27,67.4288330078125,92.37232208251953,92.9521484375,92.08241271972656,92.37232208251953,32749
2023-02-28,68.36289978027344,93.65193939208984,93.84188079833984,92.37232208251953,92.37232208251953,29218
2023-03-01,67.02418518066406,91.09270477294922,93.56196594238281,90.97274017333984,92.67223358154297,45799
2023-03-02,68.0687026977539,92.51228332519531,93.5419692993164,91.1326904296875,91.35263061523438,34798
2023-03-03,68.0466537475586,92.48229217529297,93.26205444335938,92.19237518310547,92.51228332519531,34672
2023-03-06,66.8991470336914,90.92276000976562,92.79219818115234,89.97303771972656,92.4722900390625,63378
2023-03-07,67.4140396118164,91.62254333496094,92.45230102539062,90.92276000976562,90.92276000976562,38499
2023-03-08,67.7524185180664,92.08241271972656,92.88217163085938,91.62254333496094,91.62254333496094,48232
2023-03-09,67.90686798095703,92.29234313964844,92.85218048095703,92.08241271972656,92.08241271972656,26276
2023-03-10,68.58358764648438,93.21207427978516,93.4320068359375,91.56256866455078,92.31233978271484,29891
2023-03-13,68.3335189819336,92.8721694946289,93.11209869384766,92.48229217529297,93.11209869384766,27544
2023-03-14,69.38534545898438,94.30174255371094,94.47169494628906,92.72222137451172,92.8721694946289,43813
2023-03-15,69.98114776611328,95.11150360107422,95.37142181396484,93.86187744140625,94.17178344726562,32705
2023-03-16,69.84872436523438,94.93155670166016,95.0415267944336,94.0018310546875,94.97154235839844,34510
2023-03-17,69.40739440917969,94.33173370361328,94.92156219482422,93.85187530517578,94.92156219482422,27367
2023-03-20,68.92196655273438,93.67193603515625,94.47169494628906,93.47199249267578,94.33173370361328,26575
2023-03-21,68.70128631591797,93.37202453613281,94.45169830322266,93.37202453613281,93.67193603515625,24759
2023-03-22,68.87045288085938,93.6019515991211,93.6019515991211,92.4922866821289,93.37202453613281,33188
2023-03-23,68.1864013671875,92.67223358154297,93.96184539794922,92.67223358154297,93.74191284179688,33578
2023-03-24,67.53907775878906,91.79249572753906,93.17208099365234,91.6925277709961,92.88217163085938,43370
2023-03-27,67.52436065673828,91.77249908447266,92.17237854003906,91.6325454711914,91.98243713378906,41251
2023-03-28,67.61265563964844,91.89246368408203,92.62224578857422,91.76250457763672,92.03242492675781,32584
2023-03-29,67.818603515625,92.17237854003906,92.54227447509766,91.93245697021484,92.2023696899414,25640
2023-03-30,68.55414581298828,93.17208099365234,93.37202453613281,92.17237854003906,92.2023696899414,29578
2023-03-31,69.42213439941406,94.35173034667969,94.4616928100586,93.26205444335938,93.26205444335938,31445
2023-04-03,69.20712280273438,93.32203674316406,94.2117691040039,93.23206329345703,93.76190948486328,43183
2023-04-04,69.52590942382812,93.75190734863281,94.2717514038086,93.45199584960938,93.66193389892578,34956
2023-04-05,68.94763946533203,92.9721450805664,94.42170715332031,92.9721450805664,93.8318862915039,34275
2023-04-06,68.91057586669922,92.92215728759766,93.49198913574219,92.77220153808594,93.00213623046875,28026
2023-04-10,68.71782684326172,92.66223907470703,93.86187744140625,92.4722900390625,92.92215728759766,41803
2023-04-11,69.34058380126953,93.50198364257812,93.97183990478516,92.77220153808594,92.77220153808594,31667
2023-04-12,69.6816177368164,93.96184539794922,93.97183990478516,92.9721450805664,93.74191284179688,41657
2023-04-13,69.94108581542969,94.3117446899414,94.37171936035156,93.52198028564453,93.94184875488281,29919
2023-04-14,70.57865905761719,95.1714859008789,95.32144165039062,93.77190399169922,94.25176239013672,41874
2023-04-17,71.77970123291016,96.79100036621094,96.86097717285156,95.27145385742188,95.31143951416016,46389
2023-04-18,71.69072723388672,96.67103576660156,96.970947265625,95.77130126953125,96.78099822998047,42009
2023-04-19,71.68330383300781,96.6610336303711,97.00093841552734,96.44110107421875,96.67103576660156,33416
2023-04-20,71.57211303710938,96.5110855102539,96.6610336303711,96.33113861083984,96.65103912353516,31441
2023-04-24,72.02436065673828,97.12090301513672,97.44080352783203,96.5110855102539,96.5110855102539,38891
2023-04-25,72.4321060180664,97.67073822021484,99.21027374267578,96.92095947265625,97.12090301513672,45916
2023-04-26,73.98896026611328,99.77010345458984,99.8200912475586,98.2105712890625,98.2105712890625,33223
2023-04-27,74.35968017578125,100.26995849609375,100.43990325927734,98.97034454345703,99.77010345458984,39993
2023-04-28,74.13724517822266,99.97004699707031,102.44930267333984,99.87007904052734,100.26995849609375,45155
2023-05-02,74.15219116210938,99.25025939941406,101.2696533203125,95.97124481201172,99.97004699707031,76593
2023-05-03,73.94306182861328,98.97034454345703,100.35993194580078,98.97034454345703,99.6301498413086,36517
2023-05-04,75.3173599243164,100.8097915649414,101.08971405029297,99.39022064208984,99.39022064208984,50684
2023-05-05,74.94390106201172,100.30994415283203,101.9594497680664,100.02003479003906,100.9697494506836,33734
2023-05-08,74.93643188476562,100.2999496459961,101.94945526123047,99.97004699707031,100.71981811523438,36549
2023-05-09,75.81028747558594,101.46959686279297,101.70952606201172,100.41991424560547,100.41991424560547,42356
2023-05-10,76.18374633789062,101.96944427490234,102.16938781738281,101.1796875,101.51958465576172,33774
2023-05-11,76.6842041015625,102.63924407958984,102.96914672851562,101.66954040527344,101.96944427490234,30504
2023-05-12,77.37879943847656,103.5689697265625,103.72891998291016,102.63924407958984,102.63924407958984,24890
2023-05-15,78.34229278564453,104.85858154296875,105.41841125488281,103.46900177001953,103.5689697265625,42945
2023-05-16,78.56636810302734,105.15849304199219,105.45840454101562,104.9085693359375,105.16848754882812,25816
2023-05-17,78.57383728027344,105.16848754882812,105.45840454101562,105.05851745605469,105.15849304199219,34950
2023-05-18,78.78296661376953,105.44840240478516,105.51838684082031,104.97854614257812,105.14849090576172,32200
2023-05-19,78.64105224609375,105.25846099853516,105.46839904785156,104.99854278564453,105.44840240478516,22709
2023-05-22,79.14893341064453,105.9382553100586,105.94825744628906,105.32843780517578,105.39842224121094,35343
2023-05-23,79.44768524169922,106.338134765625,106.46810150146484,105.29844665527344,105.9382553100586,26848
2023-05-24,79.18628692626953,105.98824310302734,106.3581314086914,105.42841339111328,106.338134765625,29748
2023-05-25,79.16386413574219,105.958251953125,106.19818115234375,105.4983901977539,105.9782485961914,20811
2023-05-26,79.35059356689453,106.20817565917969,106.21817779541016,105.33843994140625,105.768310546875,31446
2023-05-29,78.4244384765625,104.96855163574219,106.26815795898438,104.79859924316406,106.20817565917969,34739
2023-05-30,78.93982696533203,105.65834045410156,106.11820220947266,104.47869873046875,104.96855163574219,21881
2023-05-31,79.09667205810547,105.86827850341797,106.10820770263672,105.37842559814453,105.65834045410156,25582
2023-06-01,79.6683578491211,105.8782730102539,106.30814361572266,104.57866668701172,105.11849975585938,32667
2023-06-02,80.1648178100586,106.53807830810547,106.87797546386719,105.768310546875,105.958251953125,29800
2023-06-05,82.16575622558594,109.19728088378906,109.81709289550781,106.69802856445312,106.96794891357422,74389
2023-06-06,82.24095153808594,109.29724884033203,109.36723327636719,108.25756072998047,108.97734832763672,67732
2023-06-07,81.95512390136719,108.91736602783203,109.25726318359375,108.10760498046875,109.21727752685547,46968
2023-06-09,81.98519134521484,108.95735168457031,109.21727752685547,108.2375717163086,108.91736602783203,38377
2023-06-12,82.05293273925781,109.04732513427734,109.16728973388672,107.9676513671875,108.94735717773438,36644
2023-06-13,82.09052276611328,109.0973129272461,109.35723114013672,108.96734619140625,109.04732513427734,32234
2023-06-14,82.16575622558594,109.19728088378906,109.33724212646484,108.637451171875,109.0973129272461,43616
2023-06-15,82.36884307861328,109.46720123291016,109.46720123291016,108.86737823486328,108.97734832763672,44708
2023-06-16,83.48967742919922,110.95675659179688,110.95675659179688,109.25726318359375,109.26725769042969,47736
2023-06-19,83.49718475341797,110.96675109863281,111.13670349121094,110.47689819335938,110.86678314208984,52262
2023-06-20,83.49718475341797,110.96675109863281,111.6165542602539,110.82678985595703,110.96675109863281,34594
2023-06-21,83.79808044433594,111.36663055419922,111.75651550292969,110.77680969238281,110.96675109863281,41141
2023-06-22,84.24942016601562,111.9664535522461,112.06642150878906,110.76680755615234,111.36663055419922,28141
2023-06-23,84.33968353271484,112.08641815185547,112.3663330078125,111.36663055419922,112.05642700195312,28778
2023-06-26,84.33968353271484,112.08641815185547,112.46630096435547,111.87648010253906,112.08641815185547,31044
2023-06-27,84.85118865966797,112.7662124633789,112.7662124633789,112.08641815185547,112.42631530761719,36370
2023-06-28,85.0467758178711,113.02613067626953,113.11610412597656,112.46630096435547,112.7462158203125,27598
2023-06-29,85.30255889892578,113.36603546142578,113.66593933105469,112.91616821289062,113.0161361694336,24551
2023-06-30,85.89678955078125,114.15579223632812,114.3557357788086,113.46600341796875,113.56597137451172,32610
2023-07-03,85.93466186523438,113.416015625,113.83589172363281,112.91616821289062,113.75591278076172,44505
2023-07-04,86.1467514038086,113.69593048095703,113.7059326171875,113.13610076904297,113.25606536865234,38542
2023-07-05,86.1012954711914,113.63594818115234,113.69593048095703,113.42601776123047,113.59596252441406,22301
2023-07-06,86.17705535888672,113.73592376708984,113.8158950805664,113.35603332519531,113.61595916748047,23620
2023-07-07,86.50276184082031,114.1657943725586,114.31575012207031,113.72592163085938,113.73592376708984,23979
2023-07-10,86.16948699951172,113.72592163085938,114.36573028564453,113.72592163085938,114.13580322265625,29423
2023-07-11,86.4194564819336,114.05582427978516,114.1657943725586,113.56597137451172,113.88587951660156,23758
2023-07-12,86.2755355834961,113.86588287353516,114.11580657958984,113.72592163085938,114.05582427978516,53710
2023-07-13,86.2755355834961,113.86588287353516,114.20578002929688,113.82589721679688,113.9158706665039,18711
2023-07-14,86.3815689086914,114.00584411621094,114.14579772949219,113.86588287353516,113.96585083007812,21049
2023-07-17,86.37399291992188,113.99584197998047,114.03583526611328,113.47599792480469,113.99584197998047,30275
2023-07-18,86.37399291992188,113.99584197998047,114.15579223632812,113.86588287353516,113.9758529663086,30907
2023-07-19,86.32855987548828,113.93585968017578,114.06582641601562,113.72592163085938,113.99584197998047,26619
2023-07-20,86.3588638305664,113.9758529663086,114.07582092285156,113.48599243164062,113.99584197998047,21409
2023-07-21,86.48764038085938,114.14579772949219,114.2957534790039,113.75591278076172,113.9758529663086,23458
2023-07-24,86.35127258300781,113.96585083007812,114.3557357788086,113.82589721679688,114.12580871582031,26713
2023-07-25,86.23764038085938,113.8158950805664,114.36573028564453,113.7059326171875,113.96585083007812,26667
2023-07-26,86.4270248413086,114.06582641601562,114.38572692871094,113.76591491699219,113.8158950805664,24599
2023-07-27,86.61640167236328,114.31575012207031,114.31575012207031,113.8158950805664,114.06582641601562,22290
2023-07-28,86.60124206542969,114.2957534790039,114.31575012207031,113.96585083007812,114.26576232910156,18835
2023-07-31,86.64669799804688,114.3557357788086,114.61566162109375,113.85588836669922,114.28575897216797,32210
2023-08-01,86.94410705566406,113.96585083007812,114.33573913574219,113.4959945678711,113.57596588134766,38938
2023-08-02,86.98224639892578,114.01583862304688,114.46570587158203,113.66593933105469,113.96585083007812,31312
2023-08-03,87.0966567993164,114.1657943725586,114.57566833496094,113.77590942382812,114.25576782226562,31767
2023-08-04,87.31782531738281,114.45570373535156,114.55567932128906,112.9561538696289,114.46570587158203,31427
2023-08-07,87.3102035522461,114.44570922851562,114.565673828125,114.15579223632812,114.45570373535156,27030
2023-08-08,87.546630859375,114.755615234375,114.945556640625,114.2757568359375,114.41571807861328,27697
2023-08-09,87.66104125976562,114.90557098388672,114.90557098388672,114.5456771850586,114.755615234375,21121
2023-08-10,87.57716369628906,114.79560089111328,114.95555877685547,114.4856948852539,114.89557647705078,19074
2023-08-11,87.63814544677734,114.87557983398438,114.9655532836914,114.49569702148438,114.79560089111328,29974
2023-08-14,87.63053894042969,114.86558532714844,114.95555877685547,114.46570587158203,114.87557983398438,31059
2023-08-15,87.47798919677734,114.66564178466797,114.95555877685547,114.46570587158203,114.86558532714844,24580
2023-08-16,87.3254623413086,114.46570587158203,114.86558532714844,114.14579772949219,114.46570587158203,28300
2023-08-17,87.18058013916016,114.2757568359375,114.95555877685547,114.01583862304688,114.46570587158203,37688
2023-08-18,86.47126770019531,113.34603881835938,114.59566497802734,112.65624237060547,114.36573028564453,63539
2023-08-21,86.4178695678711,113.27606201171875,113.88587951660156,112.02643585205078,113.34603881835938,53061
2023-08-22,85.03748321533203,111.46659851074219,113.54597473144531,110.86678314208984,113.27606201171875,53730
2023-08-23,85.29676055908203,111.80650329589844,112.71622467041016,111.57656860351562,111.57656860351562,32855
2023-08-24,85.41877746582031,111.9664535522461,112.18638610839844,111.56657409667969,111.80650329589844,32007
2023-08-25,86.01367950439453,112.7462158203125,112.9361572265625,111.83649444580078,111.9664535522461,21996
2023-08-28,86.18145751953125,112.96614837646484,113.26605987548828,111.77650451660156,112.64624786376953,47686
2023-08-29,85.18997955322266,111.66654205322266,112.96614837646484,111.36663055419922,112.96614837646484,58893
2023-08-30,85.80775451660156,112.4762954711914,112.65624237060547,111.6165542602539,111.99644470214844,33988
2023-08-31,86.43314361572266,113.29605102539062,113.45600128173828,112.32634735107422,112.4762954711914,25366
2023-09-01,86.49763488769531,112.5999984741211,113.80000305175781,112.47000122070312,112.55000305175781,30362
2023-09-04,86.72808074951172,112.9000015258789,113.05000305175781,112.20999908447266,112.69999694824219,26874
2023-09-05,86.5667953491211,112.69000244140625,113.0,112.5,112.83999633789062,20507
2023-09-06,86.49763488769531,112.5999984741211,112.95999908447266,111.95999908447266,112.68000030517578,44015
2023-09-08,87.03536224365234,113.30000305175781,113.4800033569336,112.30999755859375,112.58000183105469,30365
2023-09-11,86.86636352539062,113.08000183105469,113.30000305175781,112.69999694824219,113.30000305175781,28853
2023-09-12,86.54374694824219,112.66000366210938,113.19999694824219,112.2699966430664,113.08000183105469,32592
2023-09-13,86.43616485595703,112.5199966430664,112.75,112.22000122070312,112.66000366210938,26672
2023-09-14,86.80491638183594,113.0,113.6500015258789,112.52999877929688,112.56999969482422,30294
2023-09-15,88.74842071533203,115.52999877929688,115.52999877929688,112.9000015258789,113.0,40970
2023-09-18,88.12618255615234,114.72000122070312,115.0,113.4800033569336,114.94000244140625,31969
2023-09-19,87.49628448486328,113.9000015258789,114.97000122070312,113.19999694824219,114.69999694824219,21579
2023-09-20,87.37335968017578,113.73999786376953,114.19999694824219,113.12999725341797,113.9000015258789,32861
2023-09-21,86.85868072509766,113.06999969482422,113.88999938964844,113.05000305175781,113.73999786376953,30228
2023-09-22,87.21973419189453,113.54000091552734,113.94000244140625,113.0999984741211,113.25,22998
2023-09-25,86.8970947265625,113.12000274658203,113.88999938964844,113.0999984741211,113.58999633789062,28568
2023-09-26,86.57444763183594,112.69999694824219,113.48999786376953,112.27999877929688,113.26000213623047,79075
2023-09-27,86.77416229248047,112.95999908447266,113.29000091552734,112.63999938964844,112.69999694824219,50734
2023-09-28,87.01998138427734,113.27999877929688,113.4800033569336,112.76000213623047,112.95999908447266,23452
2023-09-29,87.11217498779297,113.4000015258789,114.0,113.27999877929688,113.27999877929688,24197
2023-10-02,87.01935577392578,112.5,113.0,111.5,112.62000274658203,64066
2023-10-03,87.31329345703125,112.87999725341797,113.4800033569336,112.4000015258789,112.5,35851
2023-10-04,87.37516021728516,112.95999908447266,113.1500015258789,112.9000015258789,112.94999694824219,19005
2023-10-05,87.40608215332031,113.0,113.1500015258789,112.63999938964844,112.95999908447266,27842
2023-10-06,86.94198608398438,112.4000015258789,113.13999938964844,112.37999725341797,113.0,28695
2023-10-09,86.78730773925781,112.19999694824219,112.58999633789062,111.80000305175781,112.4000015258789,23720
2023-10-10,86.95748901367188,112.41999816894531,112.94999694824219,112.05000305175781,112.2300033569336,51841
2023-10-11,86.82598114013672,112.25,112.7699966430664,112.25,112.43000030517578,18146
2023-10-13,86.99616241455078,112.47000122070312,112.62999725341797,112.19999694824219,112.25,18600
2023-10-16,86.64034271240234,112.01000213623047,112.4000015258789,111.81999969482422,112.2300033569336,22881
2023-10-17,86.62486267089844,111.98999786376953,112.30000305175781,111.73999786376953,112.0999984741211,23084
2023-10-18,86.24585723876953,111.5,112.04000091552734,110.95999908447266,111.98999786376953,23676
2023-10-19,85.50330352783203,110.54000091552734,111.5,110.30999755859375,111.5,21155
2023-10-20,85.00823211669922,109.9000015258789,110.7699966430664,109.9000015258789,110.48999786376953,26633
2023-10-23,84.7684555053711,109.58999633789062,109.9000015258789,109.11000061035156,109.9000015258789,24103
2023-10-24,83.39161682128906,107.80999755859375,109.80000305175781,107.80000305175781,109.58999633789062,43945
2023-10-25,83.0125961303711,107.31999969482422,108.1500015258789,107.1500015258789,107.81999969482422,24550
2023-10-26,82.54847717285156,106.72000122070312,107.80000305175781,106.72000122070312,107.19999694824219,36456
2023-10-27,83.1595687866211,107.51000213623047,108.12999725341797,106.77999877929688,106.77999877929688,35668
2023-10-30,83.93306732177734,108.51000213623047,109.25,107.51000213623047,107.51000213623047,28347
2023-10-31,84.27342224121094,108.94999694824219,109.16999816894531,108.51000213623047,108.51000213623047,22581
2023-11-01,83.65460205078125,108.1500015258789,108.16000366210938,107.36000061035156,108.16000366210938,30075
2023-11-03,83.88664245605469,108.44999694824219,108.94000244140625,108.0,108.0,39372
2023-11-06,83.65460205078125,108.1500015258789,108.44999694824219,107.75,108.44999694824219,38302
2023-11-07,84.31208801269531,109.0,109.0,108.0,108.1500015258789,46223
2023-11-08,84.30435943603516,108.98999786376953,109.33000183105469,108.68000030517578,109.0,35361
2023-11-09,84.2347412109375,108.9000015258789,109.48999786376953,108.7300033569336,108.98999786376953,23917
2023-11-10,83.43802642822266,107.87000274658203,109.4000015258789,107.04000091552734,109.04000091552734,42460
2023-11-13,83.49991607666016,107.94999694824219,108.43000030517578,107.5199966430664,107.87000274658203,30195
2023-11-14,83.53858184814453,108.0,108.43000030517578,107.80999755859375,107.94999694824219,122655
2023-11-16,83.65460205078125,108.1500015258789,108.38999938964844,107.94999694824219,108.0,33575
2023-11-17,83.90985107421875,108.4800033569336,109.0199966430664,108.0,108.1500015258789,35527
2023-11-20,83.31427001953125,107.70999908447266,108.98999786376953,107.55000305175781,108.4800033569336,37721
2023-11-21,82.76506042480469,107.0,108.70999908447266,106.91000366210938,107.9000015258789,53780
2023-11-22,82.76506042480469,107.0,107.44999694824219,106.79000091552734,107.0,53671
2023-11-23,82.78054809570312,107.0199966430664,107.55000305175781,106.87000274658203,107.0,29554
2023-11-24,82.23136901855469,106.30999755859375,107.5,105.55000305175781,107.0199966430664,38080
2023-11-27,82.246826171875,106.33000183105469,107.20999908447266,106.30999755859375,106.30999755859375,39391
2023-11-28,82.98165130615234,107.27999877929688,107.91999816894531,106.4000015258789,106.4000015258789,31628
2023-11-29,83.39161682128906,107.80999755859375,107.81999969482422,106.91000366210938,107.30000305175781,33589
2023-11-30,83.1750259399414,107.52999877929688,108.36000061035156,107.44999694824219,107.80999755859375,40724
2023-12-01,82.7620620727539,106.22000122070312,107.5,105.48999786376953,107.0199966430664,46535
2023-12-04,81.97511291503906,105.20999908447266,106.93000030517578,104.4000015258789,106.30000305175781,127753
2023-12-05,83.09712219238281,106.6500015258789,106.72000122070312,105.38999938964844,105.38999938964844,32084
2023-12-06,82.8088150024414,106.27999877929688,107.4800033569336,106.27999877929688,107.0,36540
2023-12-07,82.44263458251953,105.80999755859375,107.12000274658203,105.69999694824219,106.58999633789062,30435
2023-12-08,82.80103302001953,106.2699966430664,106.88999938964844,105.80999755859375,105.80999755859375,27541
2023-12-11,82.91011047363281,106.41000366210938,106.5999984741211,106.0,106.27999877929688,39165
2023-12-12,82.82439422607422,106.30000305175781,106.88999938964844,106.30000305175781,106.41000366210938,29645
2023-12-13,82.78547668457031,106.25,106.79000091552734,106.25,106.36000061035156,66076
2023-12-14,82.72312927246094,106.16999816894531,107.44999694824219,105.95999908447266,106.30000305175781,46413
2023-12-15,80.01163482666016,102.69000244140625,106.98999786376953,102.69000244140625,106.27999877929688,325152
2023-12-18,82.20108795166016,105.5,106.05000305175781,104.75,104.98999786376953,117950
2023-12-19,82.5750732421875,105.9800033569336,106.44999694824219,105.58999633789062,105.58999633789062,68849
2023-12-20,82.62964630126953,106.05000305175781,106.55000305175781,105.98999786376953,106.0999984741211,65513
2023-12-21,82.87896728515625,106.37000274658203,106.55000305175781,106.12000274658203,106.12000274658203,51817
2023-12-22,83.60358428955078,107.30000305175781,107.88999938964844,106.4000015258789,106.4000015258789,310192
2023-12-26,83.99315643310547,107.80000305175781,108.0999984741211,107.30000305175781,107.30000305175781,70777
2023-12-27,84.82684326171875,108.87000274658203,110.0,107.72000122070312,107.83000183105469,297525
2023-12-28,84.85022735595703,108.9000015258789,110.0999984741211,108.5,109.0999984741211,61405
2024-01-02,85.40740966796875,108.83000183105469,109.97000122070312,108.55999755859375,108.9000015258789,54061
2024-01-03,85.54081726074219,109.0,109.5,108.83999633789062,108.83999633789062,59793
2024-01-04,85.72917938232422,109.23999786376953,109.76000213623047,109.0,109.01000213623047,45105
2024-01-05,86.2628173828125,109.91999816894531,109.98999786376953,109.23999786376953,109.23999786376953,46225
2024-01-08,86.31776428222656,109.98999786376953,110.98999786376953,109.83999633789062,109.91999816894531,72895
2024-01-09,86.24710845947266,109.9000015258789,110.4000015258789,109.75,109.98999786376953,41415
2024-01-10,86.24710845947266,109.9000015258789,110.5,109.69999694824219,109.9000015258789,38880
2024-01-11,86.23929595947266,109.88999938964844,110.80000305175781,109.75,109.9000015258789,34198
2024-01-12,86.12155151367188,109.73999786376953,110.38999938964844,109.73999786376953,109.91999816894531,39156
2024-01-15,87.33796691894531,111.29000091552734,111.93000030517578,109.73999786376953,109.73999786376953,51976
2024-01-16,87.1025390625,110.98999786376953,111.88999938964844,110.0,111.29000091552734,52907
2024-01-17,86.32560729980469,110.0,111.19999694824219,109.91000366210938,110.98999786376953,42766
2024-01-18,86.32560729980469,110.0,110.48999786376953,109.6500015258789,110.01000213623047,36272
2024-01-19,86.32560729980469,110.0,110.41999816894531,109.80000305175781,110.01000213623047,36864
2024-01-22,86.32560729980469,110.0,110.62000274658203,109.69999694824219,110.0,57317
2024-01-23,86.43546295166016,110.13999938964844,110.25,109.75,110.0,42487
2024-01-24,86.32560729980469,110.0,110.13999938964844,109.81999969482422,110.13999938964844,40773
2024-01-25,86.20789337158203,109.8499984741211,110.29000091552734,109.72000122070312,110.0,34548
2024-01-26,86.24710845947266,109.9000015258789,110.47000122070312,109.80000305175781,109.8499984741211,42222
2024-01-29,86.41976928710938,110.12000274658203,110.25,109.81999969482422,109.9000015258789,41340
2024-01-30,85.9332275390625,109.5,110.12000274658203,109.30999755859375,110.12000274658203,54240
2024-01-31,85.8311996459961,109.37000274658203,109.97000122070312,109.0999984741211,109.58999633789062,42110
2024-02-01,84.61479949951172,107.81999969482422,109.04000091552734,105.5,109.0,136970
2024-02-02,84.716796875,107.94999694824219,108.5,107.4800033569336,107.5999984741211,50536
2024-02-05,84.75605010986328,108.0,108.58999633789062,107.70999908447266,107.94999694824219,41027
2024-02-06,85.08563995361328,108.41999816894531,108.58000183105469,107.69999694824219,107.69999694824219,42906
2024-02-07,84.9601058959961,108.26000213623047,108.56999969482422,108.04000091552734,108.41999816894531,36159
2024-02-08,85.1484146118164,108.5,108.91000366210938,108.16000366210938,108.26000213623047,32573
2024-02-09,85.32111358642578,108.72000122070312,109.29000091552734,108.52999877929688,108.62999725341797,33992
2024-02-14,85.46236419677734,108.9000015258789,109.37000274658203,108.70999908447266,108.72000122070312,25177
2024-02-15,86.1058578491211,109.72000122070312,109.95999908447266,108.9000015258789,108.9000015258789,33415
2024-02-16,86.24710845947266,109.9000015258789,110.30000305175781,109.69999694824219,109.72000122070312,48287
2024-02-19,87.34584045410156,111.30000305175781,111.47000122070312,109.9000015258789,109.9000015258789,49485
2024-02-20,87.66756439208984,111.70999908447266,111.88999938964844,111.0199966430664,111.25,36006
2024-02-21,87.8951644897461,112.0,112.44999694824219,111.0,111.70999908447266,36341
2024-02-22,87.51846313476562,111.5199966430664,112.44999694824219,111.5,112.0,35018
2024-02-23,87.50277709960938,111.5,112.2699966430664,111.5,111.5199966430664,35014
2024-02-26,87.2437744140625,111.16999816894531,111.94999694824219,110.1500015258789,111.5,44034
2024-02-27,86.32560729980469,110.0,112.5,109.41999816894531,111.16999816894531,64285
2024-02-28,86.32560729980469,110.0,110.19999694824219,107.80000305175781,110.05000305175781,41267
2024-02-29,87.72251892089844,111.77999877929688,111.9800033569336,109.94999694824219,110.0,40907
2024-03-01,86.93219757080078,110.0,111.7699966430664,109.0,111.5,55908
2024-03-04,87.87266540527344,111.19000244140625,111.19999694824219,110.0,110.19999694824219,37248
2024-03-05,88.45746612548828,111.93000030517578,111.93000030517578,111.02999877929688,111.19000244140625,32748
2024-03-06,88.34683990478516,111.79000091552734,112.33000183105469,111.19999694824219,111.93000030517578,29688
2024-03-07,88.43377685546875,111.9000015258789,112.0,111.75,111.79000091552734,23780
2024-03-08,88.37846374511719,111.83000183105469,111.9800033569336,111.75,111.9000015258789,26824
2024-03-11,87.72250366210938,111.0,111.87999725341797,110.9000015258789,111.83000183105469,31698
2024-03-12,87.72250366210938,111.0,111.4800033569336,110.7300033569336,111.1500015258789,34024
2024-03-13,87.72250366210938,111.0,111.23999786376953,110.68000030517578,111.23999786376953,29566
2024-03-14,87.45380401611328,110.66000366210938,111.23999786376953,110.44999694824219,111.0,26305
2024-03-15,84.80632781982422,107.30999755859375,111.45999908447266,107.30999755859375,110.66000366210938,270872
2024-03-18,86.3473892211914,109.26000213623047,109.9000015258789,108.80000305175781,108.91000366210938,51650
2024-03-19,86.53706359863281,109.5,109.94000244140625,109.19999694824219,109.27999877929688,52734
2024-03-20,86.97172546386719,110.05000305175781,110.48999786376953,109.6500015258789,109.6500015258789,60179
2024-03-21,86.9875259399414,110.06999969482422,110.4800033569336,109.86000061035156,110.25,42630
2024-03-22,86.97172546386719,110.05000305175781,110.4000015258789,109.88999938964844,110.06999969482422,50013
2024-03-25,86.93219757080078,110.0,110.25,109.9000015258789,110.06999969482422,38933
2024-03-26,86.53706359863281,109.5,110.4000015258789,109.5,110.0,53650
2024-03-27,86.89269256591797,109.94999694824219,110.2300033569336,109.69999694824219,109.88999938964844,28545
2024-03-28,87.14559173583984,110.2699966430664,110.44999694824219,109.94999694824219,109.94999694824219,43360
2024-04-01,86.7555923461914,109.0,110.5999984741211,108.81999969482422,109.48999786376953,58722
2024-04-02,87.14559173583984,109.48999786376953,109.80000305175781,109.0,109.69000244140625,33473
2024-04-03,86.7555923461914,109.0,109.80000305175781,108.80000305175781,109.70999908447266,41108
2024-04-04,86.59639739990234,108.80000305175781,109.19999694824219,108.63999938964844,109.05000305175781,33409
2024-04-05,86.59639739990234,108.80000305175781,109.0,108.44999694824219,108.9000015258789,41900
2024-04-08,86.8113021850586,109.06999969482422,109.30000305175781,108.9000015258789,109.0,39894
2024-04-09,87.05007934570312,109.37000274658203,109.75,109.05999755859375,109.06999969482422,35957
2024-04-10,87.06598663330078,109.38999938964844,109.6500015258789,108.9800033569336,109.44999694824219,30766
2024-04-11,86.76355743408203,109.01000213623047,109.58000183105469,108.75,109.38999938964844,45175
2024-04-12,86.42131042480469,108.58000183105469,109.5,108.47000122070312,109.2699966430664,52863
2024-04-15,85.59355163574219,107.54000091552734,109.08000183105469,107.30000305175781,109.08000183105469,69298
2024-04-16,85.16374969482422,107.0,108.29000091552734,106.72000122070312,107.76000213623047,51505
2024-04-17,85.04435729980469,106.8499984741211,107.4000015258789,106.55000305175781,107.22000122070312,44130
2024-04-18,84.6065902709961,106.30000305175781,107.20999908447266,105.86000061035156,107.05999755859375,54382
2024-04-19,84.51109313964844,106.18000030517578,106.30000305175781,105.86000061035156,106.19999694824219,74488
2024-04-22,84.43946075439453,106.08999633789062,106.6500015258789,105.9800033569336,106.18000030517578,38710
2024-04-23,84.36782836914062,106.0,106.86000061035156,105.75,106.18000030517578,43795
2024-04-24,83.41270446777344,104.80000305175781,106.55999755859375,104.80000305175781,106.0,42103
2024-04-25,83.37290954589844,104.75,105.2699966430664,104.2300033569336,105.2699966430664,33565
2024-04-26,83.37290954589844,104.75,104.75,104.75,104.75,0
2024-04-29,83.33311462402344,104.69999694824219,105.08000183105469,104.4800033569336,104.6500015258789,81858
2024-04-30,83.36494445800781,104.73999786376953,105.5199966430664,104.4800033569336,104.94000244140625,42319
2024-05-02,84.17485809326172,104.97000122070312,105.0,104.1500015258789,104.37999725341797,58757
2024-05-03,84.1588363647461,104.94999694824219,105.6500015258789,104.58999633789062,104.91999816894531,60988
2024-05-06,83.80599212646484,104.51000213623047,105.5,104.51000213623047,104.91999816894531,49304
2024-05-07,84.03854370117188,104.80000305175781,105.37999725341797,104.76000213623047,104.94999694824219,42213
2024-05-08,84.15082550048828,104.94000244140625,105.29000091552734,104.73999786376953,105.0,39690
2024-05-09,84.0545883178711,104.81999969482422,105.05000305175781,104.38999938964844,105.0,35747
2024-05-10,84.1828842163086,104.9800033569336,105.05000305175781,104.18000030517578,104.97000122070312,41530
2024-05-13,83.21260833740234,103.7699966430664,105.13999938964844,103.7699966430664,104.9800033569336,59032
2024-05-14,83.0762710571289,103.5999984741211,104.22000122070312,103.0199966430664,103.94999694824219,45458
2024-05-15,83.5975112915039,104.25,104.43000030517578,103.62999725341797,103.80999755859375,36893
2024-05-16,83.58148193359375,104.2300033569336,104.69000244140625,104.05999755859375,104.44999694824219,40266
2024-05-17,83.97441864013672,104.72000122070312,104.72000122070312,104.16000366210938,104.30000305175781,42075
2024-05-20,83.95034790039062,104.69000244140625,104.9000015258789,104.38999938964844,104.55999755859375,37874
2024-05-21,83.7658920288086,104.45999908447266,104.95999908447266,104.25,104.83999633789062,31601
2024-05-22,83.62957763671875,104.29000091552734,104.41999816894531,103.86000061035156,104.41999816894531,30086
2024-05-23,83.3008041381836,103.87999725341797,104.4000015258789,103.6500015258789,104.30000305175781,27766
2024-05-24,83.31683349609375,103.9000015258789,104.12000274658203,103.16000366210938,104.0999984741211,41358
2024-05-27,83.0762710571289,103.5999984741211,104.3499984741211,103.11000061035156,103.94999694824219,49502
2024-05-28,83.35693359375,103.94999694824219,103.98999786376953,103.05000305175781,103.9000015258789,42719
2024-05-29,82.75553894042969,103.19999694824219,103.88999938964844,102.9000015258789,103.87000274658203,53483
2024-05-31,84.07865905761719,104.8499984741211,105.0,103.2300033569336,103.2300033569336,44386
2024-06-03,83.28688049316406,103.08999633789062,104.98999786376953,103.08000183105469,104.0999984741211,54312
2024-06-04,83.9251480102539,103.87999725341797,104.44999694824219,103.31999969482422,103.5,35382
2024-06-05,83.65046691894531,103.54000091552734,104.19999694824219,103.30000305175781,104.08999633789062,30090
2024-06-06,83.77162170410156,103.69000244140625,104.0,103.05999755859375,103.62999725341797,26928
2024-06-07,83.78780364990234,103.70999908447266,104.1500015258789,103.05000305175781,103.69000244140625,36854
2024-06-10,83.4565658569336,103.30000305175781,103.80000305175781,103.01000213623047,103.80000305175781,40574
2024-06-11,83.49694061279297,103.3499984741211,103.75,103.0,103.41000366210938,37840
2024-06-12,82.71327209472656,102.37999725341797,103.48999786376953,102.20999908447266,103.3499984741211,41769
2024-06-13,82.04273223876953,101.55000305175781,102.94000244140625,101.55000305175781,102.12000274658203,37970
2024-06-14,82.94757843017578,102.66999816894531,102.88999938964844,101.83000183105469,101.83000183105469,39497
2024-06-17,82.8425521850586,102.54000091552734,102.91000366210938,102.01000213623047,102.7300033569336,52319
2024-06-18,82.85063934326172,102.55000305175781,103.0,102.0,102.70999908447266,34523
2024-06-19,82.67288208007812,102.33000183105469,103.0199966430664,101.98999786376953,102.55000305175781,30153
2024-06-20,81.92153930664062,101.4000015258789,102.87999725341797,100.55000305175781,102.55000305175781,50855
2024-06-21,78.37483215332031,97.01000213623047,102.9800033569336,97.01000213623047,101.58999633789062,258431
2024-06-24,78.60914611816406,97.30000305175781,99.37999725341797,97.05999755859375,98.5,228340
2024-06-25,79.47359466552734,98.37000274658203,98.56999969482422,97.80000305175781,98.0,87779
2024-06-26,80.24110412597656,99.31999969482422,99.83999633789062,98.66000366210938,98.68000030517578,67456
2024-06-27,80.61274719238281,99.77999877929688,100.44999694824219,99.5,99.5199966430664,50307
2024-06-28,80.69351959228516,99.87999725341797,100.44000244140625,99.12000274658203,100.08999633789062,70583
2024-07-01,80.6935043334961,99.0999984741211,99.95999908447266,99.0,99.0,61014
2024-07-02,80.03396606445312,98.29000091552734,99.5,97.5,99.0999984741211,100285
2024-07-03,80.40853118896484,98.75,98.75,98.23999786376953,98.29000091552734,39184
2024-07-04,81.75206756591797,100.4000015258789,100.4000015258789,98.7699966430664,98.9000015258789,43666
2024-07-05,82.64776611328125,101.5,101.66999816894531,100.3499984741211,100.4000015258789,44704
2024-07-08,83.7144546508789,102.80999755859375,102.97000122070312,101.3499984741211,101.5,64797
2024-07-09,83.82844543457031,102.94999694824219,103.0,102.0,102.5,25865
2024-07-10,83.86917114257812,103.0,103.30000305175781,102.23999786376953,102.73999786376953,32374
2024-07-11,84.11344146728516,103.30000305175781,103.5,103.0,103.0,29736
2024-07-12,84.260009765625,103.4800033569336,104.1500015258789,103.12999725341797,103.31999969482422,42105
2024-07-15,84.25186157226562,103.47000122070312,103.77999877929688,103.20999908447266,103.51000213623047,45344
2024-07-16,84.15413665771484,103.3499984741211,103.75,102.98999786376953,103.47000122070312,38586
2024-07-17,84.34956359863281,103.58999633789062,103.63999938964844,102.11000061035156,103.55999755859375,42801
2024-07-18,83.91799926757812,103.05999755859375,103.88999938964844,103.05999755859375,103.5999984741211,30177
2024-07-19,84.8055419921875,104.1500015258789,104.37999725341797,103.61000061035156,103.61000061035156,32007
2024-07-22,84.84626770019531,104.19999694824219,104.37999725341797,104.02999877929688,104.1500015258789,41775
2024-07-23,84.8055419921875,104.1500015258789,104.33000183105469,104.01000213623047,104.30000305175781,36757
2024-07-24,84.8055419921875,104.1500015258789,104.37999725341797,103.91999816894531,104.25,44672
2024-07-25,84.284423828125,103.51000213623047,104.3499984741211,103.31999969482422,104.1500015258789,28856
2024-07-26,84.37398529052734,103.62000274658203,104.0,103.5999984741211,103.87000274658203,27784
2024-07-29,83.86917114257812,103.0,104.0,103.0,103.66999816894531,32485
2024-07-30,83.90987396240234,103.05000305175781,103.48999786376953,102.9000015258789,103.48999786376953,29652
2024-07-31,84.6101303100586,103.91000366210938,104.0,103.05000305175781,103.27999877929688,28674
2024-08-01,83.78150939941406,102.12000274658203,103.4800033569336,101.5,103.12999725341797,46187
2024-08-02,83.7322998046875,102.05999755859375,103.13999938964844,101.69000244140625,102.13999938964844,33405
2024-08-05,83.66664123535156,101.9800033569336,102.13999938964844,100.4000015258789,101.5,71458
2024-08-06,83.034912109375,101.20999908447266,102.0999984741211,101.04000091552734,101.66999816894531,31537
2024-08-07,82.94467163085938,101.0999984741211,101.87000274658203,100.88999938964844,101.36000061035156,31144
2024-08-08,82.86263275146484,101.0,101.48999786376953,100.80000305175781,101.0999984741211,23260
2024-08-09,83.7076644897461,102.02999877929688,103.0,100.80000305175781,101.0,34891
2024-08-12,83.92919158935547,102.30000305175781,102.83999633789062,101.77999877929688,102.02999877929688,31670
2024-08-13,83.78150939941406,102.12000274658203,102.4000015258789,101.55999755859375,102.30000305175781,41125
2024-08-14,83.95378112792969,102.33000183105469,102.48999786376953,101.55999755859375,102.11000061035156,41620
2024-08-15,84.77421569824219,103.33000183105469,103.5,102.0,102.48999786376953,43496
2024-08-16,84.9957275390625,103.5999984741211,104.25,103.33000183105469,103.80000305175781,35836
2024-08-19,84.91368103027344,103.5,104.20999908447266,103.18000030517578,103.5999984741211,40091
2024-08-20,84.67578125,103.20999908447266,104.0999984741211,102.97000122070312,103.7300033569336,30896
2024-08-21,84.50349426269531,103.0,103.79000091552734,103.0,103.5,35402
2024-08-22,84.2901611328125,102.73999786376953,103.33999633789062,102.2300033569336,103.0999984741211,40457
2024-08-23,84.58551025390625,103.0999984741211,103.31999969482422,102.5999984741211,102.98999786376953,33595
2024-08-26,84.5691146850586,103.08000183105469,103.4000015258789,102.7300033569336,103.0999984741211,39300
2024-08-27,84.5691146850586,103.08000183105469,103.45999908447266,102.9800033569336,103.0999984741211,28243
2024-08-28,84.50349426269531,103.0,103.5,102.87999725341797,103.08000183105469,33102
2024-08-29,84.70860290527344,103.25,103.30999755859375,102.91999816894531,103.0,25415
2024-08-30,84.70039367675781,103.23999786376953,103.48999786376953,102.80999755859375,103.25,38856
2024-09-02,84.73345184326172,102.5,102.98999786376953,102.26000213623047,102.5,36226
2024-09-03,84.40276336669922,102.0999984741211,102.9000015258789,102.0,102.9000015258789,31814
2024-09-04,84.48544311523438,102.19999694824219,102.48999786376953,102.0999984741211,102.16000366210938,26588
2024-09-05,84.35316467285156,102.04000091552734,102.5,101.80000305175781,102.19999694824219,25757
2024-09-06,84.34490966796875,102.02999877929688,102.36000061035156,101.9000015258789,102.04000091552734,29287
2024-09-09,84.12171936035156,101.76000213623047,102.27999877929688,101.7300033569336,102.11000061035156,32720
2024-09-10,83.90679168701172,101.5,101.94000244140625,101.5,101.8499984741211,27067
2024-09-11,84.28703308105469,101.95999908447266,102.05000305175781,101.5999984741211,101.75,29303
2024-09-12,84.18782806396484,101.83999633789062,102.1500015258789,101.48999786376953,102.02999877929688,29036
2024-09-13,84.29531860351562,101.97000122070312,102.0999984741211,101.63999938964844,101.83000183105469,28130
2024-09-16,83.94812774658203,101.55000305175781,102.13999938964844,101.44999694824219,102.0,34019
2024-09-17,83.80758666992188,101.37999725341797,101.80000305175781,101.0199966430664,101.58999633789062,31303
2024-09-18,83.50995635986328,101.0199966430664,101.52999877929688,100.91999816894531,101.5199966430664,30925
2024-09-19,83.65050506591797,101.19000244140625,101.23999786376953,100.77999877929688,101.19000244140625,29574
2024-09-20,84.23745727539062,101.9000015258789,101.9000015258789,99.75,101.19000244140625,61872
2024-09-23,82.23690032958984,99.4800033569336,101.51000213623047,99.25,101.0,77075
2024-09-24,82.6171646118164,99.94000244140625,100.43000030517578,99.0199966430664,99.5,39350
2024-09-25,82.65852355957031,99.98999786376953,100.79000091552734,98.98999786376953,100.0199966430664,41449
2024-09-26,83.17929077148438,100.62000274658203,100.88999938964844,99.5,99.9800033569336,33213
2024-09-27,83.08009338378906,100.5,101.19999694824219,100.0,100.55000305175781,35424
2024-09-30,83.11317443847656,100.54000091552734,101.1500015258789,100.33000183105469,100.62000274658203,35972
2024-10-01,82.7715835571289,99.3499984741211,100.0,98.80000305175781,99.76000213623047,44015
2024-10-02,83.30480194091797,99.98999786376953,99.98999786376953,99.05000305175781,99.3499984741211,33832
2024-10-03,82.7382583618164,99.30999755859375,99.87999725341797,99.0999984741211,99.30000305175781,29795
2024-10-04,82.89653778076172,99.5,99.9000015258789,99.30000305175781,99.30999755859375,31949
2024-10-07,83.4797592163086,100.19999694824219,100.4800033569336,99.30000305175781,99.5,38413
2024-10-08,83.17984008789062,99.83999633789062,100.08999633789062,99.69999694824219,99.9800033569336,26382
2024-10-09,81.8134765625,98.19999694824219,99.88999938964844,98.0,99.80000305175781,32552
2024-10-10,80.96369171142578,97.18000030517578,98.8499984741211,96.05999755859375,98.36000061035156,45434
2024-10-11,80.53045654296875,96.66000366210938,97.66999816894531,96.41000366210938,97.19999694824219,43412
2024-10-14,80.6470947265625,96.80000305175781,97.5,96.51000213623047,96.66999816894531,56671
2024-10-15,80.81373596191406,97.0,97.47000122070312,96.7699966430664,96.83999633789062,42225
2024-10-16,80.99701690673828,97.22000122070312,97.30999755859375,96.94999694824219,97.0999984741211,36101
2024-10-17,81.43024444580078,97.73999786376953,98.5,97.0,97.20999908447266,49378
2024-10-18,81.51355743408203,97.83999633789062,98.3499984741211,97.0,97.73999786376953,35562
2024-10-21,80.6470947265625,96.80000305175781,97.87999725341797,96.55999755859375,97.80000305175781,49584
2024-10-22,80.98035430908203,97.19999694824219,97.44999694824219,96.75,96.94999694824219,40994
2024-10-23,79.7806396484375,95.76000213623047,97.38999938964844,95.4000015258789,97.19999694824219,42322
2024-10-24,79.63899993896484,95.58999633789062,96.45999908447266,95.0999984741211,96.0999984741211,39233
2024-10-25,79.50572204589844,95.43000030517578,95.81999969482422,95.0,95.58999633789062,79658
2024-10-28,80.82209014892578,97.01000213623047,97.30000305175781,95.19999694824219,95.19999694824219,46589
2024-10-29,79.98059844970703,96.0,97.55000305175781,95.73999786376953,97.01000213623047,47040
2024-10-30,81.14698791503906,97.4000015258789,97.83999633789062,95.94000244140625,96.04000091552734,36190
2024-10-31,80.77206420898438,96.94999694824219,98.0,96.3499984741211,97.4000015258789,33764
2024-11-01,81.51117706298828,97.05000305175781,97.26000213623047,95.3499984741211,96.16999816894531,81653
2024-11-04,81.0492172241211,96.5,97.0999984741211,95.69999694824219,97.05000305175781,36995
2024-11-05,81.48597717285156,97.0199966430664,97.29000091552734,96.11000061035156,96.5,30196
2024-11-06,80.62928771972656,96.0,97.27999877929688,95.2699966430664,97.0199966430664,44294
2024-11-07,80.62928771972656,96.0,97.0,95.75,95.88999938964844,40269
2024-11-08,81.46919250488281,97.0,97.33999633789062,95.80999755859375,96.0,33828
2024-11-11,80.96525573730469,96.4000015258789,97.08999633789062,96.0999984741211,96.97000122070312,41858
2024-11-12,80.43611907958984,95.7699966430664,96.5,95.51000213623047,96.4000015258789,38969
2024-11-13,80.26814270019531,95.56999969482422,96.0,95.19999694824219,95.6500015258789,38105
2024-11-14,81.30120086669922,96.80000305175781,96.9000015258789,95.56999969482422,95.56999969482422,41719
2024-11-18,80.4277114868164,95.76000213623047,96.76000213623047,95.69999694824219,96.5,42535
2024-11-19,80.83926391601562,96.25,96.83999633789062,95.69999694824219,95.76000213623047,35691
2024-11-21,79.99095916748047,95.23999786376953,96.83000183105469,95.0,96.25,56738
2024-11-22,80.38572692871094,95.70999908447266,95.94999694824219,95.0,95.29000091552734,42483
2024-11-25,80.2093505859375,95.5,96.19999694824219,95.30000305175781,96.0,45477
2024-11-26,80.26814270019531,95.56999969482422,95.9000015258789,95.36000061035156,95.86000061035156,37669
2024-11-27,79.59622955322266,94.7699966430664,95.95999908447266,94.5999984741211,95.5,52000
2024-11-28,79.40306091308594,94.54000091552734,95.38999938964844,93.61000061035156,95.38999938964844,52832
2024-11-29,78.94950866699219,94.0,95.5,93.5,94.54000091552734,45187
2024-12-02,76.4595718383789,90.27999877929688,93.44999694824219,90.0,93.30999755859375,82725
2024-12-03,75.50257110595703,89.1500015258789,91.29000091552734,89.11000061035156,90.5,82652
2024-12-04,75.02828216552734,88.58999633789062,89.97000122070312,88.51000213623047,89.56999969482422,106203
2024-12-05,74.46086120605469,87.91999816894531,89.0,87.11000061035156,88.51000213623047,67597
2024-12-06,77.44200134277344,91.44000244140625,91.9800033569336,87.9800033569336,87.9800033569336,56466
2024-12-09,77.23873138427734,91.19999694824219,93.9000015258789,90.97000122070312,91.44000244140625,53122
2024-12-10,76.09539031982422,89.8499984741211,91.88999938964844,89.5,91.19999694824219,45801
2024-12-11,75.75662994384766,89.44999694824219,91.0,88.87999725341797,89.8499984741211,49064
2024-12-12,76.33252716064453,90.12999725341797,90.62999725341797,89.04000091552734,89.44999694824219,62237
2024-12-13,76.52732849121094,90.36000061035156,91.87000274658203,89.62999725341797,90.12999725341797,73817
2024-12-16,77.07781982421875,91.01000213623047,92.41999816894531,89.69000244140625,90.0999984741211,77387
2024-12-17,75.65501403808594,89.33000183105469,91.01000213623047,89.26000213623047,91.01000213623047,74952
2024-12-18,74.78269958496094,88.30000305175781,89.83999633789062,88.0999984741211,89.33999633789062,47902
2024-12-19,74.35074615478516,87.79000091552734,89.94000244140625,87.16000366210938,88.33999633789062,53921
2024-12-20,76.22245025634766,90.0,92.30000305175781,87.79000091552734,87.79000091552734,73930
2024-12-23,79.62704467773438,94.0199966430664,94.63999938964844,90.0,90.9000015258789,84123
2024-12-26,79.33910369873047,93.68000030517578,95.66999816894531,93.5199966430664,94.0199966430664,48288
2024-12-27,79.62704467773438,94.0199966430664,96.19999694824219,93.5,94.62000274658203,50437
2024-12-30,79.69479370117188,94.0999984741211,94.97000122070312,93.69000244140625,94.05000305175781,35055
2025-01-02,78.42234802246094,91.83000183105469,95.0,91.5199966430664,94.0999984741211,39254
2025-01-03,79.60086059570312,93.20999908447266,93.80999755859375,91.5,91.94000244140625,31153
2025-01-06,78.71269989013672,92.16999816894531,93.19999694824219,91.30999755859375,93.19999694824219,43177
2025-01-07,79.16533660888672,92.69999694824219,92.97000122070312,92.25,92.25,27672
2025-01-08,78.31130981445312,91.69999694824219,92.9000015258789,91.5,92.69999694824219,28159
2025-01-09,78.27716064453125,91.66000366210938,92.43000030517578,91.30999755859375,91.80999755859375,24650
2025-01-10,78.73831939697266,92.19999694824219,92.80000305175781,91.5,91.66000366210938,32346
2025-01-13,78.14053344726562,91.5,92.80000305175781,91.12000274658203,92.19999694824219,30098
2025-01-14,77.9270248413086,91.25,91.94000244140625,91.0,91.51000213623047,31198
2025-01-15,78.66148376464844,92.11000061035156,92.43000030517578,91.22000122070312,91.25,35041
2025-01-16,78.92619323730469,92.41999816894531,92.9800033569336,92.11000061035156,92.11000061035156,33774
2025-01-17,77.67938232421875,90.95999908447266,92.19000244140625,89.61000061035156,92.18000030517578,64117
2025-01-20,78.14053344726562,91.5,92.41000366210938,90.69999694824219,90.95999908447266,37861
2025-01-21,77.62813568115234,90.9000015258789,92.1500015258789,90.1500015258789,91.5,37867
2025-01-22,77.71353149414062,91.0,91.87999725341797,90.5999984741211,90.9000015258789,28415
2025-01-23,77.54275512695312,90.80000305175781,91.69999694824219,90.80000305175781,91.0,25306
2025-01-24,77.83309936523438,91.13999938964844,91.66999816894531,90.80000305175781,90.80000305175781,27985
2025-01-27,77.80746459960938,91.11000061035156,91.58999633789062,90.9000015258789,91.0999984741211,35801
2025-01-28,76.85953521728516,90.0,91.5,89.62999725341797,91.11000061035156,52732
2025-01-29,76.09095001220703,89.0999984741211,91.88999938964844,88.9000015258789,90.0,41908
2025-01-30,76.85953521728516,90.0,90.31999969482422,89.11000061035156,89.11000061035156,34341
2025-01-31,77.84162902832031,91.1500015258789,91.55000305175781,90.0999984741211,90.0999984741211,46113
2025-02-03,77.55724334716797,90.0,90.94999694824219,88.5,90.4000015258789,79612
2025-02-04,79.12564086914062,91.81999969482422,92.11000061035156,90.29000091552734,90.4800033569336,77169
2025-02-05,77.50556182861328,89.94000244140625,92.0,89.0999984741211,91.81999969482422,69815
2025-02-06,77.24703216552734,89.63999938964844,91.0,89.37999725341797,90.0999984741211,37986
2025-02-07,78.41901397705078,91.0,91.0,89.30000305175781,89.86000061035156,42713
2025-02-10,77.16946411132812,89.55000305175781,91.69000244140625,89.54000091552734,91.30000305175781,58587
2025-02-11,77.55724334716797,90.0,90.41000366210938,89.68000030517578,89.94999694824219,28323
2025-02-12,77.82438659667969,90.30999755859375,90.83000183105469,90.0,90.1500015258789,30011
2025-02-13,77.69512939453125,90.16000366210938,90.93000030517578,89.66000366210938,90.93000030517578,36257
2025-02-14,77.76408386230469,90.23999786376953,90.58999633789062,89.69999694824219,89.9000015258789,53718
2025-02-17,79.5134048461914,92.2699966430664,92.48999786376953,90.26000213623047,90.26000213623047,34424
2025-02-18,80.297607421875,93.18000030517578,93.69000244140625,92.22000122070312,92.2699966430664,43243
2025-02-19,80.8060302734375,93.7699966430664,94.25,93.01000213623047,93.19999694824219,45490
2025-02-20,81.16797637939453,94.19000244140625,94.25,93.19000244140625,93.7699966430664,29269
2025-02-21,82.95178985595703,96.26000213623047,96.73999786376953,94.4000015258789,94.4000015258789,34565
2025-02-24,82.3140869140625,95.5199966430664,96.56999969482422,95.3499984741211,96.26000213623047,30878
2025-02-25,82.3140869140625,95.5199966430664,95.9000015258789,94.68000030517578,95.30000305175781,38148
2025-02-26,80.40103149414062,93.30000305175781,95.9000015258789,93.22000122070312,95.5199966430664,63281
2025-02-27,80.1941909790039,93.05999755859375,94.98999786376953,92.3499984741211,94.23999786376953,78437
2025-02-28,79.1514892578125,91.8499984741211,93.83999633789062,91.0,93.06999969482422,70659
2025-03-05,79.6471176147461,91.5999984741211,91.66000366210938,89.6500015258789,91.02999877929688,36930
2025-03-06,79.6557846069336,91.61000061035156,92.86000061035156,91.0,92.52999877929688,93236
2025-03-07,79.99491119384766,92.0,92.23999786376953,91.26000213623047,92.19000244140625,47933
2025-03-10,80.15142059326172,92.18000030517578,92.41999816894531,91.38999938964844,91.98999786376953,41964
2025-03-11,80.20359802246094,92.23999786376953,92.80999755859375,92.18000030517578,92.18000030517578,32138
2025-03-12,80.60356903076172,92.69999694824219,93.23999786376953,92.41000366210938,92.41000366210938,25796
2025-03-13,80.68183898925781,92.79000091552734,93.06999969482422,92.51000213623047,92.87999725341797,23759
2025-03-14,80.80355834960938,92.93000030517578,93.69000244140625,92.5,92.79000091552734,32272
2025-03-17,81.73394012451172,94.0,94.0999984741211,92.8499984741211,93.11000061035156,30859
2025-03-18,82.82081604003906,95.25,95.5,94.0,94.08999633789062,32775
2025-03-19,82.80343627929688,95.2300033569336,95.6500015258789,95.0,95.19999694824219,25570
2025-03-20,82.7425537109375,95.16000366210938,95.54000091552734,94.9000015258789,95.2300033569336,31078
2025-03-21,81.90782928466797,94.19999694824219,95.51000213623047,94.19999694824219,95.19999694824219,39486
2025-03-24,81.9426040649414,94.23999786376953,95.0,94.11000061035156,94.95999908447266,39767
2025-03-25,82.16868591308594,94.5,95.1500015258789,94.26000213623047,94.5,30743
2025-03-26,82.44694519042969,94.81999969482422,94.9000015258789,94.1500015258789,94.62999725341797,31407
2025-03-27,83.2990493774414,95.80000305175781,96.58000183105469,94.56999969482422,94.56999969482422,42692
2025-03-28,84.4120101928711,97.08000183105469,97.4800033569336,95.18000030517578,96.0,33926
2025-03-31,85.0380859375,97.80000305175781,98.0,97.08000183105469,97.0999984741211,38323
2025-04-01,84.924072265625,96.8499984741211,97.9000015258789,96.0,97.87000274658203,27818
2025-04-02,84.3628921508789,96.20999908447266,96.93000030517578,95.77999877929688,96.8499984741211,27107
2025-04-03,84.3541259765625,96.19999694824219,96.20999908447266,95.54000091552734,96.20999908447266,24505
2025-04-04,83.12650299072266,94.80000305175781,96.7300033569336,93.86000061035156,96.7300033569336,44418
2025-04-07,82.99497985839844,94.6500015258789,94.80000305175781,92.05999755859375,94.38999938964844,39737
2025-04-08,82.2496566772461,93.80000305175781,95.87999725341797,93.0,94.6500015258789,35922
2025-04-09,82.205810546875,93.75,94.93000030517578,92.68000030517578,93.80000305175781,32361
2025-04-10,82.13565826416016,93.66999816894531,94.95999908447266,93.26000213623047,94.69000244140625,22315
2025-04-11,82.38117980957031,93.94999694824219,94.3499984741211,93.16000366210938,93.66999816894531,28915
2025-04-14,82.98621368408203,94.63999938964844,94.95999908447266,94.0999984741211,94.0999984741211,29106
2025-04-15,84.16121673583984,95.9800033569336,96.12000274658203,94.30000305175781,94.63999938964844,26917
2025-04-16,85.08192443847656,97.02999877929688,97.20999908447266,95.97000122070312,95.9800033569336,23049
2025-04-17,85.64308166503906,97.66999816894531,97.80000305175781,96.80999755859375,97.02999877929688,22376
2025-04-22,87.24774932861328,99.5,99.5,97.66999816894531,97.69000244140625,33455
2025-04-23,87.24774932861328,99.5,100.30000305175781,99.5,99.51000213623047,27979
2025-04-24,87.19514465332031,99.44000244140625,100.16999816894531,98.73999786376953,100.1500015258789,22670
2025-04-25,90.27294158935547,102.94999694824219,102.94999694824219,99.12999725341797,99.44000244140625,43363
2025-04-28,90.05370330810547,102.69999694824219,102.9000015258789,101.5,102.81999969482422,31042
2025-04-29,89.52759552001953,102.0999984741211,102.69999694824219,101.5999984741211,102.61000061035156,25348
2025-04-30,88.7384262084961,101.19999694824219,102.33999633789062,99.98999786376953,102.0999984741211,35837
2025-05-02,88.51741027832031,100.12999725341797,101.22000122070312,99.83000183105469,100.38999938964844,39349
2025-05-05,87.2974853515625,98.75,100.25,98.62999725341797,100.19999694824219,35245
2025-05-06,86.19243621826172,97.5,98.80000305175781,97.44999694824219,98.75,33519
2025-05-07,85.70621490478516,96.94999694824219,97.97000122070312,96.47000122070312,97.73999786376953,38035
2025-05-08,85.69737243652344,96.94000244140625,96.94999694824219,96.25,96.94000244140625,25259
2025-05-09,87.45659637451172,98.93000030517578,99.0,96.72000122070312,96.97000122070312,28413
2025-05-12,86.32504272460938,97.6500015258789,98.98999786376953,97.08999633789062,98.93000030517578,53377
2025-05-13,86.32504272460938,97.6500015258789,97.69999694824219,96.81999969482422,97.69999694824219,32264
2025-05-14,85.75041961669922,97.0,97.83999633789062,96.98999786376953,97.6500015258789,35260
2025-05-15,86.6697998046875,98.04000091552734,98.23999786376953,97.2699966430664,97.30000305175781,33573
2025-05-16,87.15601348876953,98.58999633789062,98.75,98.19999694824219,98.19999694824219,27028
2025-05-19,87.37702178955078,98.83999633789062,99.47000122070312,98.27999877929688,98.54000091552734,38556
2025-05-20,87.51847839355469,99.0,99.4800033569336,98.80000305175781,98.83999633789062,32110
2025-05-21,87.77484893798828,99.29000091552734,100.31999969482422,98.5,99.44000244140625,30693
2025-05-22,88.3936538696289,99.98999786376953,99.98999786376953,98.62000274658203,99.29000091552734,27754
2025-05-23,88.41132354736328,100.01000213623047,100.94999694824219,98.80000305175781,100.0,30267
2025-05-26,88.37596893310547,99.97000122070312,100.80000305175781,99.5,100.0199966430664,24152
2025-05-27,88.3936538696289,99.98999786376953,100.58999633789062,99.0,100.23999786376953,31023
2025-05-28,88.13728332519531,99.69999694824219,100.5199966430664,99.69999694824219,99.69999694824219,22347
2025-05-29,88.93292999267578,100.5999984741211,100.5999984741211,99.69999694824219,100.0,24962
2025-05-30,89.86113739013672,101.6500015258789,101.79000091552734,100.30999755859375,100.5199966430664,27742
2025-06-02,88.5154037475586,99.31999969482422,101.26000213623047,99.19999694824219,100.83000183105469,44590
2025-06-03,88.68473815917969,99.51000213623047,100.47000122070312,98.66000366210938,99.4000015258789,38583
2025-06-04,88.64016723632812,99.45999908447266,100.0199966430664,99.02999877929688,99.76000213623047,32903
2025-06-05,88.2391357421875,99.01000213623047,99.45999908447266,97.38999938964844,99.45999908447266,30343
2025-06-06,88.06089782714844,98.80999755859375,99.27999877929688,98.5,99.01000213623047,24662
2025-06-09,87.06272888183594,97.69000244140625,99.19999694824219,97.62000274658203,98.80999755859375,30706
2025-06-10,86.71516418457031,97.30000305175781,98.0999984741211,96.62000274658203,98.0999984741211,37534
2025-06-11,87.27660369873047,97.93000030517578,98.1500015258789,96.68000030517578,98.1500015258789,28450
2025-06-12,86.74189758300781,97.33000183105469,97.93000030517578,96.66000366210938,97.01000213623047,26523
2025-06-13,87.82026672363281,98.54000091552734,98.80999755859375,96.68000030517578,97.33000183105469,34949
2025-06-16,87.73112487792969,98.44000244140625,99.19999694824219,98.08000183105469,98.54000091552734,37300
2025-06-17,87.0716323852539,97.69999694824219,99.16999816894531,97.5,98.5199966430664,33298
2025-06-18,87.42813110351562,98.0999984741211,98.55999755859375,97.69999694824219,98.0999984741211,30230
2025-06-20,86.72406005859375,97.30999755859375,98.5,97.01000213623047,98.08000183105469,31841
2025-06-23,87.15184783935547,97.79000091552734,97.91999816894531,96.77999877929688,97.12999725341797,36662
2025-06-24,87.30335235595703,97.95999908447266,98.5,97.30999755859375,97.88999938964844,25506
2025-06-25,87.72224426269531,98.43000030517578,98.73999786376953,97.62000274658203,97.95999908447266,20979
2025-06-26,88.85404968261719,99.69999694824219,99.87000274658203,98.0,98.0199966430664,26819
2025-06-27,89.12142944335938,100.0,100.0,98.36000061035156,99.69999694824219,29148
2025-06-30,88.66690826416016,99.48999786376953,100.4000015258789,98.41999816894531,99.98999786376953,55548
2025-07-01,88.99939727783203,99.04000091552734,100.0,97.05999755859375,98.6500015258789,62384
2025-07-02,89.05330657958984,99.0999984741211,100.4000015258789,98.48999786376953,99.04000091552734,39378
2025-07-03,89.56552124023438,99.66999816894531,99.66999816894531,98.63999938964844,98.98999786376953,27501
2025-07-04,90.32935333251953,100.5199966430664,100.58999633789062,99.83000183105469,99.83000183105469,29336
2025-07-07,90.17659759521484,100.3499984741211,100.5999984741211,99.9000015258789,100.0,36451
2025-07-08,90.05976867675781,100.22000122070312,100.48999786376953,99.80000305175781,100.3499984741211,18431
2025-07-09,89.9339828491211,100.08000183105469,100.30000305175781,100.0,100.22000122070312,17059
2025-07-10,89.9339828491211,100.08000183105469,100.0999984741211,99.5,99.8499984741211,19414
2025-07-11,89.9878921508789,100.13999938964844,100.5,99.75,99.77999877929688,17424
2025-07-14,89.4397201538086,99.52999877929688,100.48999786376953,99.19999694824219,100.1500015258789,36119
2025-07-15,89.4397201538086,99.52999877929688,99.9000015258789,99.0,99.5999984741211,30398
2025-07-16,89.72728729248047,99.8499984741211,99.97000122070312,99.0999984741211,99.52999877929688,25757
2025-07-17,89.66438293457031,99.77999877929688,99.97000122070312,99.41000366210938,99.8499984741211,19309
2025-07-18,89.6733627319336,99.79000091552734,99.95999908447266,99.19999694824219,99.77999877929688,18521
2025-07-21,88.52313232421875,98.51000213623047,99.69999694824219,98.5,99.62000274658203,36554
2025-07-22,88.78372192382812,98.80000305175781,99.22000122070312,98.0199966430664,99.13999938964844,26032
2025-07-23,88.0738296508789,98.01000213623047,98.69999694824219,97.9000015258789,98.69999694824219,26370
2025-07-24,88.17266845703125,98.12000274658203,98.58000183105469,97.56999969482422,98.19999694824219,27834
2025-07-25,88.96345520019531,99.0,99.0,98.12999725341797,98.38999938964844,20919
2025-07-28,88.26252746582031,98.22000122070312,98.98999786376953,97.5,98.98999786376953,29267
2025-07-29,87.79523468017578,97.69999694824219,98.37000274658203,97.26000213623047,98.22000122070312,27006
2025-07-30,87.09432220458984,96.91999816894531,97.69000244140625,96.69000244140625,97.69000244140625,27675
2025-07-31,88.9365005493164,98.97000122070312,99.0,97.12999725341797,97.12999725341797,27378
2025-08-01,88.392822265625,97.55000305175781,98.94999694824219,97.19000244140625,98.94999694824219,39285
2025-08-04,86.35403442382812,95.30000305175781,97.80000305175781,95.05999755859375,97.80000305175781,85927
2025-08-05,86.35403442382812,95.30000305175781,96.16000366210938,95.12999725341797,95.61000061035156,32627
2025-08-06,86.51713562011719,95.4800033569336,95.98999786376953,95.30999755859375,95.5199966430664,28784
2025-08-07,86.5352554321289,95.5,96.58999633789062,95.31999969482422,95.33999633789062,27508
2025-08-08,87.26016235351562,96.30000305175781,96.69000244140625,95.61000061035156,95.61000061035156,21875
2025-08-11,87.27825927734375,96.31999969482422,96.93000030517578,96.05999755859375,96.30000305175781,19439
2025-08-12,87.55012512207031,96.62000274658203,97.1500015258789,96.11000061035156,96.4000015258789,21856
2025-08-13,88.392822265625,97.55000305175781,97.5999984741211,96.55000305175781,96.62000274658203,24827
2025-08-14,88.52873229980469,97.69999694824219,98.5,97.27999877929688,97.55000305175781,22193
2025-08-15,87.8128890991211,96.91000366210938,98.30000305175781,96.02999877929688,97.69999694824219,39798
2025-08-18,87.89444732666016,97.0,97.88999938964844,96.52999877929688,97.19999694824219,29924
2025-08-19,88.03943634033203,97.16000366210938,97.6500015258789,96.68000030517578,97.62999725341797,26356
2025-08-20,88.03943634033203,97.16000366210938,97.86000061035156,96.80000305175781,97.79000091552734,19933
2025-08-21,88.782470703125,97.9800033569336,98.0,96.79000091552734,96.80000305175781,23302
2025-08-22,88.61030578613281,97.79000091552734,98.16999816894531,97.3499984741211,97.9800033569336,29503
2025-08-25,88.43812561035156,97.5999984741211,98.0,97.5999984741211,97.83999633789062,31345
2025-08-26,89.25363159179688,98.5,98.5,97.5999984741211,97.6500015258789,20558
2025-08-27,89.41674041748047,98.68000030517578,98.88999938964844,97.88999938964844,98.61000061035156,24502
2025-08-28,88.94556427001953,98.16000366210938,99.20999908447266,98.04000091552734,98.75,27379
2025-08-29,89.97854614257812,99.30000305175781,99.98999786376953,98.70999908447266,98.75,34875
2025-09-01,89.99681091308594,98.5,99.05999755859375,97.55999755859375,98.4800033569336,47544
2025-09-02,88.76334381103516,97.1500015258789,98.5,96.69000244140625,98.4800033569336,48310
2025-09-03,88.76334381103516,97.1500015258789,97.37000274658203,96.8499984741211,97.20999908447266,28340
2025-09-04,88.74507904052734,97.12999725341797,97.4800033569336,97.12000274658203,97.16999816894531,22124
2025-09-05,89.21105194091797,97.63999938964844,97.94999694824219,97.08000183105469,97.0999984741211,44838
2025-09-08,89.00091552734375,97.41000366210938,98.4000015258789,97.38999938964844,97.66000366210938,40001
2025-09-09,89.17449951171875,97.5999984741211,97.9000015258789,97.33000183105469,97.9000015258789,28521
2025-09-10,89.40291595458984,97.8499984741211,98.13999938964844,97.5999984741211,97.80000305175781,27797
2025-09-11,89.5582504272461,98.0199966430664,98.5,97.80000305175781,97.8499984741211,21967
2025-09-12,90.14300537109375,98.66000366210938,98.88999938964844,98.0199966430664,98.1500015258789,41283
2025-09-15,91.63228607177734,100.29000091552734,100.5,98.8499984741211,98.8499984741211,45098
2025-09-16,91.99776458740234,100.69000244140625,100.91999816894531,100.02999877929688,100.38999938964844,28552
2025-09-17,92.18962860107422,100.9000015258789,101.48999786376953,100.51000213623047,100.79000091552734,27963
2025-09-18,91.95208740234375,100.63999938964844,101.0,100.5199966430664,100.9000015258789,24895
2025-09-19,92.66474151611328,101.41999816894531,101.41999816894531,100.44000244140625,100.63999938964844,50529
2025-09-22,92.28101348876953,101.0,101.48999786376953,100.19999694824219,101.48999786376953,35811
2025-09-23,92.32669067382812,101.05000305175781,101.30000305175781,100.58000183105469,101.0,28171
2025-09-24,92.2079086303711,100.91999816894531,101.38999938964844,100.4000015258789,100.58000183105469,32190
2025-09-25,92.05257415771484,100.75,101.2300033569336,100.4000015258789,101.01000213623047,35570
2025-09-26,92.09828186035156,100.80000305175781,101.22000122070312,100.5199966430664,101.0999984741211,39979
2025-09-29,92.34495544433594,101.06999969482422,101.12000274658203,100.5199966430664,100.9800033569336,68412
2025-09-30,92.33580780029297,101.05999755859375,101.19999694824219,100.88999938964844,101.06999969482422,46135
2025-10-01,92.54769897460938,100.47000122070312,100.94999694824219,100.0,100.16000366210938,42304
2025-10-02,91.98578643798828,99.86000061035156,100.7699966430664,99.7699966430664,100.51000213623047,34711
2025-10-03,92.41871643066406,100.33000183105469,100.3499984741211,99.58999633789062,99.6500015258789,29612
2025-10-06,91.97657775878906,99.8499984741211,100.5,99.77999877929688,100.33000183105469,33259
2025-10-07,92.27133178710938,100.16999816894531,100.3499984741211,99.5999984741211,100.19999694824219,29266
2025-10-08,91.83839416503906,99.69999694824219,100.16999816894531,99.69999694824219,99.87999725341797,28122
2025-10-09,92.29898071289062,100.19999694824219,100.19999694824219,99.55999755859375,99.94000244140625,23543
2025-10-10,92.91614532470703,100.87000274658203,100.97000122070312,99.9000015258789,100.19999694824219,32070
2025-10-13,92.34503173828125,100.25,101.44999694824219,100.25,100.87000274658203,28526
2025-10-14,93.08195495605469,101.05000305175781,101.19999694824219,100.23999786376953,100.30000305175781,31629
2025-10-15,92.79640197753906,100.73999786376953,101.19999694824219,100.30000305175781,101.05000305175781,26887
2025-10-16,93.10037231445312,101.06999969482422,101.16999816894531,100.33999633789062,100.73999786376953,28231
2025-10-17,93.64385986328125,101.66000366210938,101.98999786376953,100.6500015258789,101.0,33085
2025-10-20,93.08195495605469,101.05000305175781,101.98999786376953,101.0199966430664,101.98999786376953,28592
2025-10-21,93.15563201904297,101.12999725341797,101.44999694824219,100.91000366210938,101.05000305175781,26901
2025-10-22,93.38592529296875,101.37999725341797,101.5,101.0,101.12999725341797,23443
2025-10-23,93.49646759033203,101.5,101.79000091552734,101.27999877929688,101.5,19549
2025-10-24,93.5609359741211,101.56999969482422,101.80000305175781,101.19999694824219,101.5999984741211,26285
2025-10-27,93.31224060058594,101.30000305175781,101.80000305175781,101.30000305175781,101.58000183105469,52672
2025-10-28,93.35828399658203,101.3499984741211,101.80000305175781,101.16999816894531,101.37999725341797,32249
2025-10-29,92.85166931152344,100.80000305175781,101.80000305175781,100.58999633789062,101.55000305175781,29578
2025-10-30,92.93456268310547,100.88999938964844,101.30999755859375,100.0,100.93000030517578,25051
2025-10-31,93.855712890625,101.88999938964844,102.0,101.30000305175781,101.76000213623047,27964
2025-11-03,93.21495819091797,100.37999725341797,101.75,99.80000305175781,101.75,43806
2025-11-04,93.14996337890625,100.30999755859375,100.69999694824219,100.1500015258789,100.37999725341797,26363
2025-11-05,92.75994110107422,99.88999938964844,100.7699966430664,99.80999755859375,100.30999755859375,32174
2025-11-06,93.3635482788086,100.54000091552734,100.79000091552734,99.91999816894531,100.0999984741211,26643
2025-11-07,93.7535629272461,100.95999908447266,101.1500015258789,100.44999694824219,101.06999969482422,31348
2025-11-10,93.79999542236328,101.01000213623047,101.12000274658203,100.55000305175781,100.55999755859375,31173
2025-11-11,93.41925048828125,100.5999984741211,101.61000061035156,100.5,101.01000213623047,28047
2025-11-12,93.99500274658203,101.22000122070312,101.5999984741211,100.66000366210938,101.0,31570
2025-11-13,93.88357543945312,101.0999984741211,101.86000061035156,101.0999984741211,101.33000183105469,27882
2025-11-14,95.18363952636719,102.5,102.62000274658203,101.0999984741211,101.19999694824219,32701
2025-11-17,94.9979248046875,102.30000305175781,102.83000183105469,102.08000183105469,102.5,37431
2025-11-18,95.25791931152344,102.58000183105469,102.72000122070312,102.30000305175781,102.30000305175781,19118
2025-11-19,95.62937927246094,102.9800033569336,103.19999694824219,102.5,102.58000183105469,32499
2025-11-21,96.6787109375,104.11000061035156,104.16000366210938,102.83999633789062,102.9800033569336,29004
2025-11-24,95.76866912841797,103.12999725341797,104.16999816894531,103.04000091552734,104.11000061035156,38950
2025-11-25,96.32584381103516,103.7300033569336,103.80000305175781,102.80000305175781,103.12999725341797,31853
2025-11-26,95.7872543334961,103.1500015258789,103.80999755859375,103.1500015258789,103.7300033569336,29844
2025-11-27,96.69728088378906,104.12999725341797,104.3499984741211,103.23999786376953,103.23999786376953,36711
2025-11-28,97.00373840332031,104.45999908447266,104.58000183105469,103.69999694824219,104.30000305175781,56204
2025-12-01,96.8446044921875,103.47000122070312,104.0,102.95999908447266,103.75,40348
2025-12-02,97.00373840332031,103.63999938964844,103.91999816894531,103.47000122070312,103.91999816894531,31177
2025-12-03,97.04116821289062,103.68000030517578,103.80999755859375,103.33999633789062,103.63999938964844,24975
2025-12-04,97.05989074707031,103.69999694824219,104.0,103.4000015258789,103.69999694824219,25747
2025-12-05,97.17221069335938,103.81999969482422,104.22000122070312,103.4800033569336,103.94000244140625,39391
2025-12-08,96.60127258300781,103.20999908447266,104.47000122070312,103.20999908447266,104.19999694824219,29599
2025-12-09,96.69487762451172,103.30999755859375,103.83999633789062,102.88999938964844,103.41000366210938,29480
2025-12-10,96.91949462890625,103.55000305175781,104.0,103.0,104.0,26329
2025-12-11,96.40472412109375,103.0,103.83999633789062,103.0,103.55000305175781,28051
2025-12-12,96.5263900756836,103.12999725341797,103.80000305175781,102.86000061035156,103.62000274658203,55930
2025-12-15,96.21752166748047,102.80000305175781,103.75,102.80000305175781,103.72000122070312,63036
2025-12-16,96.29241180419922,102.87999725341797,103.1500015258789,102.27999877929688,102.80000305175781,38646
2025-12-17,96.5263900756836,103.12999725341797,103.62999725341797,102.38999938964844,102.81999969482422,37391
2025-12-18,97.3406753540039,104.0,104.93000030517578,102.81999969482422,103.58000183105469,57246
2025-12-19,98.19241333007812,104.91000366210938,104.91000366210938,103.66999816894531,104.5,63118
2025-12-22,98.21113586425781,104.93000030517578,104.93000030517578,104.1500015258789,104.38999938964844,48009
2025-12-23,98.44511413574219,105.18000030517578,105.5,104.69999694824219,105.0,29616
2025-12-26,98.69783782958984,105.44999694824219,106.76000213623047,105.19000244140625,105.38999938964844,48450
2025-12-29,99.10029602050781,105.87999725341797,106.02999877929688,105.22000122070312,105.9000015258789,32952
2025-12-30,99.04413604736328,105.81999969482422,106.0199966430664,105.18000030517578,105.87999725341797,49384
2026-01-02,98.780029296875,104.72000122070312,105.94999694824219,104.72000122070312,105.8499984741211,37878
2026-01-05,98.24236297607422,104.1500015258789,105.05000305175781,104.0999984741211,104.80000305175781,50917
2026-01-06,98.1951904296875,104.0999984741211,104.66000366210938,103.88999938964844,104.23999786376953,43051
2026-01-07,97.99710845947266,103.88999938964844,104.6500015258789,103.55000305175781,104.6500015258789,36444
2026-01-08,97.87447357177734,103.76000213623047,104.43000030517578,103.7300033569336,104.19000244140625,42121
2026-01-09,97.81788635253906,103.69999694824219,104.16999816894531,103.69999694824219,104.16999816894531,36229
2026-01-12,97.81788635253906,103.69999694824219,104.0999984741211,103.44999694824219,103.7300033569336,114159
2026-01-13,97.84618377685547,103.7300033569336,103.88999938964844,103.47000122070312,103.69999694824219,55423
2026-01-14,97.95938110351562,103.8499984741211,104.0,103.5,103.72000122070312,41794
2026-01-15,97.58206176757812,103.44999694824219,104.0,102.91000366210938,104.0,73820
2026-01-16,97.4405746459961,103.30000305175781,103.62999725341797,103.0,103.45999908447266,53068
2026-01-19,97.41228485107422,103.2699966430664,103.5,102.69999694824219,103.30000305175781,39700
2026-01-20,97.31794738769531,103.16999816894531,103.27999877929688,102.75,103.2300033569336,38887
2026-01-21,96.72367095947266,102.54000091552734,103.26000213623047,102.52999877929688,103.16999816894531,75642
2026-01-22,96.45013427734375,102.25,103.16000366210938,102.25,102.68000030517578,56285
2026-01-23,96.73311614990234,102.55000305175781,103.30000305175781,102.55000305175781,102.86000061035156,80853
2026-01-26,96.87460327148438,102.69999694824219,103.04000091552734,102.55000305175781,102.75,59678
2026-01-27,96.66707611083984,102.4800033569336,102.95999908447266,102.44000244140625,102.72000122070312,104727
2026-01-28,96.96893310546875,102.80000305175781,102.87999725341797,102.48999786376953,102.87999725341797,74283
2026-01-29,96.87460327148438,102.69999694824219,102.94999694824219,102.45999908447266,102.9000015258789,56142
2026-01-30,98.0914306640625,103.98999786376953,104.0,102.81999969482422,102.94999694824219,51042
2026-02-02,98.31011962890625,103.4000015258789,103.75,103.0999984741211,103.75,49869
2026-02-03,98.12947082519531,103.20999908447266,103.98999786376953,102.79000091552734,103.5,77853
2026-02-04,98.24356842041016,103.33000183105469,103.4800033569336,103.08000183105469,103.20999908447266,29776
2026-02-05,98.22454833984375,103.30999755859375,103.48999786376953,102.76000213623047,103.33999633789062,39551
2026-02-06,98.11994934082031,103.19999694824219,103.33000183105469,102.48999786376953,103.30999755859375,61975
2026-02-09,97.8252182006836,102.88999938964844,103.19999694824219,102.30000305175781,103.19999694824219,43782
2026-02-10,96.998046875,102.0199966430664,102.94999694824219,100.9000015258789,102.88999938964844,44461
2026-02-11,97.53997802734375,102.58999633789062,102.83999633789062,102.0,102.0,37453
2026-02-12,97.0645980834961,102.08999633789062,102.98999786376953,102.08999633789062,102.98999786376953,43205
2026-02-13,97.15016174316406,102.18000030517578,102.94999694824219,101.56999969482422,102.12999725341797,84659
2026-02-18,97.16917419433594,102.19999694824219,102.48999786376953,102.19999694824219,102.27999877929688,36784
2026-02-19,96.87444305419922,101.88999938964844,102.75,101.88999938964844,102.23999786376953,88274
2026-02-20,97.15016174316406,102.18000030517578,102.41000366210938,101.9000015258789,102.13999938964844,62069
2026-02-23,96.83641815185547,101.8499984741211,102.5,101.8499984741211,102.33000183105469,79804
2026-02-24,96.97903442382812,102.0,102.16000366210938,101.5999984741211,102.0,91316
2026-02-25,96.97903442382812,102.0,102.16000366210938,101.9000015258789,102.0,46985
2026-02-26,97.04557800292969,102.06999969482422,102.08999633789062,101.91000366210938,102.02999877929688,53948
2026-02-27,98.04390716552734,103.12000274658203,103.12999725341797,101.94999694824219,102.06999969482422,69366
2026-03-02,97.77555084228516,102.0199966430664,102.58000183105469,102.0199966430664,102.55000305175781,79135
2026-03-03,97.30593872070312,101.52999877929688,102.44999694824219,101.26000213623047,102.30000305175781,73354
2026-03-04,97.63179016113281,101.87000274658203,102.5,101.31999969482422,101.98999786376953,44398
2026-03-05,97.9576416015625,102.20999908447266,102.73999786376953,102.0,102.0,36190
2026-03-06,98.5039291381836,102.77999877929688,103.0,102.20999908447266,102.20999908447266,53448
2026-03-09,97.9576416015625,102.20999908447266,102.98999786376953,101.83000183105469,102.8499984741211,48202
2026-03-10,97.900146484375,102.1500015258789,102.83999633789062,102.0,102.26000213623047,41281
2026-03-11,97.88097381591797,102.12999725341797,102.43000030517578,101.66000366210938,102.38999938964844,32128
2026-03-12,97.68929290771484,101.93000030517578,102.37999725341797,101.76000213623047,102.25,32687
2026-03-13,97.7851333618164,102.02999877929688,102.06999969482422,101.8499984741211,101.95999908447266,46571
2026-03-16,97.44010925292969,101.66999816894531,102.30000305175781,101.51000213623047,102.19999694824219,48467
2026-03-17,97.47844696044922,101.70999908447266,102.3499984741211,101.66999816894531,102.3499984741211,61069
2026-03-18,97.43052673339844,101.66000366210938,102.05000305175781,101.6500015258789,102.0,34599
2026-03-19,97.18134307861328,101.4000015258789,101.69999694824219,101.05000305175781,101.63999938964844,39655
2026-03-20,97.51678466796875,101.75,102.18000030517578,100.94999694824219,102.0999984741211,70350
2026-03-23,96.7213134765625,100.91999816894531,101.69999694824219,100.91999816894531,101.26000213623047,73515
2026-03-24,96.93216705322266,101.13999938964844,101.5,100.80000305175781,101.0,36158
2026-03-25,96.79798889160156,101.0,101.5999984741211,100.79000091552734,101.5,50971
2026-03-26,96.76923370361328,100.97000122070312,101.26000213623047,100.7699966430664,101.18000030517578,41907
2026-03-27,96.79798889160156,101.0,101.0,100.2699966430664,101.0,53621
2026-03-30,96.93216705322266,101.13999938964844,101.13999938964844,100.72000122070312,101.0,42026
2026-03-31,96.40503692626953,100.58999633789062,101.3499984741211,100.05000305175781,101.29000091552734,101774
2026-04-01,96.74324035644531,100.12000274658203,100.75,99.77999877929688,99.77999877929688,46824
2026-04-02,97.19738006591797,100.58999633789062,100.72000122070312,99.94000244140625,100.45999908447266,45578
2026-04-06,96.71424102783203,100.08999633789062,100.94000244140625,99.9000015258789,100.94000244140625,55178
2026-04-07,96.54998016357422,99.91999816894531,100.27999877929688,99.5999984741211,100.19999694824219,53663
2026-04-08,96.67560577392578,100.05000305175781,100.20999908447266,99.83999633789062,100.0,59252
2026-04-09,96.63694763183594,100.01000213623047,100.43000030517578,99.75,100.05000305175781,42165
2026-04-10,96.66593170166016,100.04000091552734,100.26000213623047,99.8499984741211,100.25,67238
2026-04-13,96.43402099609375,99.80000305175781,100.20999908447266,99.80000305175781,100.04000091552734,63751
2026-04-14,96.62728881835938,100.0,100.18000030517578,99.81999969482422,100.13999938964844,42689
2026-04-15,97.05245208740234,100.44000244140625,100.79000091552734,100.0999984741211,100.38999938964844,57737
2026-04-16,97.11042022705078,100.5,101.08000183105469,100.20999908447266,100.79000091552734,55859
2026-04-17,98.25061798095703,101.68000030517578,101.80999755859375,100.5,100.5,92448
2026-04-20,98.27960968017578,101.70999908447266,101.98999786376953,101.5199966430664,101.68000030517578,97297
2026-04-22,98.01871490478516,101.44000244140625,101.94999694824219,101.16999816894531,101.94999694824219,79149
2026-04-23,97.59355926513672,101.0,101.5,100.9000015258789,101.44999694824219,48038
2026-04-24,97.690185546875,101.0999984741211,101.30000305175781,100.94999694824219,101.0,253339
2026-04-27,97.48727416992188,100.88999938964844,101.5,100.76000213623047,101.0999984741211,81703
2026-04-28,97.53558349609375,100.94000244140625,101.12999725341797,100.47000122070312,101.05000305175781,55947
2026-04-29,97.24569702148438,100.63999938964844,100.94000244140625,100.58999633789062,100.94000244140625,47496
2026-04-30,97.35198211669922,100.75,100.79000091552734,100.61000061035156,100.69999694824219,67869
2026-05-04,97.50785827636719,100.08999633789062,100.76000213623047,99.61000061035156,100.76000213623047,73876
2026-05-05,97.23507690429688,99.80999755859375,100.20999908447266,99.69999694824219,100.0999984741211,62714
2026-05-06,97.50785827636719,100.08999633789062,100.18000030517578,99.70999908447266,99.91999816894531,60463
2026-05-07,97.34224700927734,99.91999816894531,100.30000305175781,99.69999694824219,100.12000274658203,133660
2026-05-08,97.39095306396484,99.97000122070312,100.05000305175781,99.73999786376953,99.91999816894531,76911
2026-05-11,96.70901489257812,99.2699966430664,100.0999984741211,99.13999938964844,100.0,62395
2026-05-12,96.621337890625,99.18000030517578,99.62999725341797,98.98999786376953,99.30000305175781,61770
2026-05-13,96.25115203857422,98.80000305175781,99.69999694824219,98.69999694824219,99.4800033569336,52666
2026-05-14,96.59211730957031,99.1500015258789,99.63999938964844,98.83999633789062,98.91000366210938,65515
2026-05-15,96.64081573486328,99.19999694824219,99.47000122070312,98.94999694824219,99.37999725341797,65111
2026-05-18,96.16345977783203,98.70999908447266,99.69999694824219,98.62999725341797,99.62000274658203,63624
2026-05-19,95.69585418701172,98.2300033569336,99.0,98.0999984741211,99.0,46526
2026-05-20,95.48152923583984,98.01000213623047,98.5,97.83999633789062,98.25,70352
2026-05-21,94.97492980957031,97.48999786376953,98.08000183105469,97.4800033569336,98.0,55466
2026-05-22,94.95545196533203,97.47000122070312,97.6500015258789,97.4000015258789,97.62999725341797,56928
2026-05-25,95.08209228515625,97.5999984741211,97.63999938964844,97.47000122070312,97.5,91559
2026-05-26,94.78984069824219,97.30000305175781,97.61000061035156,97.16999816894531,97.5999984741211,59340
2026-05-27,94.66319274902344,97.16999816894531,97.6500015258789,96.80000305175781,97.4800033569336,80760
2026-05-28,94.30274200439453,96.80000305175781,97.0199966430664,96.7699966430664,97.0,69142
2026-05-29,94.4975814819336,97.0,97.4000015258789,96.80999755859375,96.9000015258789,103275
2026-06-01,94.22247314453125,95.9000015258789,96.9000015258789,95.44000244140625,96.69999694824219,107857
2026-06-02,93.1417236328125,94.80000305175781,96.27999877929688,94.80000305175781,96.27999877929688,88075
2026-06-03,92.22798919677734,93.87000274658203,95.29000091552734,93.58999633789062,95.0,105088
2026-06-05,92.63081359863281,94.27999877929688,94.9000015258789,92.9000015258789,93.7699966430664,121901
2026-06-08,91.91358184814453,93.55000305175781,94.8499984741211,93.30000305175781,94.76000213623047,88339
2026-06-09,91.91358184814453,93.55000305175781,93.91999816894531,93.4000015258789,93.75,70841
2026-06-10,89.80119323730469,91.4000015258789,94.0,91.0999984741211,94.0,162482
2026-06-11,90.44964599609375,92.05999755859375,92.19999694824219,91.61000061035156,91.61000061035156,81603
2026-06-12,90.58719635009766,92.19999694824219,92.75,91.93000030517578,92.55000305175781,101576
2026-06-15,91.3240737915039,92.94999694824219,93.18000030517578,92.4000015258789,93.0,105321
2026-06-16,90.98019409179688,92.5999984741211,93.0999984741211,92.52999877929688,93.0,77477
2026-06-17,90.17454528808594,91.77999877929688,92.98999786376953,91.5999984741211,92.98999786376953,95626
2026-06-18,89.89944458007812,91.5,92.4800033569336,91.3499984741211,92.23999786376953,91624
2026-06-19,87.49230194091797,89.05000305175781,92.80000305175781,89.05000305175781,92.01000213623047,536923
2026-06-22,88.61236572265625,90.19000244140625,90.36000061035156,89.05000305175781,90.23999786376953,151615
2026-06-23,88.57305908203125,90.1500015258789,90.31999969482422,89.79000091552734,90.27999877929688,85160
2026-06-24,88.64183807373047,90.22000122070312,90.37999725341797,90.0,90.19999694824219,68922
2026-06-25,89.1036148071289,90.69000244140625,90.94999694824219,89.98999786376953,90.6500015258789,90879
2026-06-26,90.33174896240234,91.94000244140625,92.2300033569336,90.7300033569336,90.97000122070312,79864
2026-06-29,90.39069366455078,92.0,92.98999786376953,91.9000015258789,92.86000061035156,66896
2026-06-30,92.1493911743164,93.79000091552734,93.79000091552734,92.51000213623047,92.54000091552734,112847
2026-07-01,91.62406158447266,92.44000244140625,93.6500015258789,92.05999755859375,93.13999938964844,140416
2026-07-02,91.61415100097656,92.43000030517578,92.61000061035156,92.33000183105469,92.44000244140625,57155
2026-07-03,91.50511932373047,92.31999969482422,92.44999694824219,92.12000274658203,92.44999694824219,63648
2026-07-06,91.50511932373047,92.31999969482422,92.69999694824219,92.05999755859375,92.63999938964844,65229
2026-07-07,91.14830017089844,91.95999908447266,93.2300033569336,91.12999725341797,92.4000015258789,289850
2026-07-08,90.38510131835938,91.19000244140625,92.19999694824219,90.66999816894531,92.19999694824219,71793
2026-07-09,90.95006561279297,91.76000213623047,91.76000213623047,90.47000122070312,90.80999755859375,62635
2026-07-10,90.7419204711914,91.55000305175781,92.0,91.25,91.98999786376953,89582
2026-07-13,89.3840103149414,90.18000030517578,91.94999694824219,90.18000030517578,91.88999938964844,86419
2026-07-14,89.4038314819336,90.19999694824219,91.0,89.5,90.9800033569336,164073
2026-07-15,90.89059448242188,91.69999694824219,92.0,90.27999877929688,90.69000244140625,97458
2026-07-16,90.58332824707031,91.38999938964844,91.69999694824219,91.1500015258789,91.66999816894531,67203
2026-07-17,90.47429656982422,91.27999877929688,91.69999694824219,91.20999908447266,91.69999694824219,54192
2026-07-20,89.99854278564453,90.80000305175781,91.69999694824219,90.7300033569336,91.69999694824219,73385
2026-07-21,90.19676971435547,91.0,91.41000366210938,90.61000061035156,91.30999755859375,70144
2026-07-22,89.87960052490234,90.68000030517578,91.0199966430664,90.01000213623047,91.0,78870
2026-07-23,89.14613342285156,89.94000244140625,90.80000305175781,89.80000305175781,90.80000305175781,111822
2026-07-24,90.62297821044922,91.43000030517578,91.43000030517578,89.80999755859375,90.2300033569336,65022
2026-07-27,90.60315704345703,91.41000366210938,91.69999694824219,91.25,91.48999786376953,64313
2026-07-28,91.01944732666016,91.83000183105469,92.0,91.43000030517578,91.5,50982
2026-07-29,90.94015502929688,91.75,92.19999694824219,91.66999816894531,91.91999816894531,43718
2026-07-30,91.23751068115234,92.05000305175781,92.19999694824219,91.5999984741211,91.79000091552734,50463
2026-07-31,92.08000183105469,92.9000015258789,92.98999786376953,92.05000305175781,92.05000305175781,101364
2026-08-03,91.0999984741211,91.0999984741211,92.29000091552734,90.80999755859375,92.0,139272
2026-08-04,91.41999816894531,91.41999816894531,91.54000091552734,90.69999694824219,91.19999694824219,64975
2026-08-05,91.11000061035156,91.11000061035156,91.5999984741211,90.98999786376953,91.41999816894531,47018
2026-08-06,91.12000274658203,91.12000274658203,91.5,90.8499984741211,91.1500015258789,47012
